"","mean","se_mean","sd","2.5%","25%","50%","75%","97.5%","n_eff","Rhat"
"stream_quality_raw[1]",-0.294781819941651,0.00704620666733323,0.325300941166662,-0.946727635291521,-0.511811403143411,-0.289018586263724,-0.0717473603115349,0.324094292903705,2131.37508903467,1.0007325191293
"stream_quality_raw[2]",0.205467970711932,0.00721743701534535,0.438832874146235,-0.678203981769447,-0.0872951959639889,0.213442467307514,0.504766511236048,1.04845491010865,3696.85403466721,1.00086521518726
"stream_quality_raw[3]",0.934372640628536,0.00751863756547927,0.286911183153813,0.38164189665292,0.740732230269405,0.929248692505872,1.12513792662938,1.49572907960027,1456.1853325791,1.00069615772693
"stream_quality_raw[4]",-0.447505784313103,0.00725889653931597,0.433017181343548,-1.30856784492094,-0.738854880959716,-0.444812583068477,-0.150828702948044,0.38533278624693,3558.51699663106,1.00041935456257
"stream_quality_raw[5]",-0.165184300356194,0.00724190974310352,0.316390532288214,-0.789345245463189,-0.37680296614506,-0.162004886938739,0.0495111141736762,0.44362501849008,1908.71348847059,1.00178553712489
"stream_quality_raw[6]",-1.05452335080455,0.00759927776676813,0.477731907180058,-1.99263010769822,-1.36890928214006,-1.04919421326113,-0.738473340371538,-0.113598725652564,3952.0629952754,1.00031927375916
"stream_quality_raw[7]",-0.27623860272112,0.00736287861296124,0.460942595853588,-1.23907380016833,-0.57926124977629,-0.257844979018152,0.0420713601386249,0.566827750706508,3919.20883380638,1.0007303228629
"stream_quality_raw[8]",0.234244375168742,0.0078451477670423,0.451178903464589,-0.646190569742421,-0.0718467823944612,0.232053056386814,0.535054285784739,1.11700358843361,3307.46542197755,1.00100711172775
"stream_quality_raw[9]",-0.348689345425841,0.00836110348367258,0.459968960234182,-1.27381209170901,-0.657997014433584,-0.336070329080794,-0.0412114702408658,0.537523665061758,3026.42456692993,1.00061334154726
"stream_quality_raw[10]",-0.45599009666568,0.00672389892504056,0.448421942270967,-1.35311716863897,-0.749266842198318,-0.453211440478748,-0.152160289451403,0.413031306725482,4447.65772322741,1.00011343778467
"stream_quality_raw[11]",-0.678720197676983,0.00736664803898839,0.46735570835793,-1.64500779338236,-0.980780916203635,-0.677341532885036,-0.357695668932266,0.206705008144203,4024.90154752819,1.00072005041039
"stream_quality_raw[12]",0.780963454775508,0.00681195918878653,0.434950738674454,-0.0781622470402656,0.489352340244572,0.775866451968152,1.0645186517072,1.65153900239251,4076.95643450288,1.00000249040741
"stream_quality_raw[13]",0.258143955468275,0.00759518789657974,0.462278507948765,-0.669222388277896,-0.0517547102174458,0.260017553248333,0.573470773946181,1.1486652490515,3704.506500142,1.00009675472986
"stream_quality_raw[14]",-0.629895572402859,0.00705111559372365,0.450068375244652,-1.5161798766646,-0.930423481904852,-0.62702294810333,-0.328340795632598,0.244139813360242,4074.19044982794,0.999981276372733
"stream_quality_raw[15]",0.426907956236104,0.00781587668847888,0.456009784287557,-0.45722758510234,0.11962776537409,0.419998964578563,0.736962636131862,1.33049937395435,3404.02643828433,1.00142184311086
"stream_quality_raw[16]",-2.03963714694344,0.00879071361079661,0.533508492782525,-3.09430618753403,-2.39981065292482,-2.03534053443788,-1.67333979385335,-1.02375230208223,3683.27725630658,1.00076265834015
"stream_quality_raw[17]",-0.904931267427478,0.00745766693020006,0.478752247996257,-1.84778463829655,-1.2245260550523,-0.90096919349671,-0.58611651120146,0.0184003638663788,4121.12403578961,1.00023763892285
"stream_quality_raw[18]",0.39809339403097,0.00789227264811412,0.420922394208055,-0.439029155862415,0.124520483351198,0.399831654089723,0.684870187438622,1.21714834706302,2844.46047781933,1.0007168441914
"stream_quality_raw[19]",0.426679741531813,0.00707836214398271,0.281019805698136,-0.121861503782212,0.23813367460479,0.423772978513137,0.614443715173047,0.985763523568618,1576.1890342695,1.00081188853528
"stream_quality_raw[20]",-0.377880178482308,0.0074936618817369,0.424278047016545,-1.21237858315177,-0.659955507556889,-0.383971554313363,-0.101448502666009,0.463470770675742,3205.62661357026,1.00006260087269
"stream_quality_raw[21]",-1.16721127790171,0.00789576930854286,0.455233073979338,-2.07460375804047,-1.4735973655252,-1.15754359549504,-0.86230840545147,-0.272616572283188,3324.13545476761,0.999996853129476
"stream_quality_raw[22]",1.15479175526974,0.00783971501083975,0.301194342679873,0.571980662361905,0.95268511626621,1.14812209470553,1.3540629491996,1.75507181236322,1476.02281182232,1.00063024894948
"stream_quality_raw[23]",-0.431138099542053,0.00719047217877479,0.441518585428735,-1.30980925968186,-0.71951694737773,-0.426430004455272,-0.133535516592888,0.418328107059382,3770.36294681704,0.999963152749458
"stream_quality_raw[24]",-0.599571144187612,0.00730223481639266,0.438269785809128,-1.45408891690611,-0.892514737866277,-0.601356182279826,-0.307763999016925,0.274945913131101,3602.23029539868,1.00017199874631
"stream_quality_raw[25]",1.08242873606173,0.00774911517274556,0.295351738212113,0.516594130658154,0.886596239053092,1.08023584104447,1.27801436359559,1.66333913517283,1452.69630134294,1.00049804039065
"stream_quality_raw[26]",1.19854850647828,0.00808961709499833,0.31917068353332,0.570914707117804,0.980807876295076,1.19585808578963,1.41073318404782,1.83334324624468,1556.64670253887,1.0009233884812
"stream_quality_raw[27]",-0.658742174191401,0.0074834470052295,0.374413066021434,-1.42028455001289,-0.902564595149828,-0.647605932472117,-0.404881000130008,0.0638707227510512,2503.21767748809,1.00075186219637
"stream_quality_raw[28]",-0.361179566810883,0.00714467036466357,0.383149180925138,-1.12892700436088,-0.61445507301168,-0.354861965645166,-0.101098068299483,0.374403382134335,2875.88430109593,1.0005706777373
"stream_quality_raw[29]",1.14860581542134,0.00800754885930837,0.316355018574239,0.539640662438405,0.934023461886975,1.14669187310955,1.36002074883573,1.76534976781073,1560.81080274003,1.00072260479875
"stream_quality_raw[30]",1.14047082235199,0.0080153895223659,0.316183880130478,0.531589921620045,0.925645268334995,1.13513535561557,1.35205137839152,1.76225225299208,1556.07377816416,1.00087354371245
"stream_quality_raw[31]",1.62982664716039,0.00904359904057561,0.34798408438928,0.95844815304166,1.39797406573242,1.62493436173806,1.86105044040516,2.32000746874472,1480.59461086066,1.00079291140188
"stream_quality_raw[32]",-0.26888362104922,0.00706313499216497,0.329791200001816,-0.921024075020341,-0.488701983828853,-0.267109769132297,-0.0437610098701288,0.369363450776379,2180.13362161179,1.0012164139807
"beta_conduct",-0.80640690059185,0.00319169987751204,0.126875015597446,-1.07875526148851,-0.885073146495833,-0.796835319150218,-0.715896251719802,-0.585038639011886,1580.1856858421,1.00091299576521
"beta_depth",0.559623369144326,0.0024174356755784,0.135331034434743,0.310971020098626,0.467713885781114,0.551983759878749,0.645074855831054,0.847660189910867,3133.89866206593,1.00027298880552
"beta_do",0.139909900299797,0.00199058467342547,0.159251464370381,-0.168998538819633,0.0340177001491803,0.138714447708874,0.242764558738957,0.461962793797088,6400.37702011746,1.00015919752029
"beta_thermal",-0.604364420275449,0.00246872888743608,0.137877993887915,-0.899812244204191,-0.689466904581623,-0.597111201989414,-0.509190031246104,-0.356921746683615,3119.19922211227,1.00042514535864
"beta_canopy",0.671034375700023,0.00252135217040123,0.138374350607138,0.417368631053694,0.575430352569162,0.664006499277757,0.758559276215718,0.963396602847975,3011.92512496624,1.00025276415501
"beta_q",0.44923299081223,0.00248277926127494,0.158638572373674,0.155505361559583,0.339455438375226,0.443064954968926,0.549920838251537,0.786233406086539,4082.64264526464,1.00005634416056
"a_conduct",0.0223721830801383,0.0133783065315291,0.514391820663555,-0.916590142622454,-0.333430528851787,0.000795468719838715,0.345727194242213,1.09972400178512,1478.37913129527,1.00270139859684
"a_depth",-0.0227844395314561,0.00966043158232291,0.38380798187036,-0.845451337249545,-0.25701065627484,-0.00383990874161553,0.226561121860704,0.681998644860008,1578.46496345122,1.00194216077654
"a_do",0.0531176345257691,0.00335694356639049,0.22091778236662,-0.391944153599351,-0.0830033618962929,0.0547280675534657,0.193134794055656,0.490960443247495,4330.85126797106,1.00019044532901
"a_thermal",0.084105633212733,0.010313506708311,0.41115837140906,-0.689176007552143,-0.188905421097937,0.0684755552571563,0.336159689109833,0.956932661512479,1589.29882939512,1.00248813262784
"a_canopy",-0.0639418551367415,0.0112925674637114,0.447437091253471,-1.01848257684314,-0.332047984728992,-0.0470206492364943,0.233988266747231,0.773568490567853,1569.92381829936,1.00276018386263
"a_q",0.0242292260314628,0.00788091011709993,0.33884844799116,-0.680265625504779,-0.181747140635339,0.0366406553470562,0.238548005788368,0.667528372319623,1848.66514447367,1.0024451900015
"sigma_conduct",0.414163702724018,0.00169261879152403,0.0908042141544339,0.258545642586435,0.349757567588131,0.406031466462376,0.469438576322067,0.614776208527684,2878.0192357073,1.00036370473396
"sigma_depth",0.712988892145961,0.00115741011934324,0.097552495068865,0.551251887114568,0.643200373408387,0.703076141883756,0.773525522018445,0.928437915333531,7103.98790120839,1.00048045293769
"sigma_do",0.988579057597306,0.00133193112278865,0.127693105464591,0.776647313930517,0.896969669811696,0.973577624373447,1.06455404153607,1.27616650858305,9191.18195863219,0.999911285413013
"sigma_thermal",0.711360332176651,0.00118554321530118,0.100361751798794,0.544732734590233,0.640580442668865,0.701039315960374,0.7722409711038,0.93669593539389,7166.41060172722,1.00012610021122
"sigma_canopy",0.69105556030515,0.00136499302795553,0.104625971987493,0.511216611446771,0.617763229042945,0.682959814645121,0.755764720453683,0.920290546814386,5875.13898727515,1.00003301975273
"sigma_q",0.912729113985682,0.00136369721665867,0.121020841907602,0.711932299453499,0.825814977812336,0.900577621513796,0.98402730851874,1.1757009924964,7875.61416731127,1.00028806833002
"beta_burned",-0.301309678062109,0.00726763203823249,0.305553601386148,-0.897688230298888,-0.504002777910526,-0.300468307202275,-0.094861455249593,0.290438205612623,1767.62018473149,1.0012918851709
"beta_wet",1.04220922025814,0.00695914997896499,0.34079584499481,0.383950506470268,0.810972084975545,1.03765680041204,1.2648042395419,1.7324086465877,2398.14914940691,1.00160363989173
"alpha_sq",-0.491374267262766,0.017905804049585,0.710726193122505,-1.82433947187076,-0.969562999502381,-0.507760930324868,-0.0346330201987181,0.937621840348177,1575.49484834688,1.00225242749962
"beta_trout_presence",2.37044807340896,0.0141551753664666,0.901225511587462,0.977480792760365,1.71974842075489,2.24838792444541,2.88013521958891,4.46731636743964,4053.55850789511,1.00020458465653
"alpha_trout_presence",-0.444036965171903,0.0329510242586466,1.39890652162012,-3.26467604189431,-1.34891840336318,-0.412037477096802,0.501484335115246,2.25860146548858,1802.35174740781,1.00221521426235
"beta_trout_abundance",2.42209816376457,0.00960219320363019,0.457985580894733,1.67210446856684,2.09670304654103,2.37017930966549,2.70188986352511,3.4472190670223,2274.90219562512,1.00108726977047
"alpha_trout_abundance",0.488975857992573,0.0369610010670878,1.48429253297706,-2.53341335442686,-0.489577307241238,0.529186484393013,1.51804962210594,3.26047830678284,1612.69245709729,1.00220161475754
"conduct_hat[1]",-0.181422386963905,0.0019114082589357,0.186456038115126,-0.525725555800707,-0.307134724216396,-0.188495211727713,-0.0623595475575943,0.201082615850914,9515.81494034274,0.999579515466533
"conduct_hat[2]",-0.583303785163052,0.00351315100303657,0.30940895278588,-1.16659716329265,-0.793974506448374,-0.593952515933244,-0.375390227940144,0.0408911551212967,7756.6128888938,1.00006202693936
"conduct_hat[3]",-1.15762577979937,0.00156614039582454,0.139227015047527,-1.43056434632497,-1.24657883971446,-1.15865512910456,-1.06777795066752,-0.878544758461081,7902.88461750251,0.999865630715983
"conduct_hat[4]",0.177382733631022,0.00264083291879302,0.279770122046998,-0.364718242944141,-0.0078306468624467,0.173257760496111,0.36415011982002,0.734445797786836,11223.3062760611,0.999943353161185
"conduct_hat[5]",-0.285642485662287,0.00202699338327134,0.178740617622162,-0.616331298551336,-0.40708880446976,-0.294861149968646,-0.169555156822175,0.0826786185429305,7775.74207639683,1.00020097152496
"conduct_hat[6]",1.48845083051565,0.00393947115706209,0.325268922879199,0.814548162882313,1.27311123941799,1.49953814464494,1.71254763696058,2.10591018393678,6817.25113341681,0.99995587712983
"conduct_hat[7]",0.860379191132354,0.00340502124870862,0.302034588897797,0.305229581717604,0.651336745906732,0.851099051980999,1.06112380471561,1.46657259510458,7868.16953851829,1.00035792122294
"conduct_hat[8]",0.221701317032603,0.00265656526926839,0.284907038707894,-0.339597263269441,0.0333406744251338,0.220081860870197,0.408886534054344,0.792033922238713,11501.7884731898,0.999788666641831
"conduct_hat[9]",0.681669255639752,0.00292909023535057,0.293880602435126,0.116277980430385,0.481049839234335,0.672603958702811,0.872408803288066,1.28451166955029,10066.4500022144,0.999650205181955
"conduct_hat[10]",1.00727238382386,0.00272052357124304,0.297162210528008,0.418856322697332,0.80886684051922,1.00337625282148,1.20529459630681,1.59791805624558,11931.1463931715,0.999945792892725
"conduct_hat[11]",1.18159320102313,0.00301169488927419,0.306735335560307,0.607044792482603,0.973100614674177,1.17352927081727,1.38210370283015,1.79573042243645,10373.0309628936,0.999933943641042
"conduct_hat[12]",0.0238273459305137,0.00268197976847274,0.283664015323679,-0.527720116806382,-0.165154117182784,0.0195239449650133,0.212252936747407,0.589239558649322,11186.5842399611,0.99962704228524
"conduct_hat[13]",0.435977337692546,0.00396569225099643,0.314681780006365,-0.145995723502099,0.220591525693947,0.422541954716705,0.639648126518809,1.1016424431533,6296.58657141763,0.999927312229333
"conduct_hat[14]",1.14924169267675,0.00309685638666424,0.301864114418189,0.547681807522829,0.950176882733746,1.15285342223714,1.34884633477498,1.73357628996329,9501.25212373366,1.00000159971508
"conduct_hat[15]",0.0689453430647875,0.00260853704879695,0.286367292117158,-0.497724030027695,-0.120922803215985,0.0713501294855521,0.258984398365607,0.626220456398154,12051.8247279448,0.99996558036467
"conduct_hat[16]",2.27183987103423,0.00520649934599529,0.380917820860247,1.49802028685105,2.01948052266916,2.28872593690687,2.53998610992415,2.97105211741559,5352.67587506426,0.999939755878109
"conduct_hat[17]",1.36761839235334,0.0038912582403585,0.330701542752761,0.685409889351836,1.15195496143277,1.37756738751243,1.59271947686598,1.99573784331653,7222.57957049406,0.999814836448731
"conduct_hat[18]",0.0915878259357085,0.00322328008117042,0.249109480722629,-0.346906737892975,-0.0814431255338812,0.0726856990462704,0.247995796498108,0.625177045027213,5972.88872714952,0.99991990459909
"conduct_hat[19]",-0.754106957937778,0.00150153371700125,0.136308405127847,-1.023402812146,-0.843263079084752,-0.75560084142848,-0.66640777318907,-0.477365124477405,8240.90855947467,0.999679528985661
"conduct_hat[20]",-0.112675535420161,0.00300833838625324,0.287896305215137,-0.690522713974173,-0.298572691707402,-0.109135548596928,0.0799249917862345,0.444526411653018,9158.38321842227,0.999726868821156
"conduct_hat[21]",0.516922689786704,0.00391191110259831,0.313162881949671,-0.116071472161943,0.31567574831529,0.521773183712079,0.728759042536449,1.11498006767382,6408.59177787988,0.999942288658285
"conduct_hat[22]",-1.33286664426753,0.00182946433544504,0.153785249825848,-1.63961557321643,-1.4320596792639,-1.33575800873428,-1.23301983802157,-1.02069442814705,7066.12750678661,0.999976489798741
"conduct_hat[23]",0.162838122146278,0.00271244729057651,0.288904496592979,-0.396269067137276,-0.026037095129806,0.157185230275366,0.347423391891888,0.744564007387306,11344.5164102311,0.999820696316817
"conduct_hat[24]",0.0652952886703326,0.00328653235554292,0.297790603575953,-0.535131885750996,-0.130506089703427,0.0651775012231058,0.264551274766227,0.648790526039418,8210.05668318886,1.00018830012866
"conduct_hat[25]",-1.27544760166406,0.00169803254848555,0.147915180760381,-1.57170587212453,-1.37124877759775,-1.27768677849009,-1.18033255158615,-0.976450975694889,7588.1075159705,0.999798792055425
"conduct_hat[26]",-1.12817644152038,0.00158886240079575,0.137785510529459,-1.39754005759955,-1.21770391536471,-1.12864274130104,-1.04013550658291,-0.850704196595337,7520.28887978712,0.999951580857709
"conduct_hat[27]",0.10943842021245,0.00238211463244662,0.234237259469437,-0.316430716934122,-0.0570059644951255,0.100985927329385,0.262059771237401,0.593814822808752,9669.11315823256,0.999616738440784
"conduct_hat[28]",0.113321072435493,0.00251713453483807,0.234413328405266,-0.320958778805684,-0.0467673154212312,0.106358618469285,0.267183868648473,0.589504249813253,8672.64853109936,1.00008034748307
"conduct_hat[29]",-1.08835074781389,0.00152188380429129,0.134394442892214,-1.35425547751841,-1.17455551465129,-1.08882584711655,-1.00294801442583,-0.820413708206718,7798.29449706338,0.999803831036936
"conduct_hat[30]",-1.08216397959435,0.00155993242657251,0.135529608945209,-1.34608428639215,-1.16948165067983,-1.08406015007108,-0.994270454920764,-0.807502085217048,7548.43289597329,0.999751830722297
"conduct_hat[31]",-1.47091822239191,0.00202816490700001,0.169481509478563,-1.80932922505378,-1.57962613203682,-1.47165294450321,-1.3613142884337,-1.1320469648707,6982.93692023481,1.00007580469992
"conduct_hat[32]",-0.201406609350224,0.00215433765678011,0.194026461344157,-0.552785005629723,-0.336928263021505,-0.210028581349283,-0.0750023447167997,0.203628328090793,8111.37314599933,0.999851028757652
"depth_hat[1]",0.11925956701218,0.00182876825190308,0.177767401892207,-0.239657955018817,0.00521989925604794,0.121208806890021,0.23537315580811,0.468468781651625,9449.02293470706,1.00000003279976
"depth_hat[2]",0.39533677746364,0.00279790455707913,0.255315200490837,-0.0927347423395769,0.225666808208711,0.389878402596636,0.558613282010413,0.920520514250174,8326.98059044205,1.00001886042992
"depth_hat[3]",0.798063111527841,0.00239509465163807,0.216959348839587,0.374484812125988,0.656973138996756,0.796322233877968,0.941840480325152,1.22328178141307,8205.6195188408,1.00017640166097
"depth_hat[4]",-0.131258270971563,0.00236403987860333,0.230236211949694,-0.599423436416776,-0.284307193100527,-0.127968963579914,0.0229871226696757,0.312562752403452,9485.00722150325,0.999873408460662
"depth_hat[5]",0.189374264194816,0.00185260938247906,0.171258383309015,-0.151791377231205,0.077090026741191,0.187368254301333,0.304741922343569,0.525046923412992,8545.47014996349,1.00041772581761
"depth_hat[6]",-1.03804468666828,0.00335523867246666,0.31203089157582,-1.66910572315566,-1.2431495176452,-1.02417191370091,-0.825676708328935,-0.455194651491073,8648.65048347006,1.00009198033886
"depth_hat[7]",-0.608985975479379,0.00317929330838823,0.277791933411215,-1.20271703518307,-0.784513157956457,-0.588884243616449,-0.415887852918958,-0.112277378282106,7634.45551636408,0.999793387640978
"depth_hat[8]",-0.16135564464012,0.00224239213730819,0.232906336518877,-0.630250024658009,-0.311276797189531,-0.157133671707847,-0.00939198813483695,0.294207492893131,10787.9639020824,1.00003870936001
"depth_hat[9]",-0.482976305459609,0.00273936322296009,0.253881660721681,-1.0102577943252,-0.641954324628142,-0.474361614910494,-0.30567660896778,-0.0156444791497767,8589.4116958771,0.999892224114161
"depth_hat[10]",-0.708920775381173,0.0027746750342062,0.275915682031344,-1.28957134158886,-0.886076430502628,-0.695257867161889,-0.514217725710868,-0.206283118351494,9888.45671268253,0.999706219770897
"depth_hat[11]",-0.82840027252162,0.00310103191720551,0.290331525754495,-1.44461934901492,-1.01269551185968,-0.811355944343228,-0.627772397227754,-0.297029737679712,8765.4843847286,1.00002198828383
"depth_hat[12]",-0.024462684105842,0.00237910179774617,0.232943663668918,-0.501347126149333,-0.169570352147756,-0.0234686603763789,0.125668252918803,0.430270800469493,9586.84604200642,0.999826502610829
"depth_hat[13]",-0.311644917604669,0.00320470064496793,0.259519005018556,-0.861228163763135,-0.475059388486932,-0.294367033650003,-0.134442334260096,0.161921918782349,6557.87900317565,0.999910835774128
"depth_hat[14]",-0.80081577946994,0.00263389425082715,0.271956207951246,-1.36008896990441,-0.975306676577447,-0.794069121553421,-0.612144962456832,-0.304392793072018,10661.0820348812,0.999812338251359
"depth_hat[15]",-0.0560011022791971,0.00234396500968418,0.233436240641814,-0.518769409623444,-0.207388655219377,-0.0522960521505854,0.0945855381234177,0.402056800560667,9918.23313431327,0.999958022131753
"depth_hat[16]",-1.57856690143326,0.00421445008820327,0.389821465424964,-2.37746680709203,-1.83759645980667,-1.56391776499665,-1.31330781154168,-0.852849260004589,8555.5842011145,0.999997007782634
"depth_hat[17]",-0.957459940112896,0.00347698006454619,0.314513134263733,-1.5971596658235,-1.1666413911945,-0.940832958339684,-0.74256879577373,-0.369883939257446,8182.25804636007,0.99992572896963
"depth_hat[18]",-0.074241292482482,0.00259859788099048,0.211511964998315,-0.525983721642528,-0.207815698642894,-0.06298002639666,0.0683342008770964,0.310530162221656,6625.08904764232,0.999883371808487
"depth_hat[19]",0.516620140491278,0.00195059785316343,0.178877351731755,0.172852743997479,0.398663490619513,0.516614042878812,0.633113448299901,0.875568032380288,8409.59787204264,1.00009253843246
"depth_hat[20]",0.0763487193316679,0.00261530163615045,0.238341795322642,-0.378639329063786,-0.0804338999786642,0.068142305669239,0.22388237154092,0.572417562818398,8305.32901615299,1.00017225190326
"depth_hat[21]",-0.361220458353823,0.00297657032844118,0.253145411596106,-0.867975910427451,-0.524529316737763,-0.357626485213114,-0.19607889562325,0.140028116558574,7232.82276992287,0.999788408506462
"depth_hat[22]",0.920012284504412,0.00264792991626496,0.239294636057929,0.449547870792668,0.764917172642598,0.918529202777861,1.07558927997365,1.39305247923589,8166.8194588741,1.00005602412499
"depth_hat[23]",-0.116084879223001,0.0022901161383816,0.232724125401799,-0.587720523667201,-0.265798429107774,-0.115055430450126,0.0382353630348213,0.327965839013453,10326.8483460887,0.99977361667073
"depth_hat[24]",-0.0469618216414057,0.00271067051416901,0.242373279764412,-0.516408562724272,-0.207330041712867,-0.0498272090238891,0.106623800400689,0.443613980102513,7994.95486035375,1.00017967949669
"depth_hat[25]",0.880260272509831,0.00256956324212924,0.232714774167387,0.426333063891364,0.729064584995466,0.879246571728931,1.03452385680826,1.33909403480297,8202.17988396288,1.00017085263003
"depth_hat[26]",0.777739739503491,0.00236374868065937,0.214122906177604,0.359912018327904,0.637235973315496,0.775156204312052,0.917293852219528,1.20078535427895,8205.85161644038,1.00018249870963
"depth_hat[27]",-0.0827994009395311,0.00215335465523716,0.20176064976188,-0.492364576055934,-0.21025366361723,-0.0808220344244221,0.0540452315409734,0.299824737319694,8778.93449709295,0.999884673473861
"depth_hat[28]",-0.0827762109357132,0.00210573002747174,0.198986577765444,-0.487957029781122,-0.215205314251648,-0.0790017547942932,0.0515589918671813,0.294437239127411,8929.80932311831,1.00019262647271
"depth_hat[29]",0.750075215616008,0.00232075120126121,0.209776212558219,0.338618983914519,0.615490076611924,0.744700450289594,0.887696502000449,1.17065147167462,8170.62563642364,1.00021449921743
"depth_hat[30]",0.745283327311409,0.0022939438451927,0.207541217573155,0.334858112976636,0.610165584238526,0.743308131219885,0.883641628279956,1.15084360110299,8185.46123010165,1.00015627712732
"depth_hat[31]",1.01630476039802,0.00289047413419127,0.259485286031792,0.507681267289598,0.845039585458869,1.01169963245704,1.18664357540925,1.53222071331225,8059.1139819534,1.00008090415298
"depth_hat[32]",0.132917058598575,0.00197294487002488,0.181829628203703,-0.230111121786213,0.0132836497980139,0.13283509132729,0.25314277481675,0.493731120447993,8493.74858137456,1.00024777265596
"do_hat[1]",0.0865866547249028,0.00188567547624829,0.187806462927028,-0.278779252807041,-0.0347341339103266,0.0853448229745732,0.205564718375913,0.461356382340795,9919.44013847287,0.999913030330874
"do_hat[2]",0.155363642368753,0.00246072048275187,0.227903908882868,-0.270747554492501,0.00417938121257684,0.146551350591495,0.298177846155116,0.63404496794,8577.86050708728,1.00001150249526
"do_hat[3]",0.257790317172765,0.00349115377508092,0.293776558693151,-0.302535732193747,0.0617781533977239,0.25469822520449,0.448439345346411,0.854794987856417,7081.02815352981,1.00004431718797
"do_hat[4]",0.0246503799396127,0.00191674676703162,0.194781473497209,-0.364444111024602,-0.0982075229345638,0.0271063950407373,0.152817039559832,0.403360560170018,10326.8011624856,0.999990511605468
"do_hat[5]",0.105282406047866,0.00190103364977687,0.192436542734607,-0.269881408425625,-0.0194564571462604,0.105286375908187,0.22903277338867,0.494918466063865,10246.9704355629,1.00000139116803
"do_hat[6]",-0.198023568508658,0.00376121930576583,0.339888114834375,-0.872921216201151,-0.41359988784983,-0.196515003356924,0.0240916351243784,0.469206501096245,8166.09905770062,1.00009326810127
"do_hat[7]",-0.0930865038536261,0.00268481644226702,0.252393576108642,-0.613597085334552,-0.25412146808766,-0.0854181370194178,0.0717673297885989,0.388330053325958,8837.45868530784,0.999924968646446
"do_hat[8]",0.0176647563516727,0.00191968679187531,0.197342600545448,-0.377109362452559,-0.107552034658053,0.0213115801609098,0.14913557725174,0.391550298017738,10567.7113017104,1.00008115249677
"do_hat[9]",-0.0664350990347145,0.0023605866463997,0.232100758106974,-0.533219785187825,-0.214141461992677,-0.0593355570029945,0.0911640266168904,0.369153146616722,9667.47874504078,1.00018561894264
"do_hat[10]",-0.118755041212053,0.00287493770356386,0.270431811034562,-0.660197248657726,-0.293838465436851,-0.11406675553994,0.0624718020938436,0.403380385352007,8848.27631032804,1.00006009830587
"do_hat[11]",-0.151483922094191,0.00325578600165325,0.297584595313296,-0.752809981823331,-0.340192922450228,-0.144990503824491,0.0442476237930517,0.428748484854476,8354.28311113183,0.999905038846299
"do_hat[12]",0.0456440504644788,0.0019135157590683,0.191517147929797,-0.335076896300835,-0.0793320238380049,0.0483314522249091,0.167249526088316,0.422211973153068,10017.3130171489,0.999910627613371
"do_hat[13]",-0.0318255872504871,0.00228822820836636,0.215969219949445,-0.482179868545036,-0.167780749178609,-0.0245214980688627,0.11283828099931,0.377547620680933,8908.09929170097,1.00004986295299
"do_hat[14]",-0.143980051359761,0.00310752794357031,0.291042995445051,-0.72560528763051,-0.329016365505526,-0.137924054134539,0.0478064956147342,0.418462402512714,8771.70904630741,0.999940438114794
"do_hat[15]",0.0455292641845793,0.00192848348253031,0.193003876497219,-0.336328601643035,-0.0782707672267584,0.0483027047103609,0.170938055024172,0.431172372964731,10016.136094581,0.999936637009441
"do_hat[16]",-0.335845554206629,0.00538473647269884,0.474975153909327,-1.26871527472207,-0.650814201952687,-0.334200354810924,-0.0236654501574567,0.592205154602057,7780.59619489287,1.00004628234609
"do_hat[17]",-0.172778385480218,0.00340249606525522,0.317858462369684,-0.794198174590091,-0.380461185306226,-0.172237699399729,0.0329081421234772,0.458184713853228,8727.14703574031,1.00002323125995
"do_hat[18]",0.0357268050617322,0.00187976648572054,0.190255823900592,-0.347520206726008,-0.0881857131845224,0.0372507487865969,0.161506221322275,0.406040636762986,10243.9656834593,0.999941023632624
"do_hat[19]",0.187911423302788,0.00275251547003586,0.236335101144672,-0.268810197593181,0.0314105681015258,0.184801218021185,0.342251081630034,0.670126639914466,7372.19681504792,0.999978400074097
"do_hat[20]",0.0730447232899457,0.00196627203030567,0.195162402407967,-0.308726174049471,-0.0519434827203826,0.071883550802848,0.197629214695959,0.457584792429354,9851.5622979807,0.999978976536817
"do_hat[21]",-0.0329143744226845,0.00219509596566302,0.215864641794073,-0.472821036016438,-0.170549088697881,-0.0265194640766181,0.111111850978755,0.376787685700147,9670.65744650489,0.999942966643758
"do_hat[22]",0.288545183490021,0.00385423756991253,0.322092790720846,-0.326080087647212,0.0729660318245754,0.287661981048067,0.496137459973317,0.944475307885839,6983.69151924694,1.0000314308546
"do_hat[23]",0.0179895433219965,0.00195199522530738,0.196440825436624,-0.37447871285286,-0.10751061926732,0.0225898825989085,0.146335866231076,0.394119337410055,10127.587373677,0.999914623374829
"do_hat[24]",0.048749643191955,0.00186583492578764,0.19447894251712,-0.339600693275916,-0.0775344258480406,0.0474904124141333,0.173989511051883,0.440565863585666,10864.2245242821,0.99988612721661
"do_hat[25]",0.278519383089464,0.00371936407959471,0.3127861622319,-0.318658341052259,0.0688094058237722,0.277798337977537,0.479643433198821,0.919001549310198,7072.25119933053,1.00002877612336
"do_hat[26]",0.252625402084822,0.00342310246773084,0.289403117495795,-0.301714272006224,0.0591550144457525,0.24948712919196,0.439639298913212,0.837406543734949,7147.70485240276,1.00005125699274
"do_hat[27]",0.0384847751553812,0.00180136748989506,0.188311209379741,-0.338453720159932,-0.0829467236892313,0.0400727414737959,0.161939172196828,0.411056328554818,10928.1765821872,0.99983868005114
"do_hat[28]",0.0367264386004811,0.00181340694595251,0.187213531168171,-0.333817742181864,-0.0859470669344743,0.0392396674121213,0.160592963224797,0.400788542166759,10658.2013382149,0.99995200256716
"do_hat[29]",0.246088238720828,0.00336775477653199,0.283475782882411,-0.296704755266466,0.0581686414826628,0.244615505319215,0.428067562643653,0.814454654598477,7085.18191132854,1.00004069647116
"do_hat[30]",0.244747666610394,0.00333662039304315,0.282164625736738,-0.292899417356603,0.0557482033824583,0.243067700488016,0.426348569926465,0.81734630070189,7151.40762498742,1.00000610726516
"do_hat[31]",0.312648872774186,0.00413635958014848,0.345404835485976,-0.34800336605301,0.0831334349089874,0.309390306724562,0.53468567585785,1.01934398836178,6973.00947128377,1.00001683325726
"do_hat[32]",0.0912210839422999,0.00189491681327202,0.189656998623147,-0.278670320723742,-0.0330682564948721,0.0901368749898907,0.210715969177512,0.472586973786135,10017.4561129296,0.999872477652787
"thermal_hat[1]",-0.0697042588616604,0.0019043685882297,0.182676386336678,-0.419549585615537,-0.190992093690073,-0.0718024902617008,0.0492331256568507,0.298325147657461,9201.58844957048,0.999811285668506
"thermal_hat[2]",-0.367700790123862,0.00285744054951645,0.267554886443635,-0.905131191688867,-0.544991061324855,-0.363030406034484,-0.184863027554894,0.136248464433584,8767.41102517546,1.0001771628488
"thermal_hat[3]",-0.80305484320174,0.00231465875047223,0.216709445337315,-1.23011256557297,-0.948274439811132,-0.806208277371715,-0.659053566921081,-0.374436764168676,8765.60178005562,0.999655377721877
"thermal_hat[4]",0.199254113815925,0.0023894061506111,0.243449016823544,-0.269806896479753,0.0356682684202502,0.194926218648348,0.35728507920199,0.693217092471653,10380.9260042397,0.999958163635631
"thermal_hat[5]",-0.147359874216807,0.00195992910478466,0.179132122050775,-0.495933899745826,-0.266611431104386,-0.147125311998966,-0.0299274550656464,0.207623612420074,8353.45653145011,1.00045506703984
"thermal_hat[6]",1.17709365870856,0.00324026777173462,0.312396949023672,0.582674428988527,0.961551600496352,1.17196617581308,1.38297949429248,1.80844988056657,9295.05074348124,0.999819249494366
"thermal_hat[7]",0.715736645025951,0.0032882462226173,0.28579647294784,0.202812808167623,0.514927474788774,0.700901794027014,0.89786461486862,1.31445906981518,7554.14070496578,0.99991841123726
"thermal_hat[8]",0.229235971776441,0.00237252075452234,0.24645824195415,-0.263252505771641,0.0674626542756557,0.224971926365264,0.385322259070917,0.721097052645041,10791.1232273412,0.999799231362983
"thermal_hat[9]",0.580383044826841,0.0029624866909835,0.270931184543797,0.0870323947102346,0.394165716333389,0.56304398795473,0.753674310643391,1.14864923895502,8363.82959076486,0.999894132748343
"thermal_hat[10]",0.82156991452501,0.00272248240635742,0.282541758319645,0.30994163509712,0.628230895985538,0.808923665831528,1.00323113276843,1.40723714114801,10770.4816054335,0.999915583788064
"thermal_hat[11]",0.956042762969521,0.0034041853040218,0.308637309351646,0.408854781217197,0.740055046252671,0.941402754466898,1.15044695432522,1.60601147471258,8219.97436957321,0.999953382842736
"thermal_hat[12]",0.0813820087298882,0.00241191155294422,0.241735671356585,-0.39747188872107,-0.0756251089293453,0.07969679858377,0.239913317787683,0.553641859564088,10045.2032094223,0.999626310564623
"thermal_hat[13]",0.398887347072483,0.00344508182934573,0.276025576066992,-0.101368198654864,0.20942876882023,0.38429866036527,0.573130711003386,0.992031994970226,6419.47579928111,0.999980805378712
"thermal_hat[14]",0.927181801331965,0.00296983253241002,0.29052713536397,0.391146789727297,0.729692091704117,0.916470432757617,1.11643187853566,1.51533426406345,9569.94591138357,0.999796228384365
"thermal_hat[15]",0.112027744785681,0.0023609058520089,0.244736361976103,-0.37608433413684,-0.0491794114661137,0.113637669998933,0.271683312712553,0.591975732560835,10745.8224982236,1.00024883356584
"thermal_hat[16]",1.76265455570305,0.00408524064049623,0.393144448303111,1.0253959877077,1.48391758566397,1.75665798360612,2.02179817135315,2.57445744315251,9261.23719184399,0.999691715139271
"thermal_hat[17]",1.08366214568173,0.00297882262626244,0.301584241983878,0.516867821143951,0.875651362934444,1.07217915390448,1.27578610528563,1.70953884468297,10250.0976590164,0.999799860873316
"thermal_hat[18]",0.138892158269153,0.00278561042361296,0.222122578147625,-0.269493048976479,-0.0127444280567618,0.128936768209196,0.280251044634258,0.604678095596359,6358.353267747,1.00004641926144
"thermal_hat[19]",-0.500166026262057,0.00187521406106279,0.18275042948968,-0.857622460715724,-0.621835958238982,-0.498164334552735,-0.379651999966437,-0.139563450395744,9497.62702875072,0.999722878581919
"thermal_hat[20]",-0.0186630234373583,0.00283011692401923,0.248271135247076,-0.517590192953441,-0.178559798064755,-0.0127495026785712,0.143994402236289,0.458277301096731,7695.6215718335,0.999681848664366
"thermal_hat[21]",0.449252452521047,0.00318077453355633,0.265638657945873,-0.0732015888051207,0.271613676723732,0.447301287230635,0.623400939002238,0.978581378747546,6974.55950101369,0.999786080415615
"thermal_hat[22]",-0.934909341416809,0.00261643711875782,0.239499145589682,-1.40529260785077,-1.0971280985455,-0.940041847362344,-0.777611774678378,-0.464948230684651,8378.90629146547,0.999650694735054
"thermal_hat[23]",0.192013228731411,0.00248221313818235,0.247208178564936,-0.283440566890218,0.0258031521128227,0.184632988549271,0.353833646550231,0.691776210644697,9918.53498466812,0.999720679818706
"thermal_hat[24]",0.110389682941185,0.00281157544610156,0.250960991330599,-0.400476000944821,-0.0493401927196975,0.11395610997182,0.278843897606431,0.598322424863668,7967.33280648818,0.999849802901237
"thermal_hat[25]",-0.89175201582304,0.00250646804167171,0.232004321599724,-1.33825387969705,-1.04660525556567,-0.893333015176737,-0.737877896005758,-0.433110031905766,8567.77013314977,0.999613782030343
"thermal_hat[26]",-0.781184451406716,0.00228764397125555,0.214328200128774,-1.19836395250332,-0.925428854239219,-0.783846480723066,-0.639672816242783,-0.358275572625641,8777.72079531487,0.999639483336004
"thermal_hat[27]",0.147383144318867,0.00222698715943154,0.210585086384052,-0.254377822306728,0.00462880403959629,0.143546655685149,0.284844515779916,0.572986073374626,8941.69385808476,0.999706553146997
"thermal_hat[28]",0.148928166503569,0.00233051248355421,0.211083924029812,-0.24816499734632,0.0051598449569877,0.144059327856882,0.28542062686242,0.583545423482788,8203.65618744816,0.999987115865043
"thermal_hat[29]",-0.751294832794668,0.00222203910041399,0.210032765613359,-1.15779570682755,-0.888557642148878,-0.754706681610187,-0.612507612059899,-0.332712552471806,8934.50936530657,0.999596206529667
"thermal_hat[30]",-0.746482009635156,0.0022086945765405,0.208588630674585,-1.14900248416672,-0.887731419096323,-0.749736662487833,-0.609412941489867,-0.333543325172155,8918.8721130577,0.999614436580376
"thermal_hat[31]",-1.03863103513306,0.00286923075160846,0.259023109019819,-1.54790350761271,-1.21349002574885,-1.03936895462853,-0.866378478218177,-0.537804810887025,8149.7834666707,0.999636026200831
"thermal_hat[32]",-0.0829893196446465,0.00199796280859193,0.1875362609243,-0.450903777760977,-0.209577403753467,-0.0830515652811142,0.042353807279007,0.289658858994481,8810.40162373675,1.00011289128186
"canopy_hat[1]",0.107572679941674,0.00200981054832995,0.192079112798099,-0.281854752989126,-0.0176208644776351,0.109858323010983,0.238583688246655,0.473176694675307,9133.76933369211,1.00001449030291
"canopy_hat[2]",0.440483385582383,0.0031152465546829,0.290592468269069,-0.115944555270062,0.24088502239599,0.435252820325801,0.631159520905829,1.02930599438605,8701.294320937,1.00012338769037
"canopy_hat[3]",0.920222625438837,0.00228002710039465,0.212093802142903,0.499049586109692,0.7794495068461,0.923550805056949,1.06423037155904,1.31701929904461,8653.18397192268,0.999774565756952
"canopy_hat[4]",-0.191206382773565,0.00256945018400637,0.258882241761092,-0.714520649102525,-0.359936969653196,-0.190000156403962,-0.0190123550554407,0.310157646859627,10151.357373576,0.999929631468829
"canopy_hat[5]",0.193037419511128,0.00199380652213153,0.187684968364347,-0.181691612106665,0.0707563238590462,0.192826744423531,0.319624849734737,0.56030933597975,8861.20855943502,1.00034562930461
"canopy_hat[6]",-1.27978521185109,0.00313351516661199,0.32456173114259,-1.93917056804855,-1.4924860435327,-1.26934302522468,-1.05901384808954,-0.657411058091129,10728.3027354602,0.999950931721269
"canopy_hat[7]",-0.771182460704183,0.00389016148192535,0.31632903932233,-1.44190766538272,-0.975274779315494,-0.75758913555475,-0.546164502307385,-0.201032442791241,6612.152570009,1.00014019698118
"canopy_hat[8]",-0.229805773730674,0.00244867481094229,0.264763839605358,-0.757091498700813,-0.401953173930833,-0.225355261708219,-0.0552387214726731,0.280473074539909,11691.0929584338,0.999605943737594
"canopy_hat[9]",-0.619370297942662,0.00330175750297819,0.294351687093734,-1.23957930386644,-0.806678581526004,-0.601744364198984,-0.415968575906248,-0.0832361293844018,7947.72280798315,0.999715895718196
"canopy_hat[10]",-0.887527369860107,0.00298449762236343,0.301749069061015,-1.51747079052806,-1.08100834689426,-0.873198158074098,-0.680759986818236,-0.328663328134507,10222.3183836796,1.00007315382439
"canopy_hat[11]",-1.03760186696019,0.00386399740029949,0.335256603891593,-1.74704104202365,-1.24168307089953,-1.02216348546797,-0.808104124800643,-0.427035449188978,7528.02463458305,0.999827028974538
"canopy_hat[12]",-0.0670035970308405,0.0025286588353716,0.261882944047415,-0.598311132409203,-0.234829043828201,-0.0658502388549703,0.10386469132461,0.441222507182351,10725.9051422786,0.999657193985753
"canopy_hat[13]",-0.41707869436144,0.0039620725516798,0.300209019010149,-1.04858040954644,-0.606845194647584,-0.395956843534988,-0.208377986121801,0.12407533544511,5741.19929665932,0.999732094118548
"canopy_hat[14]",-1.00000832212276,0.00287590490954565,0.299851483879398,-1.60945786168765,-1.19979767063445,-0.989215722555048,-0.792548402947541,-0.444269010230445,10870.8464235854,1.00007203678065
"canopy_hat[15]",-0.10091094408764,0.00244705072668851,0.264581835008069,-0.61843889940637,-0.272161171868308,-0.104322058973202,0.0735759626588371,0.421753078009247,11690.5273928664,0.999727273321341
"canopy_hat[16]",-1.92910723260602,0.00426248639939981,0.392564624130564,-2.7233162452112,-2.18477985899982,-1.92121653689659,-1.66307435041383,-1.17169258898448,8481.96173389603,0.999964676239556
"canopy_hat[17]",-1.18381723768723,0.00351442406733535,0.337071812756544,-1.85718877638758,-1.41070325202273,-1.17654813834038,-0.94892551135045,-0.548871907718469,9198.91370060195,0.999807912746756
"canopy_hat[18]",-0.126343686668041,0.00298175848274147,0.238513383109333,-0.622404162834806,-0.277486376901096,-0.114506897089823,0.0388085155742241,0.314697953664952,6398.53541735352,1.00003111199894
"canopy_hat[19]",0.584525061600985,0.00193895409223294,0.184846544755237,0.219477367912157,0.461424699262558,0.585412155038072,0.708700980560969,0.946605906120303,9088.40392685023,0.999849317858652
"canopy_hat[20]",0.0562848618747013,0.00310069489915124,0.271364634622797,-0.460467487850724,-0.122621448816706,0.0482658815194629,0.22601851655244,0.613536910061054,7659.2884641501,0.999993079960137
"canopy_hat[21]",-0.464496188113989,0.00320577214627541,0.277818767692724,-1.01271419100258,-0.64432652967856,-0.463051607471858,-0.286072646222808,0.091988494242331,7510.30991882184,1.00008430735985
"canopy_hat[22]",1.0661030870063,0.00249651739631189,0.23249302644002,0.604083513034418,0.911567870157187,1.07119050984506,1.22012287011734,1.51057062102607,8672.62700335583,0.999830719714
"canopy_hat[23]",-0.183140005146192,0.00253694269481669,0.267803877890632,-0.721135847757227,-0.356392521634577,-0.178663558530076,-0.00671743100246837,0.326581234463751,11143.263704187,0.999728192143186
"canopy_hat[24]",-0.0894757260287248,0.00303510125967336,0.272647396635912,-0.606493707582499,-0.271409712189192,-0.0950419364601242,0.0829240556182226,0.486367453408827,8069.68050514462,1.00019484954789
"canopy_hat[25]",1.01823665726669,0.00241761542458762,0.22484925980003,0.5787289996066,0.868386968427871,1.0223745032233,1.17035766564596,1.4494834059827,8649.84825673591,0.999808696656872
"canopy_hat[26]",0.895604715077882,0.002224802586166,0.209153140573334,0.480256451653299,0.757879999736573,0.898246398402721,1.03584831638632,1.29653680067341,8837.83357242212,0.999815681683682
"canopy_hat[27]",-0.13384186793473,0.00233896761305872,0.22400895482196,-0.582195686213705,-0.277702823026447,-0.126583192003876,0.0196137304145711,0.284162872695772,9172.38642331047,0.999828014968067
"canopy_hat[28]",-0.133811204004099,0.00239922101200367,0.221349655676376,-0.579345349856869,-0.277287606229172,-0.127587353398844,0.0143374526584681,0.288538081992313,8511.71726140787,0.999938527396304
"canopy_hat[29]",0.862712394638939,0.00220190348766262,0.205951765395835,0.456737889987824,0.726864629110497,0.867247833562224,0.999487048160518,1.25068108321025,8748.51779141711,0.99990821664921
"canopy_hat[30]",0.85732170599155,0.00216339738900584,0.204248004081295,0.44868558448817,0.720289559468198,0.859977761993993,0.994526780668789,1.25219113703919,8913.39268633344,0.99979139055777
"canopy_hat[31]",1.18095972067835,0.00273365506286863,0.250645892761448,0.686521437350287,1.0150653275927,1.18589428505045,1.34891763635633,1.66505487402463,8406.85888220822,0.999803071513096
"canopy_hat[32]",0.124581530842061,0.00222291481288271,0.197399446869979,-0.263901639916337,-0.00403335810801128,0.124177869178794,0.25552162627192,0.512293941034924,7885.80843943567,1.00005618217681
"q_hat[1]",0.137949374399265,0.00186294687262705,0.194151539084283,-0.2375808537642,0.0087670949285999,0.136217026991698,0.266161098882914,0.526392224408762,10861.2731401329,0.999832217047422
"q_hat[2]",0.358482870858539,0.0026804466968279,0.254139624231658,-0.116448383305764,0.190467047047613,0.350572522282964,0.520677359152869,0.876124866887397,8989.39401171871,1.00011402331398
"q_hat[3]",0.682760916994931,0.00285830555714047,0.269750294403105,0.15310319063451,0.504902426728799,0.6838480696777,0.86115461317143,1.21736212844635,8906.48923553251,0.999681591900596
"q_hat[4]",-0.0630487323975806,0.00220150399065684,0.229994963219658,-0.537582757757627,-0.214156322110759,-0.0565899339513134,0.0894945512917801,0.374984747259134,10914.345474044,1.00022866938487
"q_hat[5]",0.195563610419022,0.00192236536064264,0.195600376387971,-0.185150481687055,0.0630039684250516,0.190633521554884,0.325670687453269,0.581263540525456,10353.0308420543,1.00014092361868
"q_hat[6]",-0.789541575383607,0.00385497959044163,0.350831116695638,-1.49822743378166,-1.01429906929012,-0.779433439946652,-0.549286911230714,-0.142190139621188,8282.32075010717,0.999720329089621
"q_hat[7]",-0.442922573282747,0.00303257228153156,0.28411976672672,-1.04581843512837,-0.621286833752245,-0.423854521726449,-0.246452085159853,0.0591621842807362,8777.69682699749,0.999914689426472
"q_hat[8]",-0.0814710977290407,0.0020956716046776,0.229234949440146,-0.548454306569404,-0.230784633839562,-0.0785791528679419,0.0714567711701219,0.357498886295129,11965.0689302551,0.999631711073247
"q_hat[9]",-0.340067340610007,0.00254452164399641,0.25557558750018,-0.881140861610289,-0.499859568131396,-0.326670567798291,-0.16346748603366,0.123873586910009,10088.4962481467,1.00000024924858
"q_hat[10]",-0.518216248189185,0.00283023972236448,0.280721595951122,-1.11670070606942,-0.697911996612557,-0.506565081002778,-0.3252869005405,-0.00118828106960713,9837.96344541546,0.999936341505786
"q_hat[11]",-0.619538574145137,0.00329627816001917,0.314394356084094,-1.29281265781513,-0.815383130435686,-0.598011550160525,-0.405316898632016,-0.0593589082430058,9097.07502145635,0.999825531711136
"q_hat[12]",0.0299477859436461,0.00223045841314687,0.228591661103772,-0.424613534871965,-0.119503491040967,0.0297858583944293,0.180711484210093,0.476185683574991,10503.4629192769,0.999734982421963
"q_hat[13]",-0.201216927176542,0.00269848728443345,0.250020793646204,-0.722265349845289,-0.359657642655456,-0.189729822333371,-0.0304699201270504,0.264839201062328,8584.4308564417,0.999926984301313
"q_hat[14]",-0.597483664949107,0.00324301284705036,0.299754665715189,-1.22075449687818,-0.791779353382191,-0.586025277940888,-0.387095936789279,-0.0476934288722446,8543.4752394198,0.999814820848047
"q_hat[15]",0.0026386993224817,0.00214939128178188,0.229659221158968,-0.458189098391689,-0.146620265306783,0.0038297640753181,0.155351957874506,0.452447905538848,11416.6006386351,0.999985036762878
"q_hat[16]",-1.22938553922929,0.00554684906761759,0.480720296201762,-2.21594388576368,-1.54748096076214,-1.21345042484678,-0.90108752987181,-0.33404023308821,7510.90415085009,0.999662394455239
"q_hat[17]",-0.716223823114985,0.00353964961743013,0.327373720901929,-1.40242096116833,-0.928829600779267,-0.702479578571894,-0.489119552215509,-0.107909070252495,8553.95735281576,0.999662491337097
"q_hat[18]",-0.0144841964686164,0.0023766269784864,0.216253062254138,-0.446759074838229,-0.152317348600171,-0.00989044169126535,0.131428723369254,0.397502661534078,8279.46904066678,0.999982318819655
"q_hat[19]",0.45773768504157,0.0022275426454962,0.220773854853071,0.0228377464694617,0.31036301868678,0.457652052677779,0.603290122212896,0.896788520927032,9822.97926129906,0.9997721467777
"q_hat[20]",0.0980049138172997,0.00240855136639272,0.228541298868354,-0.349929253345419,-0.0546117638072787,0.0985881231315306,0.248955108013541,0.555508511589005,9003.62828705636,0.999763266862241
"q_hat[21]",-0.25151627397566,0.00283640713636025,0.2545344737967,-0.773369135457247,-0.414924449714236,-0.244344420844644,-0.0806769855125001,0.2342543995932,8052.97003394247,0.999968003368894
"q_hat[22]",0.780447363446029,0.00316907830346105,0.295702351298616,0.201105349315484,0.586309252500669,0.783137799159798,0.972955869042993,1.35991437085967,8706.50022283603,0.999690695920466
"q_hat[23]",-0.0501483971300667,0.0022148908854969,0.231378765229296,-0.528270314423052,-0.196997911913564,-0.0443375916392852,0.100161119634901,0.390621347001747,10912.9540416113,0.999639817515016
"q_hat[24]",0.000528101292118127,0.00244246275353064,0.235138541476314,-0.464639897819838,-0.151565856839273,0.00132899487967363,0.153984173386065,0.470781253079412,9268.12197434363,0.999877591740055
"q_hat[25]",0.748518340385531,0.00307009079415378,0.287178669396681,0.183952008632407,0.558305296797564,0.749880008154958,0.939656854706037,1.31178042059809,8749.87641643958,0.99967133576095
"q_hat[26]",0.666520613316267,0.0027982798326267,0.265696428843042,0.142427400912273,0.49222470651156,0.666551397671476,0.843128866847387,1.19262190437054,9015.48612702111,0.999662465853356
"q_hat[27]",-0.0215274695498695,0.00204682228686941,0.210714009115085,-0.444445994695273,-0.159519425466199,-0.0212110902353671,0.121631764607637,0.378733589789081,10598.0642026068,0.999726783658135
"q_hat[28]",-0.0226080797373536,0.00211770165184385,0.208120738858378,-0.443160428308232,-0.156666107359237,-0.0195624521006628,0.116689066936893,0.380672482949017,9658.31059178049,0.999864198595781
"q_hat[29]",0.64398384782626,0.00272052289236824,0.259890495285543,0.129628646786699,0.472032076819049,0.644721843699101,0.813424412012736,1.15720941925336,9125.90669446223,0.999642054431283
"q_hat[30]",0.640697397645897,0.00272313390738566,0.258974144382615,0.130202254043656,0.473608447261552,0.64043492698461,0.809520149872471,1.15202755708285,9044.29705467033,0.999662723053693
"q_hat[31]",0.857340055186414,0.00344048869844055,0.317676372196305,0.236144726922443,0.650434528353446,0.861762231016489,1.06513774463886,1.49007102691982,8525.69040303943,0.999683028599373
"q_hat[32]",0.149784635026402,0.00193063949203196,0.19849732793964,-0.238986689610392,0.0156360861218188,0.14773341740156,0.279739223264517,0.541633209368955,10570.7781558226,0.999909538807276
"stream_quality_hat[1]",0.550834952995373,0.0176907107903516,0.685310567498869,-0.677812674502129,0.0851293635006893,0.507728890674295,0.985829348562168,1.97036714415748,1500.66686059371,1.00268705965724
"stream_quality_hat[2]",0.550834952995373,0.0176907107903516,0.685310567498869,-0.677812674502129,0.0851293635006893,0.507728890674295,0.985829348562168,1.97036714415748,1500.66686059371,1.00268705965724
"stream_quality_hat[3]",0.550834952995373,0.0176907107903516,0.685310567498869,-0.677812674502129,0.0851293635006893,0.507728890674295,0.985829348562168,1.97036714415748,1500.66686059371,1.00268705965724
"stream_quality_hat[4]",0.249525274933264,0.0178126293882703,0.700216159226655,-1.03262874463844,-0.228416606897612,0.220089416586682,0.68817638296782,1.72753292941436,1545.28359439373,1.00260098492551
"stream_quality_hat[5]",0.550834952995373,0.0176907107903516,0.685310567498869,-0.677812674502129,0.0851293635006893,0.507728890674295,0.985829348562168,1.97036714415748,1500.66686059371,1.00268705965724
"stream_quality_hat[6]",-0.792683945324875,0.0178210419539409,0.712736428339493,-2.13783115700711,-1.26700458383154,-0.810432569784307,-0.32643978805014,0.658997556273512,1599.52756051666,1.00212976096344
"stream_quality_hat[7]",-0.792683945324875,0.0178210419539409,0.712736428339493,-2.13783115700711,-1.26700458383154,-0.810432569784307,-0.32643978805014,0.658997556273512,1599.52756051666,1.00212976096344
"stream_quality_hat[8]",-0.491374267262766,0.017905804049585,0.710726193122505,-1.82433947187076,-0.969562999502381,-0.507760930324868,-0.0346330201987181,0.937621840348177,1575.49484834688,1.00225242749962
"stream_quality_hat[9]",-0.491374267262766,0.017905804049585,0.710726193122505,-1.82433947187076,-0.969562999502381,-0.507760930324868,-0.0346330201987181,0.937621840348177,1575.49484834688,1.00225242749962
"stream_quality_hat[10]",-0.792683945324875,0.0178210419539409,0.712736428339493,-2.13783115700711,-1.26700458383154,-0.810432569784307,-0.32643978805014,0.658997556273512,1599.52756051666,1.00212976096344
"stream_quality_hat[11]",-0.792683945324875,0.0178210419539409,0.712736428339493,-2.13783115700711,-1.26700458383154,-0.810432569784307,-0.32643978805014,0.658997556273512,1599.52756051666,1.00212976096344
"stream_quality_hat[12]",-0.792683945324875,0.0178210419539409,0.712736428339493,-2.13783115700711,-1.26700458383154,-0.810432569784307,-0.32643978805014,0.658997556273512,1599.52756051666,1.00212976096344
"stream_quality_hat[13]",-0.792683945324875,0.0178210419539409,0.712736428339493,-2.13783115700711,-1.26700458383154,-0.810432569784307,-0.32643978805014,0.658997556273512,1599.52756051666,1.00212976096344
"stream_quality_hat[14]",-0.792683945324875,0.0178210419539409,0.712736428339493,-2.13783115700711,-1.26700458383154,-0.810432569784307,-0.32643978805014,0.658997556273512,1599.52756051666,1.00212976096344
"stream_quality_hat[15]",-0.491374267262766,0.017905804049585,0.710726193122505,-1.82433947187076,-0.969562999502381,-0.507760930324868,-0.0346330201987181,0.937621840348177,1575.49484834688,1.00225242749962
"stream_quality_hat[16]",-0.792683945324875,0.0178210419539409,0.712736428339493,-2.13783115700711,-1.26700458383154,-0.810432569784307,-0.32643978805014,0.658997556273512,1599.52756051666,1.00212976096344
"stream_quality_hat[17]",-0.792683945324875,0.0178210419539409,0.712736428339493,-2.13783115700711,-1.26700458383154,-0.810432569784307,-0.32643978805014,0.658997556273512,1599.52756051666,1.00212976096344
"stream_quality_hat[18]",-0.491374267262766,0.017905804049585,0.710726193122505,-1.82433947187076,-0.969562999502381,-0.507760930324868,-0.0346330201987181,0.937621840348177,1575.49484834688,1.00225242749962
"stream_quality_hat[19]",0.550834952995373,0.0176907107903516,0.685310567498869,-0.677812674502129,0.0851293635006893,0.507728890674295,0.985829348562168,1.97036714415748,1500.66686059371,1.00268705965724
"stream_quality_hat[20]",0.550834952995373,0.0176907107903516,0.685310567498869,-0.677812674502129,0.0851293635006893,0.507728890674295,0.985829348562168,1.97036714415748,1500.66686059371,1.00268705965724
"stream_quality_hat[21]",0.550834952995373,0.0176907107903516,0.685310567498869,-0.677812674502129,0.0851293635006893,0.507728890674295,0.985829348562168,1.97036714415748,1500.66686059371,1.00268705965724
"stream_quality_hat[22]",0.550834952995373,0.0176907107903516,0.685310567498869,-0.677812674502129,0.0851293635006893,0.507728890674295,0.985829348562168,1.97036714415748,1500.66686059371,1.00268705965724
"stream_quality_hat[23]",0.249525274933264,0.0178126293882703,0.700216159226655,-1.03262874463844,-0.228416606897612,0.220089416586682,0.68817638296782,1.72753292941436,1545.28359439373,1.00260098492551
"stream_quality_hat[24]",0.550834952995373,0.0176907107903516,0.685310567498869,-0.677812674502129,0.0851293635006893,0.507728890674295,0.985829348562168,1.97036714415748,1500.66686059371,1.00268705965724
"stream_quality_hat[25]",0.550834952995373,0.0176907107903516,0.685310567498869,-0.677812674502129,0.0851293635006893,0.507728890674295,0.985829348562168,1.97036714415748,1500.66686059371,1.00268705965724
"stream_quality_hat[26]",0.249525274933264,0.0178126293882703,0.700216159226655,-1.03262874463844,-0.228416606897612,0.220089416586682,0.68817638296782,1.72753292941436,1545.28359439373,1.00260098492551
"stream_quality_hat[27]",0.550834952995373,0.0176907107903516,0.685310567498869,-0.677812674502129,0.0851293635006893,0.507728890674295,0.985829348562168,1.97036714415748,1500.66686059371,1.00268705965724
"stream_quality_hat[28]",0.249525274933264,0.0178126293882703,0.700216159226655,-1.03262874463844,-0.228416606897612,0.220089416586682,0.68817638296782,1.72753292941436,1545.28359439373,1.00260098492551
"stream_quality_hat[29]",0.249525274933264,0.0178126293882703,0.700216159226655,-1.03262874463844,-0.228416606897612,0.220089416586682,0.68817638296782,1.72753292941436,1545.28359439373,1.00260098492551
"stream_quality_hat[30]",0.249525274933264,0.0178126293882703,0.700216159226655,-1.03262874463844,-0.228416606897612,0.220089416586682,0.68817638296782,1.72753292941436,1545.28359439373,1.00260098492551
"stream_quality_hat[31]",0.249525274933264,0.0178126293882703,0.700216159226655,-1.03262874463844,-0.228416606897612,0.220089416586682,0.68817638296782,1.72753292941436,1545.28359439373,1.00260098492551
"stream_quality_hat[32]",0.550834952995373,0.0176907107903516,0.685310567498869,-0.677812674502129,0.0851293635006893,0.507728890674295,0.985829348562168,1.97036714415748,1500.66686059371,1.00268705965724
"stream_quality[1]",0.256053133053722,0.0163380121961782,0.658810014700392,-0.978743483817173,-0.189074375579518,0.242171798547404,0.678856829642799,1.58048412062532,1626.00528499833,1.00261331934406
"stream_quality[2]",0.756302923707305,0.0172897348759644,0.745115767489909,-0.639312985464892,0.253286199511299,0.723750894050824,1.22223422044607,2.29814047687638,1857.25202169207,1.0026861384413
"stream_quality[3]",1.48520759362391,0.0171487602886452,0.667571643233362,0.29994541401384,1.02383102622591,1.4442110818371,1.90869412199015,2.89296850420022,1515.41053458259,1.00306600730299
"stream_quality[4]",-0.197980509379839,0.0169107603113293,0.72822324948943,-1.5350553890084,-0.696736262508224,-0.221175169884244,0.268730095477626,1.31392047334375,1854.39741181063,1.00158694492199
"stream_quality[5]",0.385650652639179,0.0161580609300102,0.653557874681066,-0.847419180378647,-0.0537761711849974,0.371456117445381,0.806902800263487,1.71693315988828,1636.0238128944,1.00227880803804
"stream_quality[6]",-1.84720729612943,0.0185942653377332,0.778499346444019,-3.36207252423298,-2.36166474016351,-1.85497937901076,-1.33113899327961,-0.297150130785349,1752.90531006137,1.00261989680463
"stream_quality[7]",-1.06892254804599,0.0185073554635291,0.769915964495377,-2.57257144310542,-1.5796850259227,-1.08278200591804,-0.563763277606685,0.440411794554402,1730.60485294865,1.00246311206471
"stream_quality[8]",-0.257129892094024,0.0174766857594181,0.743681980517956,-1.69063381993464,-0.750976663366912,-0.278843537008413,0.218028917883227,1.26343842628497,1810.74111281509,1.00269136297139
"stream_quality[9]",-0.840063612688607,0.0177025348216554,0.752371961708127,-2.30430409385818,-1.33967433948663,-0.850800911419987,-0.345907875825244,0.663000770574877,1806.31833560359,1.00207328690203
"stream_quality[10]",-1.24867404199056,0.0177261270876205,0.763600652288015,-2.78633195226558,-1.75378862749231,-1.23961442295678,-0.749305904807532,0.255947212292425,1855.68759302777,1.00187214915258
"stream_quality[11]",-1.47140414300186,0.0186454341395042,0.775384694905077,-2.98126015881823,-1.98639888360844,-1.47090157193049,-0.954619709291592,0.0467884512242617,1729.3760846283,1.00255107628747
"stream_quality[12]",-0.0117204905493668,0.0175406778238678,0.73562017682374,-1.40484754696462,-0.498278984517714,-0.0322912847882091,0.450331534238509,1.5168346710884,1758.79216319461,1.00231329799837
"stream_quality[13]",-0.534539989856599,0.0183174740462084,0.764559836236589,-2.04323507286551,-1.04671447801292,-0.530808337859249,-0.024037616159151,0.944648994438501,1742.17505154901,1.00239858842905
"stream_quality[14]",-1.42257951772773,0.0177787591274636,0.759566172255745,-2.89781286826755,-1.9256703324381,-1.42125915847014,-0.93530253572369,0.103895744970475,1825.27513589488,1.00231784426188
"stream_quality[15]",-0.0644663110266618,0.0173171987566359,0.737347713489134,-1.47911472592336,-0.560450496117915,-0.0804900132368663,0.408956868776262,1.43175398125133,1812.96488572736,1.00210031726762
"stream_quality[16]",-2.83232109226832,0.0198674718487964,0.840013181066693,-4.45929373009009,-3.39767949852896,-2.83866368951994,-2.26783754551996,-1.16760768000398,1787.6685058876,1.00277583475596
"stream_quality[17]",-1.69761521275235,0.01866585002199,0.790018051627917,-3.20390480612192,-2.23226947314695,-1.70463313480441,-1.18606794368953,-0.0971533554807942,1791.34190603099,1.00288202596942
"stream_quality[18]",-0.0932808732317962,0.0164943650396894,0.682331911224876,-1.45281511486027,-0.535079093817384,-0.0982471090215729,0.353907480354457,1.25773081929018,1711.27640367424,1.00249269354807
"stream_quality[19]",0.977514694527186,0.0164371737145063,0.649782983265853,-0.211990042177586,0.529776417112306,0.946927696186574,1.38828826415302,2.31409532122725,1562.72434349523,1.00281758817169
"stream_quality[20]",0.172954774513065,0.016941518995345,0.732106305754592,-1.17499107488034,-0.330095879186049,0.14053351984143,0.635210454308619,1.74620935409693,1867.42685894085,1.00251133048192
"stream_quality[21]",-0.616376324906337,0.0175880752834186,0.750113543781738,-2.02328206448628,-1.12090134682959,-0.64117680062707,-0.135926921322754,0.930199922746391,1818.93584800952,1.00188239672243
"stream_quality[22]",1.70562670826512,0.0174048681023662,0.679379092340106,0.501724787062606,1.22795625686338,1.66570024294902,2.13353793431706,3.13758544893718,1523.64181166278,1.00308122748745
"stream_quality[23]",-0.181612824608788,0.0170247269111401,0.732716462919867,-1.58718044913167,-0.671341253409022,-0.195575042922178,0.276025461129243,1.32986525306424,1852.30112525404,1.00242072279757
"stream_quality[24]",-0.0487361911922392,0.0173355379031665,0.74483311767511,-1.4322675938834,-0.543362935107616,-0.0797455961948347,0.412884422574968,1.55872855394449,1846.04937779379,1.00237134252335
"stream_quality[25]",1.63326368905711,0.0173203849549296,0.675218346091712,0.443133081029614,1.15977977687354,1.59504313778506,2.05463226246906,3.06125654762765,1519.75432223613,1.00293175981966
"stream_quality[26]",1.44807378141155,0.0170746244573287,0.665628153506819,0.256396925086547,0.982572224186643,1.41136365655757,1.86858479213959,2.84632234396106,1519.71113056338,1.00315714896853
"stream_quality[27]",-0.107907221196028,0.0165656882429871,0.682428585485904,-1.43173317001304,-0.558891656079958,-0.120395201611494,0.33738239474701,1.27792300706535,1697.05318279592,1.00262837019935
"stream_quality[28]",-0.111654291877619,0.0164393249775234,0.683516041679025,-1.41068803673472,-0.577200849515164,-0.127984328330384,0.334002499905216,1.27071232229022,1728.7391271609,1.00248878593034
"stream_quality[29]",1.3981310903546,0.0169954961017176,0.663110535856752,0.212283255048072,0.938521610675303,1.35932638992001,1.81372150829247,2.79469052283044,1522.31372890784,1.00296320551223
"stream_quality[30]",1.38999609728525,0.0169438110932222,0.66220299068762,0.198822616578367,0.928609907554975,1.3531385762679,1.80470366162023,2.79412780900893,1527.42563077712,1.00295620758378
"stream_quality[31]",1.87935192209365,0.0176968192312473,0.692533209573747,0.663535035888881,1.39411913246286,1.83821337825517,2.30922733276367,3.35004085045035,1531.40753344557,1.00295839422336
"stream_quality[32]",0.281951331946153,0.0161676534357641,0.659115205351483,-0.964470360795578,-0.15318800467602,0.267818053799152,0.710843355270461,1.60911566043735,1661.99104277065,1.00257152377089
"trout_presence_logit[1]",0.125212233685937,0.00810628476871387,0.744068960294546,-1.25762986177063,-0.361743515022894,0.0977122924693801,0.577323106402164,1.67530305378013,8425.24741719926,1.00001507573665
"trout_presence_logit[2]",1.19426823079055,0.0116793302957265,1.05779585285221,-0.764291514375817,0.499734974775967,1.14363202886232,1.84563963247746,3.4292965737966,8202.90796319598,1.00003243609478
"trout_presence_logit[3]",2.99298302565125,0.0188824853692346,1.35829974573045,0.906892770222122,2.02792880505088,2.79340701205931,3.74470913568703,6.15573318464022,5174.55401900131,0.999953535356566
"trout_presence_logit[4]",-0.989145427165817,0.0114680913333297,1.04460810345408,-3.32496674971609,-1.5601864095203,-0.890022547479197,-0.30042338715751,0.767590794040666,8297.06504759894,0.999644174183202
"trout_presence_logit[5]",0.431301201742763,0.00870450789487939,0.756624131247144,-0.8997262619593,-0.0780857341917201,0.374566981804344,0.8738770839177,2.10286131813775,7555.65169760355,0.999972593162782
"trout_presence_logit[6]",-4.85562404524261,0.0297315014608548,2.10248233085676,-9.7887259058306,-6.01571817928071,-4.53196356175506,-3.36331964679512,-1.7175744781913,5000.70258207362,1.0003042434905
"trout_presence_logit[7]",-2.99915383518994,0.0206535234875357,1.53186848854124,-6.6282912094801,-3.80946767341063,-2.76751067873608,-1.9290266664743,-0.734282522383561,5501.16484985229,1.00020295811782
"trout_presence_logit[8]",-1.11068871693894,0.0113178306881728,1.05289561029206,-3.49079867302997,-1.69412397136453,-1.0047689173373,-0.426964726251663,0.718097217382279,8654.54508437073,1.00011180741308
"trout_presence_logit[9]",-2.47105881587613,0.0176820269968185,1.36659133732681,-5.7430001046534,-3.1649957217179,-2.2660671837005,-1.50664600341117,-0.450788096055228,5973.28488700692,0.999812574785134
"trout_presence_logit[10]",-3.4313402030059,0.0217956265280832,1.64825775250355,-7.42333498666745,-4.26812820722636,-3.19253118450245,-2.28198478966058,-1.04090345546441,5718.88731175521,1.00002833108726
"trout_presence_logit[11]",-3.96026277181442,0.0253093590073165,1.82885682957664,-8.32067952156073,-4.93084500565683,-3.67059982943569,-2.6818464047046,-1.25668991176572,5221.52214778087,1.00023018699031
"trout_presence_logit[12]",-0.547368705983966,0.0110636792960915,0.995448942794401,-2.70507359226162,-1.11615715637239,-0.480578427574492,0.0964718858714962,1.22230121246947,8095.40951119415,1.00021340401894
"trout_presence_logit[13]",-1.75070096320029,0.0178011740625057,1.26401859245997,-4.69363221981598,-2.41606231830146,-1.56347939408388,-0.89111041081825,0.19992068552546,5042.07881976923,0.999845018434776
"trout_presence_logit[14]",-3.84533822805735,0.0240100558752177,1.74142692020352,-8.02260690576097,-4.75945290372186,-3.57480180674819,-2.63383513125969,-1.2521581081363,5260.46537233706,1.00012424421367
"trout_presence_logit[15]",-0.681463662583454,0.0108139051329944,1.03062652895118,-2.93140857320825,-1.27058290604894,-0.622613355647355,-0.00624447923396565,1.14620935398747,9083.17170245583,1.00011044430994
"trout_presence_logit[16]",-7.18708321868028,0.0429764467321457,2.95994954676903,-14.0967056148071,-8.77741239584279,-6.73116288859526,-5.10853143522289,-2.74288497807788,4743.59503733149,1.00035445351662
"trout_presence_logit[17]",-4.49882445015704,0.0275073073786232,2.00864401023812,-9.1988536338082,-5.56029431106814,-4.18015445758217,-3.08724731501669,-1.51547646309424,5332.24121168423,1.00016482551966
"trout_presence_logit[18]",-0.66022333441847,0.00967328032035705,0.846733290131484,-2.46363393852963,-1.17362942431284,-0.614244377580272,-0.10160828466278,0.906175810326372,7662.06307841894,0.999993905160573
"trout_presence_logit[19]",1.81192936999806,0.0137976212361659,1.01357356315771,0.217848761324371,1.09941904941773,1.67903491730039,2.35438856759696,4.19458117272257,5396.37487058791,0.999973816050498
"trout_presence_logit[20]",-0.146678238895523,0.010645126097013,0.968729143266773,-2.1801694820385,-0.716762381693359,-0.121200575132574,0.454423214072429,1.73119738276122,8281.38756742355,1.00027720825004
"trout_presence_logit[21]",-1.96227339386162,0.016050384734352,1.24162245238647,-4.82524590538709,-2.67471130916767,-1.83149154230637,-1.11188264437074,0.0659668665178673,5984.22922260805,1.00027106722193
"trout_presence_logit[22]",3.50809748673345,0.0215995336757415,1.53546154512264,1.15228228123106,2.42054606622322,3.28637999844483,4.35064118491645,7.15426479780994,5053.46355994051,0.999886017709756
"trout_presence_logit[23]",-0.941083043671433,0.0115800099250013,1.04859657220327,-3.20835449226478,-1.53990907995002,-0.856158764577003,-0.248780903423899,0.910705356942421,8199.71965260247,1.000043571541
"trout_presence_logit[24]",-0.659111642256309,0.0116792350333831,1.03482923699363,-2.89196864866984,-1.26500383031824,-0.596627258509475,0.0157234073678279,1.24043660180197,7850.7036544964,1.00030258169184
"trout_presence_logit[25]",3.33982573258607,0.020688005000625,1.47838874415716,1.05896514613564,2.29796857125601,3.12405397213909,4.1395542391791,6.85354291164342,5106.69675798739,0.999961556364064
"trout_presence_logit[26]",2.90709740752371,0.0186390456704218,1.33338638555813,0.850220075032095,1.97412466728131,2.72069234166873,3.64499393001996,6.02252193411121,5117.58056067922,0.999885585085085
"trout_presence_logit[27]",-0.705567616834258,0.00823485087422378,0.810795354738532,-2.40890939444167,-1.20249733216648,-0.676129513684759,-0.190322090673082,0.8422310149842,9694.1788062701,0.999891175099217
"trout_presence_logit[28]",-0.723792899681073,0.00865260169793627,0.820471885521065,-2.41882916605518,-1.20954124971211,-0.699840231144255,-0.20491945712786,0.886017677171922,8991.53798081851,1.00041042059158
"trout_presence_logit[29]",2.79129831689254,0.0181141647683639,1.29699229492886,0.78915124081031,1.87937115504254,2.59127369455729,3.49356996946625,5.84362139527137,5126.70306936692,0.999949121939506
"trout_presence_logit[30]",2.77110336018151,0.0179507488457249,1.28591063845651,0.78559178479708,1.87235431935465,2.59032189837102,3.47191228181027,5.76590892470346,5131.6430207,0.99993643882357
"trout_presence_logit[31]",3.91284823448498,0.0235174632709945,1.67780194445749,1.34545701578565,2.72660154539737,3.67062318943625,4.82805894538625,7.88276359869776,5089.79672455293,0.999896517927225
"trout_presence_logit[32]",0.191495589500138,0.00869685951413536,0.761936969544573,-1.21127075565527,-0.301143745624748,0.144767688049114,0.64955021101292,1.78515245840131,7675.61500393975,1.00021084550017
"trout_abundance_log[1]",1.09168066684314,0.00490070167191618,0.516513126750112,-0.048670543396742,0.779485089086262,1.13615104280869,1.45627233819845,1.98256741132858,11108.2640540707,1.00001275949893
"trout_abundance_log[2]",2.27461269575029,0.0110457830232128,0.959021948467783,0.271608195202439,1.66982820135081,2.32173831263983,2.92417623721131,4.06519241493908,7538.13789040645,1.000253329241
"trout_abundance_log[3]",3.99320335995213,0.00150706751697713,0.136612398821832,3.7195440674502,3.90168411390059,3.99506447657824,4.08553245422299,4.25745830916463,8217.02893266005,0.999795088230341
"trout_abundance_log[4]",-0.0151410944886987,0.0109591558605254,1.00000998693445,-2.1857814760863,-0.637820371118403,0.0584118792822688,0.682516411062993,1.7498328761382,8326.34625990648,0.999648339390736
"trout_abundance_log[5]",1.40417596996386,0.0044449193427815,0.457032017058264,0.408417644324568,1.11352880852579,1.44441652012897,1.72327550840209,2.20165861771697,10572.2027008289,0.99994309522201
"trout_abundance_log[6]",-3.96987478273456,0.019597623332566,1.49023669279922,-7.26765584862476,-4.86449590377868,-3.82889480922269,-2.92975478000292,-1.4094259932467,5782.34090429783,1.00067028287394
"trout_abundance_log[7]",-2.08951271293202,0.0162521856696647,1.27443147962876,-4.90424468216932,-2.85179533853234,-1.97846381900776,-1.1771109560035,0.0471512814780272,6149.06990669997,1.00033019681597
"trout_abundance_log[8]",-0.157794383542746,0.0119885105514579,1.05471016769791,-2.42342233016899,-0.7996833122171,-0.0853998417497139,0.559552133645392,1.72438715144538,7739.90813019696,1.00017259381224
"trout_abundance_log[9]",-1.54851463865222,0.0142945151993106,1.1960455444986,-4.19680581609687,-2.26870074978367,-1.43107201376366,-0.69977781996822,0.47112591538652,7000.94351316833,0.99967726526733
"trout_abundance_log[10]",-2.52998551242556,0.0159775055802705,1.31009158004865,-5.43595319918817,-3.31643063829451,-2.41605482342165,-1.61159623577132,-0.293860102497643,6723.3443494627,0.999909661768531
"trout_abundance_log[11]",-3.06049836093041,0.017168050034077,1.39177357042621,-6.19639571202442,-3.90794631705257,-2.93015894776149,-2.07681390584988,-0.731317016971478,6571.9648122464,1.00042919925648
"trout_abundance_log[12]",0.437114309065375,0.011127168302498,1.0038680370637,-1.69639931371619,-0.174529202631069,0.49398501642282,1.12369671019858,2.24191921840853,8139.24158710212,0.999867602390906
"trout_abundance_log[13]",-0.808066111156624,0.0159194430949887,1.1841767761317,-3.4353968363904,-1.49738200723407,-0.691712175781323,0.0157640929198263,1.15133765147932,5533.21234602536,1.00002293887863
"trout_abundance_log[14]",-2.95058663340955,0.017266630829984,1.34749352089528,-5.95856816653742,-3.74133990815221,-2.85070178407891,-2.03524132421702,-0.607288006305595,6090.29268106911,1.00025822031072
"trout_abundance_log[15]",0.302846281233661,0.0112020013871231,1.02326622421282,-1.82493207254051,-0.323344746803473,0.358342978561485,1.00388329922956,2.17523542443047,8344.22553905692,1.00023004837593
"trout_abundance_log[16]",-6.34118589025374,0.0261055112169053,1.88830155267872,-10.5055491842075,-7.51079147511305,-6.17329308217343,-5.01804417227659,-3.08116749681378,5232.12722607744,1.00053735804538
"trout_abundance_log[17]",-3.61394090878999,0.0196466507876027,1.49453917756,-6.82342232000061,-4.53823153110723,-3.4868186310492,-2.58419316326023,-0.989475894089518,5786.78779086806,1.00042902798685
"trout_abundance_log[18]",0.269046067921181,0.00846417889287329,0.743820594179322,-1.34559126331388,-0.180614783361585,0.344568495741057,0.797395231590954,1.49564049770694,7722.65670461033,0.999786702949398
"trout_abundance_log[19]",2.80452715376572,0.00249810606268532,0.236739864969303,2.30831687063365,2.64813194598393,2.81421171290744,2.9702075731814,3.24070885646765,8980.92447857156,0.999796492631014
"trout_abundance_log[20]",0.867352318761745,0.011916493021384,0.964526549922377,-1.14150850860932,0.275157366837295,0.903180426705725,1.49144218753496,2.72566257535395,6551.35973842885,1.00008297094406
"trout_abundance_log[21]",-1.02884765097413,0.0155131836070145,1.15723748807874,-3.43654212853239,-1.7301768880406,-0.959907696562403,-0.244214315151114,1.05271487812032,5564.71751139176,1.00016630395937
"trout_abundance_log[22]",4.5092083479758,0.00117561209058359,0.105518638731972,4.29641817615675,4.43780796470034,4.51131248245433,4.58152436795049,4.71151559376341,8056.200604009,1.00032730534366
"trout_abundance_log[23]",0.0218593675575078,0.0113128396954917,1.03610318165922,-2.21296818137373,-0.613422201694361,0.0932174223045801,0.732042155710498,1.8809982094949,8388.08356400992,1.00011926215631
"trout_abundance_log[24]",0.329303446696142,0.0130092661141635,1.04187766543765,-1.84058622527073,-0.322506250316979,0.369791316832036,1.03018524435015,2.27399434508922,6413.98383821822,1.0000259665495
"trout_abundance_log[25]",4.33972012961487,0.00132674534177287,0.114622039064311,4.10787032761758,4.26295448532416,4.34301658287887,4.41902730388498,4.55834728969325,7463.81931017632,1.00001069417881
"trout_abundance_log[26]",3.90586367438593,0.00157498867219059,0.140475087430582,3.6291937858415,3.81077502598235,3.9082720628198,4.00147358767559,4.17623044750385,7955.06537466235,0.999828480922547
"trout_abundance_log[27]",0.22271516050537,0.00679720170709959,0.712716249799482,-1.31067232099799,-0.216151683724864,0.279088264324889,0.723996980076678,1.46077467540809,10994.4372741213,0.999921467341975
"trout_abundance_log[28]",0.203162682033877,0.0085143190197775,0.760403128090571,-1.51030518035958,-0.25835267154054,0.282914351672938,0.747806440297436,1.45856080195699,7976.05155386125,1.00007225762498
"trout_abundance_log[29]",3.78938596218347,0.00168468570349078,0.148083899361771,3.48848112611104,3.69045234046925,3.79258922518921,3.89270724340371,4.06669553987656,7726.41271574887,1.00057927109928
"trout_abundance_log[30]",3.7699315933858,0.00166353141275742,0.148221687999664,3.46591796301563,3.67238198275871,3.77375507879534,3.87154004442222,4.04590387479912,7938.92131281469,0.999670099879531
"trout_abundance_log[31]",4.91506367072957,0.000966709994895894,0.0860366492771153,4.74447057743377,4.8593935876328,4.9154027371452,4.97296267032386,5.08130512222452,7920.90052082549,0.999928974703199
"trout_abundance_log[32]",1.16169502950749,0.00453990166588826,0.501218917569101,0.0946672814669903,0.846793292732322,1.19502908574129,1.51593965820001,2.03084718514955,12188.8298966286,0.999902933574877
"conduct_rep[1]",-0.181656998136281,0.00513659175936051,0.466582665413128,-1.09963622554101,-0.481429898601146,-0.187223136503444,0.114985489280236,0.751619155098211,8251.00970813033,0.999808679741677
"conduct_rep[2]",-0.581386837243999,0.00590839595817625,0.533797556892869,-1.59420786069934,-0.933433193628382,-0.592214776438161,-0.247979936991119,0.529959575711352,8162.32679755965,1.0003439651332
"conduct_rep[3]",-1.15978976317933,0.00498512908697637,0.450293460984402,-2.05282889683188,-1.44885947789499,-1.16198673581758,-0.870797595622839,-0.266365899425879,8159.02875014491,1.00004610429323
"conduct_rep[4]",0.172080883136036,0.00556153949357603,0.514536307093919,-0.819525016768459,-0.163520136519785,0.162706867874074,0.49606996062095,1.22665923993707,8559.37392173039,1.0001671567969
"conduct_rep[5]",-0.288279817372639,0.00519343490285111,0.460182174843672,-1.17105682993951,-0.589776048500731,-0.299377108167102,0.003024519630421,0.644949819977322,7851.45597570536,1.00013231648634
"conduct_rep[6]",1.4933894086124,0.00606940628463587,0.536151678928708,0.391817196211488,1.15756657777587,1.50662528989922,1.85520690843027,2.50410282133743,7803.38295248403,1.00000174273867
"conduct_rep[7]",0.855308358590692,0.00560827031910845,0.523133193489686,-0.15403900108064,0.512603511309788,0.84036872222643,1.18309352874319,1.93990741528399,8700.95009892527,1.00038954429473
"conduct_rep[8]",0.233480194804122,0.00537619353367617,0.508095202822585,-0.774404946950083,-0.0928840268757092,0.23401501003221,0.563354092557213,1.24304152670945,8931.82901690342,0.999851940123124
"conduct_rep[9]",0.681039837153143,0.00528831881475327,0.51417748349574,-0.310327247797388,0.344944639228311,0.664974056709281,1.00663742147773,1.72958871956266,9453.46128561341,0.999852159403223
"conduct_rep[10]",1.0139823872081,0.00548358891590476,0.519897422501832,0.00729195290756612,0.664327893412664,1.01432657206694,1.35003535961663,2.03676278751453,8988.87929920993,1.00015307276156
"conduct_rep[11]",1.17963717469392,0.0055706998594177,0.522547583135878,0.173888908954629,0.827810442869377,1.16993210244182,1.51247449317829,2.27008788480477,8798.97668296007,0.999744039188431
"conduct_rep[12]",0.0186504156848472,0.00528017015449302,0.506943039518415,-0.977778769089957,-0.313838680827248,0.0154506540928394,0.35179468126641,1.04539786672473,9217.69837576724,1.000098089175
"conduct_rep[13]",0.431480694824612,0.00602102850414326,0.526632401027623,-0.568017526787189,0.0746679443766747,0.415815103456578,0.7683701321616,1.5016871361154,7650.21753686883,0.999804855177354
"conduct_rep[14]",1.14996749893975,0.00551711287328811,0.527627425124045,0.0857482720824263,0.816802054435598,1.14824485506018,1.48970148674924,2.18580018164881,9145.99551893518,0.999720334893205
"conduct_rep[15]",0.0733510731765882,0.00536634347071414,0.513484337766077,-0.955076000540049,-0.264621367623638,0.0692650662521431,0.417568202363074,1.08027168387314,9155.824733209,0.999893619474245
"conduct_rep[16]",2.26943901157275,0.00654906493587524,0.569729032027285,1.07867406778886,1.90289805052041,2.29195679473867,2.65874955169875,3.32426901301035,7567.94745479836,0.999970045066366
"conduct_rep[17]",1.37235260100428,0.00626469645067199,0.537827901930261,0.266550477102212,1.02318409507006,1.38572486615701,1.72811152154079,2.40731689999172,7370.32422732297,1.00000999304785
"conduct_rep[18]",0.0875710944624745,0.0054454322045989,0.492299445576618,-0.861835088812598,-0.238717944623761,0.0743388680173328,0.400606275544288,1.0860836692937,8173.23493073733,0.999860796236152
"conduct_rep[19]",-0.756545289091886,0.00487399770430433,0.448354752774105,-1.63349127725792,-1.04160387615276,-0.759750692794787,-0.475075259224012,0.159106550173657,8461.9979369066,0.999827188930413
"conduct_rep[20]",-0.119779905000927,0.00556582876983523,0.506090906712403,-1.16318959726865,-0.442518882112862,-0.108509138208279,0.213815060317996,0.866802311974554,8267.94131804781,1.00030879016051
"conduct_rep[21]",0.519239421634064,0.00610366680689201,0.527270359225293,-0.57825521235472,0.190007501673893,0.541795134754613,0.865661224388299,1.50953614844733,7462.51264575072,1.00011240962375
"conduct_rep[22]",-1.33848702896625,0.00499149895398481,0.443179794920378,-2.20587380242544,-1.62617853708453,-1.34241148266368,-1.05696459499068,-0.442584405788885,7883.11633108244,1.00008686456288
"conduct_rep[23]",0.159294914868238,0.00529156382663056,0.512083655452253,-0.862098410095574,-0.164686779058313,0.149096952407097,0.496750116262396,1.17538998904462,9365.12871765339,0.999889426272182
"conduct_rep[24]",0.0705408702439487,0.0056039788160847,0.51951814717735,-1.00438719424952,-0.258633792014715,0.085155676920331,0.416431688349848,1.06604923823614,8594.25973939789,0.999691800929809
"conduct_rep[25]",-1.27408770583503,0.00505528752765241,0.445888938502609,-2.15778875900116,-1.55820465712837,-1.27461790832028,-0.987989961182958,-0.391389837553925,7779.67892457482,1.00027144942354
"conduct_rep[26]",-1.12795109260623,0.00514176075339235,0.448931066105486,-2.0318066795519,-1.40603034031209,-1.12964226011852,-0.843893557237111,-0.229290867451416,7623.16972834986,0.999814277235381
"conduct_rep[27]",0.115339338122117,0.00528033469612763,0.480981121542714,-0.835406914290884,-0.189299652532866,0.10906641309672,0.421964442107313,1.07496946847872,8297.23056893785,1.00000495953159
"conduct_rep[28]",0.103325960818927,0.00551124867226457,0.480884444602937,-0.85952897297268,-0.201537066960445,0.113830736939982,0.419816506469532,1.04277420130592,7613.44901128349,0.999983020553082
"conduct_rep[29]",-1.09935525772172,0.004807689432273,0.441733877681456,-1.99178674014078,-1.37656261059149,-1.09584918493048,-0.817978048583267,-0.226554301379862,8442.06331004611,1.00034670701063
"conduct_rep[30]",-1.08298755363775,0.00498979262034562,0.451085147842199,-1.976496140571,-1.36539502974326,-1.09430105033957,-0.800109787911747,-0.1755880379519,8172.44606836042,1.00007297222093
"conduct_rep[31]",-1.46261890155041,0.00517663758714159,0.451062669257948,-2.34473038332933,-1.74754443734803,-1.46203087735784,-1.18100760069226,-0.547702085900665,7592.38545374725,1.00006855831358
"conduct_rep[32]",-0.18584870494463,0.00543239790791228,0.463569605527647,-1.09565963024918,-0.481545165710842,-0.197201440092652,0.111547392016074,0.749259847942623,7281.93435986325,1.00080567569185
"depth_rep[1]",0.110206229186332,0.00834893349932223,0.748056927170738,-1.40780157763663,-0.38575723481638,0.116130875898106,0.613994988476488,1.56282102841002,8027.99871376168,0.999928769627411
"depth_rep[2]",0.387983983100845,0.00816468634710314,0.753656951428784,-1.10541202271061,-0.100550421294133,0.388063262235596,0.875748279591411,1.88513486855497,8520.56526311581,0.999695917115827
"depth_rep[3]",0.795185752442608,0.00832755445376963,0.74998563146348,-0.710896902046326,0.305570318675305,0.806707909557091,1.29060451948035,2.2509304531152,8110.9350501132,1.00001319359183
"depth_rep[4]",-0.127846179171785,0.00841102129904591,0.759501671446359,-1.61885281484162,-0.617905119710532,-0.134926672161286,0.370053872057094,1.39768830482227,8153.79901944717,0.999993991810506
"depth_rep[5]",0.18992770585291,0.0083130131125202,0.744478378018627,-1.29374342865152,-0.30510222535016,0.195534025386729,0.693964016917329,1.64304407829417,8020.23783001662,0.999886921992879
"depth_rep[6]",-1.04329153466308,0.00919814138894274,0.771531079225604,-2.56359055290824,-1.54701027434505,-1.04658068897434,-0.533726045081293,0.487836803652316,7035.68988125297,1.00013719525829
"depth_rep[7]",-0.603493214528484,0.00920193841924741,0.784649498090415,-2.13497807505647,-1.11716870916247,-0.613987019683827,-0.0982964571503803,0.993690018787146,7270.97677491297,1.0000705088548
"depth_rep[8]",-0.159718719186101,0.00844536515802694,0.748039160220113,-1.64473523180837,-0.648939659477962,-0.162051573378972,0.330572926384435,1.33201999361108,7845.34061184166,0.999737053623383
"depth_rep[9]",-0.490670474372588,0.0082542255996933,0.759892109263779,-1.96944363115594,-1.00063488590665,-0.479823691762564,0.014749772511947,1.00993141468594,8475.22429318616,1.00028575687283
"depth_rep[10]",-0.704440745188268,0.00903560410912714,0.776783535228907,-2.20225346207903,-1.22642776321988,-0.711451411393079,-0.19792208439688,0.846531737402648,7390.70103567687,0.999952804442987
"depth_rep[11]",-0.828833473605176,0.00881849276203232,0.772611609586242,-2.34019020788661,-1.34081374572296,-0.828490067992886,-0.326417937823129,0.696946120241979,7675.97822235598,1.00014715435035
"depth_rep[12]",-0.020268244782448,0.00841615228637823,0.751615769870406,-1.49112076965011,-0.512177527934947,-0.0195289677325168,0.472945683389122,1.46129351067128,7975.62262504975,1.00035466462907
"depth_rep[13]",-0.326095215258816,0.0088123554669161,0.767214767998538,-1.83652983098589,-0.83542299625103,-0.328910999994001,0.176599614676657,1.17003818345102,7579.6629430136,0.999961174612243
"depth_rep[14]",-0.806155993823943,0.00873898161754945,0.771000844168612,-2.31114251707717,-1.314221180797,-0.819950510206547,-0.296131735404621,0.741602460662569,7783.73524549575,0.999958009606244
"depth_rep[15]",-0.052736392972795,0.00834351956249504,0.751482241452428,-1.49986303575478,-0.55366090246885,-0.0665899135629953,0.438889101523635,1.44835156046959,8112.20406731664,0.99980221386881
"depth_rep[16]",-1.56997895282915,0.00928872822057878,0.826089484881335,-3.21043437167461,-2.10919030851065,-1.56793892554731,-1.03233595078558,0.0711602681033477,7909.36606583803,1.00010678129503
"depth_rep[17]",-0.962332247106716,0.00877934074023934,0.782859980921532,-2.51318185656783,-1.47463226828986,-0.95879950782897,-0.447656577715856,0.579421297720789,7951.41417677703,0.999671372625142
"depth_rep[18]",-0.0780344892913345,0.00856070715189166,0.745121404119796,-1.5398892597278,-0.571233744677705,-0.0909774800847671,0.424308792759896,1.38378015585056,7575.90982002275,0.999899862684245
"depth_rep[19]",0.508245023279684,0.00826438339997957,0.751886258293091,-1.02536763832416,0.0181261872508843,0.50286571297871,1.00345683234992,2.00339500497956,8277.19871760752,0.999736627274349
"depth_rep[20]",0.0803335665387228,0.0086431749339045,0.759276120565119,-1.39178176389877,-0.419289141915578,0.0805076354057707,0.578998141174565,1.55785686013314,7717.07776773014,0.999744065657016
"depth_rep[21]",-0.364748404304862,0.00843768577031786,0.762237711215871,-1.86714387315559,-0.861011420462484,-0.369951010144695,0.130265566571922,1.12762332630698,8160.82692498995,0.99982345158223
"depth_rep[22]",0.916987338432168,0.00841068450019506,0.756506572292403,-0.60095799539866,0.423525708397342,0.9234846905787,1.41548883445103,2.39232574248686,8090.2646125342,0.999868774745615
"depth_rep[23]",-0.111563692143759,0.00837594323124043,0.76060198925459,-1.63450226209761,-0.621971845770447,-0.0993168231398014,0.391691075940269,1.37198810316478,8246.07847322824,1.00016804611838
"depth_rep[24]",-0.0573462939956188,0.00836398152737754,0.768442186104814,-1.55898705083393,-0.580443322285297,-0.0634944667088354,0.455226968084462,1.47256597259909,8441.04601451929,0.999697788331933
"depth_rep[25]",0.880669740607827,0.00860817578271679,0.744687709941866,-0.591598419552384,0.400219084915535,0.879241019882916,1.3771112401107,2.3560753054011,7483.86800510576,1.00063187569816
"depth_rep[26]",0.77681048096285,0.00830777938684661,0.749863267373114,-0.695858229388856,0.281587891855627,0.777579134361698,1.25879265892083,2.26675343253057,8146.93495831901,0.999913594678251
"depth_rep[27]",-0.0807789970687547,0.00829511482734783,0.755766532367949,-1.55302640308035,-0.59108027305455,-0.0823843701365113,0.407722313202723,1.43046432463471,8301.00179521354,0.999697148653699
"depth_rep[28]",-0.0865311022533437,0.00811352183324615,0.746802385933657,-1.57429139569586,-0.57050542268203,-0.0896289658584629,0.401525761009392,1.38760526201173,8472.1292994109,1.00015313816296
"depth_rep[29]",0.748682824717474,0.00841349849099533,0.758576642077694,-0.777829987801271,0.249760952641079,0.765091221677927,1.25505761135394,2.20926141693337,8129.16033472617,0.999916756249428
"depth_rep[30]",0.751031806413519,0.00858258638113157,0.75329620554087,-0.728260999023828,0.245126807636856,0.755955252313963,1.24171486651409,2.24288380727349,7703.62605486761,0.999779950222356
"depth_rep[31]",1.01597985569026,0.00879906293475879,0.776695673557887,-0.49844770241076,0.502188239974006,1.01331711806709,1.53404192174871,2.51997590443978,7791.64081786594,0.999960137480385
"depth_rep[32]",0.121225328375409,0.00818947644058793,0.741788307093104,-1.32818718394526,-0.37232479297507,0.118529595412385,0.61000485235498,1.58451833670065,8204.41633564208,0.999662211915633
"do_rep[1]",0.0676207611057597,0.0114499291165043,1.01589792589051,-1.93955508504217,-0.608342974884973,0.0792853014803475,0.742322772588273,2.04294017046701,7872.17157682193,0.999812650494229
"do_rep[2]",0.170040630203829,0.0115012959024507,1.03796483133091,-1.87319354709021,-0.508263472001524,0.168955759153795,0.85418750150425,2.21368568271517,8144.63682677554,0.999911090996555
"do_rep[3]",0.263009711082536,0.0119933869945571,1.05373680877792,-1.76528831707424,-0.430125124273296,0.260924320046201,0.940196451049463,2.38774706295314,7719.34776891436,0.999999058652544
"do_rep[4]",0.0168082284583511,0.0113663873309172,1.01646361049541,-1.96156103736171,-0.659843960588159,0.000201131371292311,0.685161024577527,2.03404974378993,7997.21493203394,0.999883225368405
"do_rep[5]",0.0883146563208472,0.0117501202625679,1.0169837435709,-1.90903563962218,-0.586203482923187,0.0946530537021728,0.761453280838616,2.11370007523258,7491.06211724058,1.00002214052148
"do_rep[6]",-0.195210464359501,0.0121547901043345,1.06751257829785,-2.30163829347114,-0.879464916140244,-0.197708890070534,0.497986356354044,1.8952316108471,7713.49273225608,0.999926629145474
"do_rep[7]",-0.119402479730459,0.0119989405214992,1.02197017742315,-2.14181980253765,-0.79293414770544,-0.120300405204363,0.54497629316754,1.88856259975188,7254.21869395419,1.00082106187515
"do_rep[8]",0.0156489207576869,0.0112968318903015,1.01447212543983,-1.97355444454593,-0.658096483715145,0.0295537086920182,0.680934271875889,1.99286430484457,8064.30425816943,1.00015701066785
"do_rep[9]",-0.0716787120795404,0.0114289697213367,1.02890117359436,-2.10311724258199,-0.745666754701064,-0.0754976803955683,0.602737487128292,1.96488232488115,8104.62940407541,1.00030354430851
"do_rep[10]",-0.096630286987075,0.0117488207689959,1.03744185739816,-2.13775118246073,-0.77651929385565,-0.0928177735477316,0.589186390808326,1.90266071261386,7797.20541232185,0.999991637649176
"do_rep[11]",-0.140822494529909,0.0114490566022243,1.03808014580576,-2.17849810863546,-0.819494966087505,-0.143821388978419,0.547708601299323,1.93838535615074,8220.95677641528,0.999848715232853
"do_rep[12]",0.035946518687554,0.0115794282843681,1.02059876275791,-1.97094604041233,-0.639924686516343,0.0326626641635455,0.693220992875092,2.10009239382329,7768.47621475969,1.00042263438385
"do_rep[13]",-0.0269275594643746,0.0116647629818235,1.01661665583657,-2.00522178382569,-0.687265620239477,-0.020326174738241,0.65788520050182,1.947661210587,7595.6090630266,1.00002024242029
"do_rep[14]",-0.149815149129697,0.0117063699398118,1.04073661311985,-2.20840914815832,-0.829970388847723,-0.140958622862444,0.528549204566136,1.89625388635073,7903.8224876983,0.999822970117816
"do_rep[15]",0.015396289169902,0.0112910893751197,1.01108144149151,-1.98730363079619,-0.644640617103128,0.0238979504345057,0.684254352691425,1.98374538563808,8018.63762926828,0.999878043082216
"do_rep[16]",-0.332678214168419,0.0123845520380149,1.10461338551643,-2.52472496275153,-1.05800771289355,-0.319289093665473,0.405195934810254,1.8264833977443,7955.36295383266,0.999993463776496
"do_rep[17]",-0.199053974651087,0.0118240976143971,1.03811508940594,-2.26922509911019,-0.869514511056797,-0.191016307506892,0.49681225958485,1.80362801801115,7708.23585513216,0.999664031367778
"do_rep[18]",0.0419611894377953,0.0112680569883372,1.01305719955618,-1.90076313379599,-0.636365111286523,0.0317895434800439,0.717330735044235,2.02530910970816,8082.94949358113,1.0001393108372
"do_rep[19]",0.19895923472512,0.0112966047533365,1.0140966426126,-1.83152697723942,-0.457668754932651,0.225091036084486,0.868396550402649,2.19497774275663,8058.65979618045,1.00027492685018
"do_rep[20]",0.0637412980391028,0.0111313536143464,1.01148212482547,-1.92143419872096,-0.603815560636676,0.0644854629536823,0.722879964987344,2.07763862135704,8256.96541750427,0.999770343322086
"do_rep[21]",-0.035092958540115,0.0114612207298325,1.03021809529297,-2.08263865647738,-0.720228845890686,-0.0378342624214962,0.643164416725739,1.98606131488152,8079.72527680335,1.00043829912028
"do_rep[22]",0.299367389014464,0.0117172546371614,1.04491887516384,-1.73510957173026,-0.382931990034989,0.306540009556278,0.979149183153502,2.39094657030779,7952.67825599085,0.999879651542092
"do_rep[23]",0.0131777977618512,0.0111088496152339,1.00001612013064,-1.93665468341279,-0.655827934541802,0.0156610511124837,0.673069528677936,2.01427213209402,8103.55952248152,0.99974840117973
"do_rep[24]",0.0465175422073347,0.0113185813109265,1.00569017176962,-1.96501388315464,-0.613774671787481,0.0532964136854019,0.708133549614462,2.05825964870558,7894.85979393413,1.00000414683724
"do_rep[25]",0.264260770653734,0.0118407352848191,1.04598886245073,-1.79048417718885,-0.43457206267677,0.258050191896831,0.949497648519413,2.31863032695682,7803.63191987917,0.999750709036437
"do_rep[26]",0.250572686128783,0.0117507818286318,1.03919614220814,-1.82942603266151,-0.417079318029469,0.243402596548042,0.926162921399087,2.28872778314955,7820.9863100446,0.999767495246325
"do_rep[27]",0.0359081940578518,0.0112338500116664,1.00685939157497,-1.93902908028832,-0.637551422826792,0.0301882187283461,0.706416335567898,2.03279359259493,8033.04885907268,1.00005717961618
"do_rep[28]",0.0226534701583073,0.0110407483059732,1.01771043344683,-1.95909812735416,-0.64923874902282,0.0205486619376919,0.69346604338276,2.02013141994662,8496.72250508984,0.999802532085784
"do_rep[29]",0.255353391779347,0.0118924835647682,1.0268221421625,-1.78948363424899,-0.41511373881054,0.254634080236265,0.922176244924617,2.32537450317186,7454.96022120227,0.999941729787892
"do_rep[30]",0.237538980805597,0.0113989763007711,1.0320198282059,-1.79294191482253,-0.441706983687274,0.2448610020609,0.911290422955059,2.2491158273147,8196.80081069464,1.00033025271564
"do_rep[31]",0.30036739486258,0.0115281495248785,1.04813269429953,-1.74878410835048,-0.398919896249816,0.292101617997129,0.997353201819471,2.3764324799393,8266.34134047507,1.0001965479859
"do_rep[32]",0.0778913194852365,0.0112484037898775,1.01756680220734,-1.90277122574884,-0.587373346006587,0.085882608479967,0.748126526311737,2.08091104120596,8183.59377893327,0.999680465282177
"thermal_rep[1]",-0.0738838257404442,0.00889269207405832,0.749087969132954,-1.58066419193501,-0.570739310280489,-0.0662302964486653,0.425020175145933,1.3848790020563,7095.76355439993,1.00005572197315
"thermal_rep[2]",-0.373647351200569,0.00859921606178153,0.769157222402186,-1.91428584203958,-0.870772992346666,-0.373240088002538,0.129678391623793,1.14086717380295,8000.4151345747,0.999873679417116
"thermal_rep[3]",-0.800623520268808,0.00856679551439275,0.752374042661515,-2.29443066721996,-1.29683237570192,-0.80497924423501,-0.307886967709634,0.700617035053137,7713.13275371343,0.999857663549302
"thermal_rep[4]",0.200022896168046,0.0083478688501508,0.755652091591214,-1.29081083438787,-0.305582052004187,0.207027784895829,0.695691960521057,1.71359205192915,8193.93553208321,1.00033193439457
"thermal_rep[5]",-0.153030482387562,0.0082656152697086,0.734309040169667,-1.57383675230873,-0.636124625502672,-0.159657805544095,0.318481843698038,1.31228109215806,7892.36889313749,1.00005108019617
"thermal_rep[6]",1.18066951034011,0.00864608687550025,0.776509770192486,-0.322161859376641,0.664770462795018,1.18628666072394,1.69647601094093,2.70512732662277,8065.93390566144,0.999708328026859
"thermal_rep[7]",0.71593384363316,0.00881264362414293,0.790614916810424,-0.832699251673952,0.188678560139748,0.723581177230866,1.24936429478045,2.2922250610445,8048.54899602697,0.99986676201259
"thermal_rep[8]",0.228740108670782,0.0082668116798242,0.755657393094154,-1.22481454870003,-0.273624477925697,0.221985378718624,0.71055782005626,1.73242485883615,8355.5257623515,0.999841957032148
"thermal_rep[9]",0.570368234248508,0.00886496278507979,0.766540559810337,-0.947313321339608,0.0720848002301846,0.574019032640796,1.07077113138938,2.07875389138307,7476.8117383732,1.00013881084922
"thermal_rep[10]",0.813154777512451,0.00858977185623674,0.781806534503612,-0.712286147664793,0.307091816427699,0.809296916535711,1.33358729315171,2.34371517221236,8283.90927297747,0.999846987210734
"thermal_rep[11]",0.96574464119152,0.00855301568320594,0.772082571552397,-0.593362211556141,0.464090129651883,0.974127035778868,1.4679798847618,2.4789384921597,8148.71186244904,0.999804250949916
"thermal_rep[12]",0.084017819079873,0.00843036191381251,0.753314039432809,-1.3896789268286,-0.431057256496131,0.0986613078453216,0.579589846314175,1.57254886304669,7984.7198724405,1.00032152988422
"thermal_rep[13]",0.408149485365049,0.00857868865142318,0.76804270314766,-1.12085814832944,-0.0952004879655075,0.419372694237239,0.930840998212638,1.87421541394517,8015.46870120647,1.00008682055187
"thermal_rep[14]",0.932906218045471,0.00867419435706784,0.778126701923634,-0.608413134600381,0.427688117840826,0.932488565138607,1.44477514862967,2.48206843609792,8047.15450019268,0.999994817028691
"thermal_rep[15]",0.115735494321452,0.00832964541019504,0.760711446857738,-1.40121448539136,-0.377072523829557,0.113561010992132,0.617136177136884,1.61100773285593,8340.39990491049,0.999828998834137
"thermal_rep[16]",1.77141350826138,0.00878016488659728,0.822378010511768,0.147380136127025,1.23052619305314,1.7730209496627,2.30629125860861,3.41446657559899,8772.78800868241,0.999727797561045
"thermal_rep[17]",1.08663862979028,0.0087518452535559,0.792394957046495,-0.500951353504928,0.572058528039216,1.08323685461499,1.60678690519587,2.63878234073541,8197.55134990055,0.999812131001242
"thermal_rep[18]",0.13722777286397,0.00835478035592186,0.750232265972825,-1.35138802461746,-0.370432456450283,0.1372085052259,0.631630549261973,1.5822736253402,8063.45938549069,0.99979234595458
"thermal_rep[19]",-0.51059815213578,0.00822323731627136,0.735386185800116,-1.96980973726603,-0.991334552810507,-0.506246407383581,-0.0134176360784347,0.91972631091029,7997.33497392954,0.999669115217171
"thermal_rep[20]",-0.0285480135683297,0.00872873822352494,0.762181837113985,-1.51758255780819,-0.526859742178386,-0.0352410616685894,0.480204406712476,1.44146055285182,7624.55062389816,1.0004765085464
"thermal_rep[21]",0.452782011899173,0.00892852971250341,0.762989378225738,-1.07776127202264,-0.0506868125498257,0.450665166947035,0.967425272444187,1.94964027671415,7302.59285206643,0.999811323761267
"thermal_rep[22]",-0.920178016199919,0.00870802770113987,0.757215435995288,-2.38501909045226,-1.42355626156851,-0.926657963849281,-0.430492367040851,0.63378376741744,7561.34951518445,0.999773611086295
"thermal_rep[23]",0.20380119358783,0.00833213633932729,0.761897138099836,-1.3076237742286,-0.299455035019519,0.21706640564964,0.704030324137113,1.71000547226318,8361.41826994145,0.99979953682872
"thermal_rep[24]",0.123815706528056,0.00863047333213394,0.756143779206076,-1.35092440125019,-0.380032688727249,0.126787425508849,0.619732776380233,1.59973191656376,7676.08079468991,1.00010294812177
"thermal_rep[25]",-0.893691175960163,0.00838749896996269,0.742467627989017,-2.31524814557684,-1.38566349011654,-0.889015408901933,-0.410919580700184,0.57248154732642,7835.9216722784,0.999846354156288
"thermal_rep[26]",-0.77158844057379,0.00836675476335831,0.749878905430192,-2.27021179541238,-1.26293615167986,-0.761022734152789,-0.264120434686146,0.679545148277868,8032.82293987975,1.00025925852556
"thermal_rep[27]",0.151451989448073,0.00837046495680534,0.742769186123463,-1.31242193115188,-0.34144254027274,0.1566173026763,0.645753779266795,1.61667805785167,7874.23899690307,0.999842874215162
"thermal_rep[28]",0.142012729045667,0.00852401035055428,0.749251861440892,-1.3431891244308,-0.359928779123792,0.145469255680491,0.634746512599025,1.60489627938587,7726.23163616582,1.0001801317802
"thermal_rep[29]",-0.750295533722237,0.00823540211223565,0.744812341041096,-2.21208137035934,-1.25202955296051,-0.746038598820084,-0.25968354817297,0.70825028551405,8179.45013492303,0.999751674194717
"thermal_rep[30]",-0.733189772961773,0.00826503085391364,0.731772089471846,-2.15411115913896,-1.21707819980188,-0.739414780423059,-0.258497824918464,0.72116711375861,7839.03717041596,0.999849436352026
"thermal_rep[31]",-1.04375852996601,0.00867802438726242,0.76221750963669,-2.51582660547604,-1.55622143333242,-1.04540568620799,-0.536382331800896,0.470685795734959,7714.64790564008,1.00007543514269
"thermal_rep[32]",-0.086552220562985,0.00824945246837529,0.74484089717661,-1.60591551239355,-0.574846851348631,-0.0807321562428698,0.402092625670254,1.3829740943995,8152.23668223941,1.00017591715323
"canopy_rep[1]",0.109381088838285,0.00801257364254547,0.7174152819411,-1.31734422013849,-0.358470187132344,0.119847579817503,0.572296893514854,1.5314128806837,8016.72855746494,0.999971348043528
"canopy_rep[2]",0.444520563493387,0.00861454081346524,0.753778214394245,-1.0552079693481,-0.0502452484409527,0.461884189090579,0.955275638638266,1.90067167496106,7656.36971814404,1.00078974552846
"canopy_rep[3]",0.917648734657541,0.00818140055248274,0.732263891950197,-0.545771394389803,0.436161432253154,0.922580965920243,1.39575079155151,2.36852023823414,8010.87449058437,0.999747847047205
"canopy_rep[4]",-0.201395490870747,0.00835619137340114,0.75725781210204,-1.67482475598179,-0.689300501384814,-0.18891696960197,0.283734469360518,1.3004092074848,8212.41276602503,1.00006024246118
"canopy_rep[5]",0.196462462712664,0.00787064555097975,0.709821409500341,-1.22003633059396,-0.259855833329798,0.203854569595032,0.6698228762011,1.59481672868641,8133.5001545891,1.0003456876689
"canopy_rep[6]",-1.2715110484426,0.00846610159067986,0.77432023862116,-2.78279837276816,-1.78480604992863,-1.27183189184761,-0.758884397703933,0.28085403006414,8365.16034902044,1.0005489933276
"canopy_rep[7]",-0.779898152555963,0.0086873011885425,0.769465450916066,-2.30610872846232,-1.27570894785173,-0.782604030237921,-0.26501743905521,0.714829929021159,7845.2807891176,0.999931414615385
"canopy_rep[8]",-0.224590926375974,0.00824038243006082,0.74739454889936,-1.68181099040116,-0.718811123056098,-0.228004462073912,0.267704889105366,1.25605750462446,8226.31086562427,0.999708767017638
"canopy_rep[9]",-0.622215130464454,0.00846274893749766,0.75406767841516,-2.10070412271497,-1.11902387615863,-0.622274425339489,-0.132500044810565,0.864149094671327,7939.58382280991,1.00065439880583
"canopy_rep[10]",-0.885331590979593,0.0087525229036389,0.765439035719477,-2.38159810884616,-1.39380799938885,-0.891637827665159,-0.382945339654953,0.597227712572805,7648.12013708239,1.00008944872251
"canopy_rep[11]",-1.04514459568651,0.00855993805282077,0.780154254975775,-2.57306769852707,-1.56078576755643,-1.0466806089652,-0.519844761662534,0.518676655907567,8306.5315597741,1.00008156018581
"canopy_rep[12]",-0.0697815423614619,0.00797700262989249,0.731270560917414,-1.518281965318,-0.562023028092549,-0.0712441402300538,0.410472817186044,1.35492874549309,8403.81938399462,0.999945901998072
"canopy_rep[13]",-0.421436795598151,0.00862986040265367,0.768371359229378,-1.93590737647334,-0.928588175660205,-0.425033090238928,0.0907928617569337,1.08737897735323,7927.47343648774,0.999862746565023
"canopy_rep[14]",-1.00055030906686,0.00840068338609106,0.760801674690148,-2.50480941402086,-1.50411394410961,-0.996379080820778,-0.500461702457052,0.534561946798694,8201.88519656016,0.999671778141782
"canopy_rep[15]",-0.109209747595224,0.00816103797437904,0.744372374099505,-1.53483943607723,-0.613346373369668,-0.114781597410534,0.381658295595778,1.35632733106558,8319.3557559043,1.0000505122273
"canopy_rep[16]",-1.9286710369947,0.00872874003222895,0.80056402152616,-3.48699310981769,-2.45877772160212,-1.93316976153439,-1.40511795926878,-0.352579518104877,8411.80155517336,1.00002158227584
"canopy_rep[17]",-1.19014406429008,0.00845001556213924,0.765464862033322,-2.6774999714543,-1.69284685894745,-1.1976930732444,-0.69176159661754,0.303459645709156,8206.07537280383,0.999899417507974
"canopy_rep[18]",-0.129305311845849,0.00868334891851486,0.749471873218502,-1.60942159848185,-0.626713546549145,-0.126244034587622,0.365219765621219,1.34201341717176,7449.65521288766,0.99991587389504
"canopy_rep[19]",0.580502315539364,0.00796330016061219,0.720307543487603,-0.831613728366936,0.104575968813906,0.582914490029177,1.05174205857223,2.03428606811639,8181.81686140173,0.999728830044656
"canopy_rep[20]",0.0526313501072389,0.00840237563055742,0.745770596457009,-1.43170289329673,-0.442751854943826,0.0594401679585676,0.561357013496371,1.47955865601402,7877.82496331746,1.00037482329017
"canopy_rep[21]",-0.470219805893963,0.00854348003577621,0.759754929589799,-1.98894473535119,-0.963764749828061,-0.46977688507368,0.036049118096462,1.01778806538256,7908.19619892197,0.999800428153103
"canopy_rep[22]",1.06995748048573,0.00810052426355366,0.735719180482469,-0.424676187738837,0.585098194073639,1.07780180642227,1.55732190926392,2.51125902239458,8248.93539826774,1.00022317387785
"canopy_rep[23]",-0.180871191966941,0.00807102379239766,0.74747408070792,-1.67914892143328,-0.675360999281044,-0.165968881472869,0.312825852210515,1.27527260489131,8576.99230309145,1.00018229612188
"canopy_rep[24]",-0.0859894436368598,0.00838918237455176,0.75335931340125,-1.57016608252074,-0.589633874928494,-0.0715334270777107,0.412230085160821,1.38180273037566,8064.26984710041,0.999696012371672
"canopy_rep[25]",1.02819448698957,0.00809895242511311,0.735160072771797,-0.428789960528751,0.555478838214721,1.03057776709073,1.51070984060355,2.48299222261747,8239.5999915205,0.999734020774725
"canopy_rep[26]",0.898742690754517,0.00812652496339841,0.73724437018994,-0.575524182854193,0.414214745548321,0.896181744752863,1.38349246100032,2.34318189345933,8230.25293143701,0.999723424445053
"canopy_rep[27]",-0.133239209709498,0.00834732165283582,0.737253901990598,-1.6145374016386,-0.607522969528955,-0.122313626728829,0.348435618324874,1.30985568041354,7800.81290691701,1.00026382661265
"canopy_rep[28]",-0.136203163887107,0.00820329420305442,0.729607709450877,-1.57095831000809,-0.614692075548357,-0.133879587314879,0.34541367588308,1.30169699831776,7910.46938269085,0.999967450792426
"canopy_rep[29]",0.843982785811997,0.00840855076878144,0.735714152429166,-0.639765735288234,0.373817817669386,0.849176306438045,1.31839921964238,2.28991608057933,7655.54157422913,1.00028095336899
"canopy_rep[30]",0.840269965788132,0.00811366703658183,0.722787775400671,-0.580680732122515,0.366146641140714,0.835681288763669,1.31531469107991,2.23943989589412,7935.73641777784,1.00068261964323
"canopy_rep[31]",1.18478720368009,0.00836992358420798,0.745505651309457,-0.309573999457616,0.700400614560693,1.18071011002734,1.67814265077935,2.6431462176234,7933.39163573375,1.00018669597073
"canopy_rep[32]",0.119851874993743,0.00822709880905976,0.730020019926517,-1.33532835520241,-0.353046197877422,0.133166124979453,0.59544763568458,1.54528299005938,7873.65015205705,0.999860910118091
"q_rep[1]",0.142714342210044,0.0105637918119542,0.940799602222071,-1.72885931106976,-0.465687748661325,0.133730358937991,0.76600295294391,2.02984943714479,7931.48638136166,1.00005167533227
"q_rep[2]",0.351440603466891,0.010846177224513,0.958117617541537,-1.56091718572901,-0.276264726023361,0.354511734336214,0.981010782774967,2.24417244973506,7803.40700045898,0.999876314910699
"q_rep[3]",0.683123208212984,0.0109295258029011,0.964120334741057,-1.23077193541705,0.0307301673330353,0.689591205435607,1.32092390491865,2.59690741276164,7781.43772852814,1.00004037587676
"q_rep[4]",-0.0419560510518352,0.0105542600131979,0.952596782080325,-1.91813088007901,-0.675839682242373,-0.0452458323418115,0.595888403582289,1.85088471393978,8146.34205899641,0.999774073286943
"q_rep[5]",0.193751752390211,0.0104106591925512,0.943538738352749,-1.6366744823761,-0.427965966511354,0.20311560501085,0.799193838228572,2.07359603983137,8214.15723736425,0.9999387026058
"q_rep[6]",-0.780995426584085,0.0109792370637739,0.99110129276817,-2.71714275868718,-1.4351308223867,-0.782563944536174,-0.139503936083067,1.21183234012588,8148.76437727463,1.00025670812541
"q_rep[7]",-0.437161381567315,0.0106799346306077,0.955038924028671,-2.3084255116274,-1.06921292748013,-0.444913903969676,0.202437880769423,1.45068029442859,7996.59232086407,0.999969089951929
"q_rep[8]",-0.0897129431707445,0.0106676366603378,0.939599678124517,-1.96625275153725,-0.711798288376374,-0.0824865191095307,0.530660815476416,1.77838071615951,7757.99130040814,0.999775085736379
"q_rep[9]",-0.341991763535743,0.0106345623308282,0.953048848420766,-2.22256899113406,-0.956627913792971,-0.33643699520576,0.28868163686067,1.52180670446803,8031.39673517876,1.00037132341582
"q_rep[10]",-0.519393745356412,0.0106616984908908,0.962179952293636,-2.40510041409351,-1.16795690694542,-0.533306604528479,0.127171816555638,1.39990152314992,8144.41348501613,1.00010361474551
"q_rep[11]",-0.605829549531125,0.0112067105281349,0.964030171861793,-2.50209844644478,-1.24950457641623,-0.60055500744573,0.0467154844405007,1.30139055898497,7399.88456029228,1.00041341527468
"q_rep[12]",0.017184185422377,0.0102815792740129,0.948080681168039,-1.87818056758479,-0.595774001641109,0.0135317524644771,0.637509517248086,1.89122600115521,8502.97569086899,1.00042066311504
"q_rep[13]",-0.202493972683908,0.0112825949318253,0.941007102789282,-2.00549066266055,-0.827521233397524,-0.2091856667167,0.427974543862109,1.62771753870459,6956.13193136164,1.00008743158242
"q_rep[14]",-0.604435751413356,0.010846208942457,0.971900353554562,-2.54037364033488,-1.2412152522644,-0.610246745998774,0.0449925308137265,1.32890509983406,8029.48234042761,0.999860347810053
"q_rep[15]",0.013254208794059,0.0106519035069821,0.956956462042206,-1.84337579409338,-0.621418905453122,0.00271217554152987,0.627863814521656,1.93166895133309,8071.04765636991,1.00018076298463
"q_rep[16]",-1.22503742900569,0.0117618321421665,1.04603130111534,-3.26179655458259,-1.9165384879379,-1.23122078370847,-0.547510785759184,0.861562189931606,7909.32473065804,0.999575303955788
"q_rep[17]",-0.714229359495139,0.0110321408317807,0.978591636355251,-2.65947667090775,-1.3530337845927,-0.707320159579054,-0.0650335081745432,1.22848122274015,7868.34519815481,0.999833404765258
"q_rep[18]",-0.030064091125319,0.0103870024301738,0.950277269322736,-1.904727488402,-0.640418008666069,-0.0329671204549866,0.598103678294727,1.86098269071327,8369.89896643341,0.999756126131533
"q_rep[19]",0.450011125162843,0.010537138644516,0.945098856779675,-1.37843406278436,-0.190547813296455,0.449592436400201,1.08915209887268,2.32381357232096,8044.68580469403,1.00033692917226
"q_rep[20]",0.0987091591178437,0.0105010086628868,0.952985936941165,-1.77746531417317,-0.531695098950509,0.107527036194361,0.723468845311746,1.96842996966469,8235.89782761337,0.999808394616501
"q_rep[21]",-0.258592703628372,0.0112800826080558,0.967331477244211,-2.21981112919227,-0.891846378510476,-0.252905064566334,0.367760439498056,1.65736426943732,7354.04155937127,0.999860181411176
"q_rep[22]",0.786216049838341,0.0111201705248195,0.982088145431467,-1.15772557291403,0.136087739532491,0.803057891379292,1.43324180486972,2.68629314636567,7799.702598667,0.999609725453882
"q_rep[23]",-0.0222893129861112,0.010799258266485,0.951065104374206,-1.92538272262722,-0.655934768072376,-0.026696352912084,0.598536978444332,1.81655443048633,7755.90783036392,0.999838259337333
"q_rep[24]",0.00199146009396573,0.0107518531944257,0.955881008533015,-1.92920483763137,-0.620097134038322,-0.00228152407110009,0.639808569697943,1.88102601078602,7903.89231084764,0.99981790966546
"q_rep[25]",0.746777300280628,0.0106959940831279,0.967277262920295,-1.19645004778305,0.111050300992356,0.751091318662773,1.38959069690781,2.6619798310526,8178.23621871503,0.999904496956591
"q_rep[26]",0.677069292279892,0.0108914592518807,0.968867368162481,-1.21947777323074,0.0401266400663745,0.68308904203417,1.31021783485006,2.59981122828246,7913.27969047248,0.999908560940835
"q_rep[27]",-0.0134672933482021,0.0105788752979459,0.942387192853559,-1.87658745313417,-0.638016841608151,-0.0169912292233264,0.628945878771629,1.87238302192273,7935.59975252079,1.00036484413195
"q_rep[28]",-0.00312100732318884,0.0104729852667773,0.950310421227097,-1.86396337063582,-0.638908358187742,-0.00887753511014296,0.612204373299691,1.88714948126836,8233.60443551761,0.999922144680871
"q_rep[29]",0.647457493450836,0.0110319984689225,0.9664616911595,-1.2613041936953,0.0170340984668458,0.65272957732159,1.29551267830315,2.53228270128444,7674.69106076447,1.0001189194742
"q_rep[30]",0.636358402425166,0.0105260424438472,0.950681646779923,-1.26571244698752,0.00871293381389955,0.643740502807251,1.25989766171993,2.51972652162094,8157.17887459749,0.999941019884451
"q_rep[31]",0.843650448424766,0.010881807307495,0.977146026716326,-1.08858810056357,0.193921370995234,0.863596230624796,1.47778050513534,2.75878908665151,8063.37538130344,1.00046954793013
"q_rep[32]",0.138854137675284,0.0102118246003871,0.935747195399296,-1.73616179154609,-0.47399523078789,0.144580881590479,0.754767594939779,1.98067687038587,8396.73360304191,0.99992476187865
"trout_count_rep[1]",1.96775,0.0273779429302891,2.58738222067106,0,0,1,3,9,8931.40023303402,0.999810638416586
"trout_count_rep[2]",12.157,0.205460566366371,17.8219402337175,0,0,7,16,58,7524.0730596503,0.999770047559565
"trout_count_rep[3]",50.339125,0.203294410693668,17.9499900975584,0,45,53,61,77,7796.10266739987,0.999898268967218
"trout_count_rep[4]",0.78875,0.020019431076371,1.71412972600959,0,0,0,1,6,7331.34927302768,0.999620656298319
"trout_count_rep[5]",2.8685,0.0352066198342782,3.24438337792227,0,0,2,5,11,8492.11122999796,0.999808935560025
"trout_count_rep[6]",0.0272499999999998,0.00194554820684676,0.170326345240485,0,0,0,0,1,7664.42648444098,1.00021795654304
"trout_count_rep[7]",0.10775,0.00450786253315007,0.392631134018867,0,0,0,0,1,7586.26730462858,1.00027759684149
"trout_count_rep[8]",0.709624999999999,0.0202035050067058,1.66234857497548,0,0,0,1,5,6770.0324712788,1.00022244772866
"trout_count_rep[9]",0.1705,0.00620901983773259,0.540339010048974,0,0,0,0,2,7573.32423785734,1.00007646178253
"trout_count_rep[10]",0.0765000000000004,0.00341310825718211,0.302752716587169,0,0,0,0,1,7868.21050621126,1.00001746036438
"trout_count_rep[11]",0.0522499999999996,0.00289754623197171,0.246531001482251,0,0,0,0,1,7239.0625911517,1.00029659876197
"trout_count_rep[12]",1.402,0.0336760221468671,2.88399647701919,0,0,0,2,9,7334.11774695436,1.00022995645918
"trout_count_rep[13]",0.349499999999999,0.0110071499808591,0.954575115800999,0,0,0,0,3,7520.91100072244,0.99998913419454
"trout_count_rep[14]",0.0482500000000001,0.0026611474086299,0.233299680866981,0,0,0,0,1,7685.82382570743,0.999937612944313
"trout_count_rep[15]",1.246875,0.031268882876826,2.79175607317703,0,0,0,1,8.02499999999964,7971.31933672396,1.00023281184227
"trout_count_rep[16]",0.00812500000000001,0.00102601721587257,0.0925205619405643,0,0,0,0,0,8131.43561779826,0.99992446269335
"trout_count_rep[17]",0.0331249999999999,0.00213758366106811,0.189161854375797,0,0,0,0,1,7831.06598148769,1.0000127861983
"trout_count_rep[18]",0.848999999999999,0.016213234587693,1.49046190309763,0,0,0,1,5,8450.8895652756,0.999886274826898
"trout_count_rep[19]",14.083875,0.0925375130812317,8.35459842833505,0,10,15,20,29,8151.08669551118,0.999830356229868
"trout_count_rep[20]",2.359875,0.0691587909815559,5.22635430599511,0,0,0,3,14,5710.8783803165,0.999870625039282
"trout_count_rep[21]",0.304125000000001,0.0107046058733032,0.899713382081307,0,0,0,0,3,7064.26522724412,1.00024104403569
"trout_count_rep[22]",85.688625,0.290537747219105,25.67247173696,0,80,90,99,119,7807.82803031016,0.999860155201254
"trout_count_rep[23]",0.858750000000002,0.0231308041467856,1.91539996662039,0,0,0,1,6,6857.05271656306,1.00003862796682
"trout_count_rep[24]",1.316625,0.0383446126197521,3.05221855609001,0,0,0,2,9,6336.10765210225,1.00040102553979
"trout_count_rep[25]",72.072625,0.260173273595031,22.6110096596569,0,66,76,84,102,7552.91414729291,1.00017261283396
"trout_count_rep[26]",45.765375,0.192362844739789,17.1438856509042,0,41,49,56,71,7942.84597037413,0.999870611366781
"trout_count_rep[27]",0.781124999999998,0.0156414146480459,1.4069350260926,0,0,0,1,5,8090.8849376787,1.00048535932465
"trout_count_rep[28]",0.8045,0.016391994398665,1.42206980676661,0,0,0,1,5,7526.24301710474,0.999998445314711
"trout_count_rep[29]",40.67025,0.173725724999588,15.7871441108706,0,36,43,50,64,8258.07611049379,0.999738456165414
"trout_count_rep[30]",39.68625,0.172778290370429,15.4620404628369,0,35,42,49,63,8008.57535148534,0.999762367379022
"trout_count_rep[31]",130.02125,0.384769115963491,33.5954480577917,0,123,135,147,170,7623.60636834123,1.00018608491151
"trout_count_rep[32]",2.12225,0.0293283047221904,2.70244663957121,0,0,1,4,9,8490.6381941457,0.999930729066447
"mu_unburned_dry",-0.491374267262766,0.017905804049585,0.710726193122505,-1.82433947187076,-0.969562999502381,-0.507760930324868,-0.0346330201987181,0.937621840348177,1575.49484834688,1.00225242749962
"mu_burned_dry",-0.792683945324875,0.0178210419539409,0.712736428339493,-2.13783115700711,-1.26700458383154,-0.810432569784307,-0.32643978805014,0.658997556273512,1599.52756051666,1.00212976096344
"mu_unburned_wet",0.550834952995373,0.0176907107903516,0.685310567498869,-0.677812674502129,0.0851293635006893,0.507728890674295,0.985829348562168,1.97036714415748,1500.66686059371,1.00268705965724
"mu_burned_wet",0.249525274933264,0.0178126293882703,0.700216159226655,-1.03262874463844,-0.228416606897612,0.220089416586682,0.68817638296782,1.72753292941436,1545.28359439373,1.00260098492551
"log_lik[1]",-7.42718353866237,0.0140562602199824,0.953769675009198,-9.71554407651327,-7.91381289528161,-7.29997379613943,-6.7762699308532,-5.9701460850514,4604.12857095973,1.00001691504183
"log_lik[2]",-7.89895152454152,0.0132979170529248,0.995911170700289,-10.1786369037775,-8.43521558064681,-7.78006060365869,-7.21414898234369,-6.29227012619984,5608.85183919653,0.999845057708844
"log_lik[3]",-8.25967278216171,0.0142494127384679,0.944059331873186,-10.6443071675145,-8.68764732426389,-8.09915047937025,-7.63332887805378,-6.90564759475015,4389.39482021923,0.999722131080708
"log_lik[4]",-5.54886135889605,0.0117476046255516,0.75729908237172,-7.45345458749454,-5.86309557797184,-5.42569215794936,-5.05387612069241,-4.49014127563321,4155.62373401329,0.999985122231744
"log_lik[5]",-8.50808512237702,0.0137600396069753,0.970275315726575,-10.8281010705254,-9.02552733226713,-8.38555033413183,-7.83120977931596,-7.0014989915204,4972.22299562893,0.999927357193581
"log_lik[6]",-5.23990744433889,0.01456923338775,0.972049786603775,-7.64563273721167,-5.71481070779456,-5.10238959551296,-4.57563117582417,-3.79530865634636,4451.47170998636,1.00027937636833
"log_lik[7]",-7.34367071496311,0.0128298244579408,0.916826308079174,-9.47606702028746,-7.85754232206999,-7.24387366206123,-6.72531155185532,-5.84598981618187,5106.61016075509,1.00108431861476
"log_lik[8]",-5.70734254688091,0.0122253454644741,0.799733157101525,-7.72213690741204,-6.05859993214766,-5.57427082995178,-5.19095404043136,-4.58478398468637,4279.25260864201,1.00000473111457
"log_lik[9]",-5.2720056733653,0.0117776848456986,0.75224860645086,-7.20098901040198,-5.58998823564449,-5.14727778721622,-4.78440744603044,-4.18961025570349,4079.4623160445,1.00008331278388
"log_lik[10]",-5.15603701012617,0.0126416344244769,0.803193689067986,-7.18652619204304,-5.51053377304211,-5.02261363485369,-4.6313736101928,-3.97703761579066,4036.77106943794,1.00070160340314
"log_lik[11]",-5.77854418353705,0.0120693197121018,0.904501566371733,-8.00409091741989,-6.24249577952459,-5.64973050413192,-5.15471353497813,-4.41082591251336,5616.3357580451,1.0000183791901
"log_lik[12]",-7.84323731442875,0.0131508421038392,0.975399009314826,-10.1127519480176,-8.35462813908697,-7.70476130437229,-7.18057027238441,-6.35600615545437,5501.20074922295,0.999780874426148
"log_lik[13]",-10.7178065258712,0.014663657393616,1.29646583816494,-13.5713015216518,-11.4788342073416,-10.6013550226987,-9.83303822417829,-8.54369392640281,7816.95379785282,0.999997939416487
"log_lik[14]",-5.15380973988746,0.012294207882701,0.833996842309681,-7.19289432152499,-5.54688119070064,-5.03280957829032,-4.5832631099741,-3.92930320551524,4601.79966302445,0.999874304468936
"log_lik[15]",-6.94111973701812,0.0132122486934478,0.922084074420491,-9.16551666655842,-7.41846671010307,-6.81627459309005,-6.31213104827647,-5.51727810406553,4870.65717989154,1.00094120126906
"log_lik[16]",-7.5305654030151,0.0199488612130856,1.66211425756525,-11.2904005128944,-8.5079442686052,-7.34116841509024,-6.3335313875821,-4.85877671394725,6942.01474783109,1.0000005525816
"log_lik[17]",-10.2394201334231,0.0209210040024753,1.56435857734251,-13.6389288692971,-11.2154232388969,-10.1277989174541,-9.12949899636147,-7.5306730026897,5591.2327380357,0.999948458101959
"log_lik[18]",-10.2937942206765,0.0130459973683161,0.979213070565922,-12.6070055703678,-10.7968784804703,-10.1750617907152,-9.6314891081633,-8.78812691976982,5633.77930937623,0.999863614439442
"log_lik[19]",-8.83662853764232,0.0126013313050484,0.951209957203158,-11.118462468833,-9.30270751705607,-8.69455928140614,-8.19457905473578,-7.42483364641866,5697.96681870322,1.00036725156543
"log_lik[20]",-8.14952386561138,0.01359177297705,0.934760161160342,-10.3244358853647,-8.64810937332077,-8.03140348451293,-7.51373127601041,-6.66289941813701,4729.85868836414,1.00013595744045
"log_lik[21]",-7.0516722844694,0.0144352954956713,1.06353108751257,-9.52621918546764,-7.61443438321465,-6.92483035980013,-6.32793209510313,-5.36891510105109,5428.1147640762,1.00123928681985
"log_lik[22]",-8.9954999483579,0.0138527488774609,1.0180214078024,-11.3870305418245,-9.5338429216352,-8.85308883263193,-8.29257498578207,-7.4425900491953,5400.59859122691,0.999977517312013
"log_lik[23]",-10.2369529748753,0.0146911634504502,1.2176100448901,-12.9802423687208,-10.9341870176238,-10.1231737893818,-9.39084536649108,-8.18910228649683,6869.16681562905,1.00003699955662
"log_lik[24]",-6.12991022264734,0.0135757967384037,0.839350161801908,-8.21935560519343,-6.4741642645468,-6.00186002452421,-5.58702150327647,-4.9479275105976,3822.57225315321,1.0001071291471
"log_lik[25]",-8.50479980908696,0.0120463357295239,0.925242619164991,-10.789803496009,-8.96992284848623,-8.35274544842918,-7.87661830910939,-7.13231003827325,5899.31156098308,0.99999912281009
"log_lik[26]",-11.4277274486304,0.0156293386151627,1.27620205604761,-14.304281541237,-12.1725915322675,-11.2913829588901,-10.5204326628927,-9.314087353582,6667.41793725651,0.999850785042248
"log_lik[27]",-7.83796309886992,0.0131494408895286,0.867003775810555,-9.91240827906584,-8.25633579097484,-7.71775898197014,-7.26135062236916,-6.52002158369492,4347.37800106272,1.0007751644875
"log_lik[28]",-8.31262845145292,0.0128339503830166,0.937311207043682,-10.4456962255283,-8.81479331793485,-8.20627076770954,-7.66878443865096,-6.82983849966622,5333.92503411656,1.00012227184378
"log_lik[29]",-9.95170332024717,0.0141879194354338,1.05033647761309,-12.4133091321701,-10.5288647914778,-9.81871927934227,-9.22395720032402,-8.29917437355629,5480.49101004677,1.00117911017039
"log_lik[30]",-10.670084828918,0.0138399598969046,1.11575873980495,-13.2136874441512,-11.280154192859,-10.5455330881128,-9.90695591487921,-8.84628790531986,6499.36506025094,1.00008472223096
"log_lik[31]",-9.75359251474939,0.0142330791617026,1.09812332082456,-12.3854978040396,-10.3340990187444,-9.60751939405835,-8.99117216871548,-8.05609198559986,5952.56984364811,1.00028482651484
"log_lik[32]",-9.23980051829899,0.014381854517361,1.04131964767059,-11.6004815957013,-9.81281435631625,-9.09800600959937,-8.51892640610295,-7.6094731716634,5242.49883985233,0.999734629842443
"lp__",1639.89579326111,0.183908311719525,6.92369069865338,1625.50076008054,1635.42912757668,1640.05822936241,1644.68898054213,1652.82201975762,1417.33529337967,1.00026175999463
