"","mean","se_mean","sd","2.5%","25%","50%","75%","97.5%","n_eff","Rhat"
"stream_quality_raw[1]",-0.311846083321914,0.00743346091795909,0.326048292376034,-0.965407475897663,-0.530989979259192,-0.305648017075868,-0.0835732127695749,0.292780320338965,1923.89663550706,1.00095169477621
"stream_quality_raw[2]",0.232979449378896,0.00735635570372628,0.438064464044517,-0.647047845311986,-0.0616106928801883,0.235409410422861,0.528082905852553,1.06458204767903,3546.09697201295,1.00068891319457
"stream_quality_raw[3]",0.931899256621019,0.00795837293214106,0.27953125370491,0.373881998874211,0.748957723180999,0.933870356412968,1.1197432230801,1.4786443982759,1233.70740569059,1.00152945201588
"stream_quality_raw[4]",-0.45615439542773,0.0074427259474242,0.440580490534835,-1.33349119538341,-0.751214791998408,-0.454306422878051,-0.16116133303667,0.40137946316252,3504.18049936071,1.00081342311901
"stream_quality_raw[5]",-0.184630296539626,0.00760691801734295,0.316189128322883,-0.814308512737235,-0.3981892662044,-0.175966854898821,0.0318638174117473,0.424716404424471,1727.73207201278,1.00091466716981
"stream_quality_raw[6]",-1.03384700132908,0.00743212759159736,0.4704402886595,-1.93944673540918,-1.3537970946783,-1.03975570817567,-0.711714835434565,-0.117778936057066,4006.66195189922,1.00164461944669
"stream_quality_raw[7]",-0.275622615840953,0.00804388336000523,0.459907899263348,-1.20495903705094,-0.579103306971288,-0.26266601513942,0.0401144642270886,0.595912740942219,3268.9645349717,1.00048780808238
"stream_quality_raw[8]",0.273083524882994,0.00783127617873102,0.446783361190302,-0.610379836623598,-0.0246161247716031,0.27337872650468,0.570712750873488,1.14533137960279,3254.8344335505,1.00016265236802
"stream_quality_raw[9]",-0.334291200394336,0.008608775363554,0.467567447073394,-1.28093201950025,-0.638037314431139,-0.321945898077512,-0.018087713399045,0.554140817013367,2949.88973899686,0.999869722966482
"stream_quality_raw[10]",-0.454257861882996,0.00678841612110209,0.443702245225787,-1.3388487831976,-0.746827120197454,-0.45192917815357,-0.151375818913076,0.424563211469825,4272.1485001407,1.0008773776312
"stream_quality_raw[11]",-0.677970990851042,0.00748984852780734,0.457681206717459,-1.60032624868551,-0.980813429869382,-0.668556193995548,-0.366886079124195,0.193653101925021,3734.04966577489,1.00082709947294
"stream_quality_raw[12]",0.792944662718359,0.007091679950322,0.440923697367951,-0.0856503635450711,0.500925399998562,0.79280156182959,1.08215363337549,1.66966577250146,3865.70426096576,1.00097369952002
"stream_quality_raw[13]",0.24678071284573,0.00793988356901077,0.461941068811001,-0.698704059706044,-0.0602505232601263,0.25430139307352,0.563572447126373,1.11668985714316,3384.89250959227,1.00110770338012
"stream_quality_raw[14]",-0.625899806281694,0.00678604953576345,0.44724051107302,-1.51659655690754,-0.918052933917208,-0.625286118879303,-0.3307160745503,0.246854925009433,4343.58394433275,1.00060104884506
"stream_quality_raw[15]",0.464204919286541,0.00743561279506346,0.452621988868351,-0.409437858321069,0.156215280048768,0.4591790775359,0.76315638994573,1.37852013296439,3705.42276289969,1.00027421611921
"stream_quality_raw[16]",-2.01423280990938,0.00876730670423433,0.516854950941076,-3.06346042170173,-2.35234643924244,-2.00277340886784,-1.6613295241214,-1.01175391919596,3475.40132380721,1.00158549102535
"stream_quality_raw[17]",-0.879258219238491,0.0075535466800562,0.47735140881918,-1.80841669760571,-1.20041342673527,-0.886254556420709,-0.559447157127528,0.065751082993716,3993.69212941594,1.00118905178701
"stream_quality_raw[18]",0.38037981672259,0.00812974190104654,0.423420812219693,-0.456055318568582,0.100099633828339,0.384572194096908,0.668999937744498,1.20822164070613,2712.63203135161,0.99999652437599
"stream_quality_raw[19]",0.417361581125248,0.00746212620389993,0.27529931650303,-0.131841701043767,0.232255607368182,0.423349860034159,0.60701829076456,0.9507666534514,1361.08449500022,1.00184210123785
"stream_quality_raw[20]",-0.357055365012903,0.00749467184638439,0.423672525041546,-1.20402216532178,-0.641671991356883,-0.350969076961771,-0.0747603187354755,0.481006429796803,3195.62167469461,1.0010040550074
"stream_quality_raw[21]",-1.15843699899231,0.00846113174247738,0.464305024708827,-2.08132898246017,-1.4656540039833,-1.14230173597432,-0.852574014227677,-0.251229183097535,3011.27107727034,1.0012680191376
"stream_quality_raw[22]",1.15569588592267,0.00827424968030764,0.294335053237107,0.575567642321425,0.960547272119384,1.15499632501801,1.34681351290027,1.74185541829943,1265.39679315803,1.00158468994846
"stream_quality_raw[23]",-0.45676422316219,0.00760076020431127,0.441077360383493,-1.33919746770191,-0.743180548525531,-0.452767116613504,-0.159300447870889,0.38428678573649,3367.56100024203,1.00104662381448
"stream_quality_raw[24]",-0.577490087171337,0.00766868554234574,0.430677947691004,-1.44069052301877,-0.857222022339456,-0.574199469992571,-0.294002664486396,0.270137098439546,3154.01250054526,1.00135954444326
"stream_quality_raw[25]",1.08318943258833,0.0081441409865637,0.289748090274204,0.505333607651797,0.88794156855384,1.08599705828879,1.27692310153635,1.64891664040252,1265.75775770909,1.00148724954544
"stream_quality_raw[26]",1.1830905584216,0.00844744130751904,0.320466401467722,0.564569006947517,0.968487466697404,1.18143388816919,1.40018860750332,1.80240733215664,1439.17843018771,1.00077826433933
"stream_quality_raw[27]",-0.682715461518916,0.00783223150217142,0.367221493497278,-1.40968767600975,-0.932983726327432,-0.676601431539062,-0.430945653999406,0.0228773446873205,2198.29085750171,1.00137599883547
"stream_quality_raw[28]",-0.399389896706543,0.00764316650024917,0.388484915119357,-1.17417230735681,-0.657469384361904,-0.393534754473757,-0.135626514823122,0.341077816128847,2583.45962523812,1.00084396860564
"stream_quality_raw[29]",1.13159952326889,0.00841313568040689,0.318420361164414,0.512894232293591,0.919321417797897,1.1291789403278,1.34811362409244,1.76253329111635,1432.47112138626,1.00061433126068
"stream_quality_raw[30]",1.12445229854443,0.00844170835104227,0.319693863094951,0.500413555952675,0.906480521234097,1.1224307223404,1.34180193353948,1.7479038037107,1434.19403358709,1.00078382613998
"stream_quality_raw[31]",1.62161417098336,0.00949387607895306,0.351577895006154,0.941247844148355,1.38252904290251,1.61868621231822,1.85777407907605,2.31418686086872,1371.3742980358,1.00065846066294
"stream_quality_raw[32]",-0.287200977599602,0.00777395695215103,0.330684741677772,-0.948731448773266,-0.50861265649988,-0.281624038604963,-0.0594580185612974,0.337942905553108,1809.43942963433,1.00123989552492
"beta_conduct",-0.804553439423198,0.00295458336867502,0.127212085019593,-1.0771526285932,-0.885222846802471,-0.794962102988241,-0.716103845892567,-0.578650318396121,1853.80583116762,1.00208007588779
"beta_depth",0.560817933452806,0.0023380782399096,0.131652476154344,0.316686366543119,0.47092506230643,0.553676352823236,0.644698943644182,0.834695193827009,3170.58925629031,1.00065211411857
"beta_do",0.167410175343764,0.00156079983469555,0.117227523123175,0.00739911968307696,0.0755632392022667,0.147936323274577,0.238092583961765,0.442964742741254,5641.11245130629,1.00036280717699
"beta_thermal",-0.612708980576711,0.00251554846340836,0.139504036249421,-0.908394390719083,-0.698261131504347,-0.605671235369817,-0.51757452942164,-0.35998162444112,3075.44644695647,1.00089452181826
"beta_canopy",0.671672159118803,0.00256933233309586,0.137419439416097,0.426681028988471,0.579032518837482,0.659655654733821,0.75612474736848,0.975336674843139,2860.59108439014,1.00064207100767
"beta_q",0.449440925297993,0.0024591141274048,0.159586392604513,0.157024898316607,0.342907621935812,0.445558006073439,0.547899985129407,0.787505246259963,4211.47615333527,1.0010279896932
"a_conduct",0.0547797300058022,0.0164046734021166,0.569592730760059,-1.04368768738509,-0.317494340400408,0.03584225785423,0.413549690760387,1.23459426458575,1205.57351705029,1.00067813330775
"a_depth",-0.0446163163721534,0.0114974365876243,0.420571853250195,-0.942605540328686,-0.302948655136669,-0.0273687648635386,0.230225592550195,0.744211614431553,1338.06854780846,1.00081120534894
"a_do",0.0470000745619442,0.00417981604433274,0.227080713778143,-0.410616665943565,-0.0970008888490766,0.0502059348715239,0.187441375567578,0.499323542673569,2951.5229462965,1.00020997205632
"a_thermal",0.108134471824476,0.0129697296483925,0.456108636669786,-0.769029425603746,-0.187167610883776,0.0912692600194954,0.393085008519543,1.0687703900087,1236.72957070603,1.00078079364935
"a_canopy",-0.087895481332151,0.0138309030046123,0.492078136212027,-1.08827164813506,-0.399428494339117,-0.0756078492859243,0.235709597234924,0.866703566726815,1265.80575796251,1.00077860655534
"a_q",0.00720394509349188,0.00966070675687623,0.365877905460001,-0.741701786865781,-0.214531000669214,0.0182605402682076,0.235004086139293,0.712147901682179,1434.34812206577,1.00082557406136
"sigma_conduct",0.421636250858756,0.00183394567080982,0.0938129170737377,0.260908692107715,0.35492442712765,0.413980850007449,0.478727410543651,0.62954600280799,2616.69044750403,1.00129934967983
"sigma_depth",0.713207920416102,0.00115989206890628,0.096714857781523,0.550392102090862,0.645264206951853,0.705025089325716,0.77047378039898,0.932567301279347,6952.66392888759,0.999743582375371
"sigma_do",0.983544564305489,0.00147745097272424,0.125179560414977,0.772097540849527,0.895443515693517,0.972382389593758,1.05842839441939,1.26262329624068,7178.61542295059,0.999926005289494
"sigma_thermal",0.706315673175237,0.00123994145464247,0.100560129813588,0.538370895042717,0.634409723946973,0.697310838475541,0.768720372540069,0.924123220072391,6577.32483333093,1.00000093335808
"sigma_canopy",0.688022953985031,0.00149050436770525,0.105245378239013,0.509672852687884,0.614414924147515,0.679195871625984,0.751848128237228,0.920937333076377,4985.85404041681,1.00022768557492
"sigma_q",0.912303544393581,0.00144550161825827,0.12302799529543,0.706828229568763,0.825320202584624,0.899994947076041,0.984173904810755,1.18742426820112,7243.87137686062,0.999847729637068
"beta_burned",-0.289233395430062,0.00723632456012513,0.313007097632223,-0.909297676515856,-0.498881826262168,-0.288225686718661,-0.0768363961992463,0.323430692709564,1870.99357586749,0.999959757696544
"beta_wet",1.06234890052922,0.00698251490886566,0.338563499989253,0.401698257059507,0.83205832272227,1.06358875263867,1.29121363785509,1.72342374849768,2351.02110627042,1.00138444644438
"alpha_sq",-0.469766425483777,0.0222408660051443,0.787259181831921,-2.01578436420403,-0.998808790467345,-0.479939850849006,0.0407895095385914,1.12966313916178,1252.94521485603,1.00115767287358
"beta_trout_presence",1.96692850549794,0.0085706117320697,0.61068786020482,0.880998838668065,1.53312432951651,1.91662881941723,2.34730671401905,3.28020244101962,5077.09081174213,0.999794308349107
"alpha_trout_presence",-0.469306591179325,0.0349781429372654,1.32317548444158,-3.02906072996604,-1.33952790610668,-0.460645174515294,0.377109703277293,2.2255538553854,1431.0058039553,1.00054279377141
"beta_trout_abundance",2.38147500739309,0.00964368265171679,0.444816043313504,1.6507845371295,2.06362134126843,2.32596268949173,2.64497712019394,3.3754051273184,2127.52692231052,1.00064064220087
"alpha_trout_abundance",0.455807699231399,0.0445388437026328,1.61395722445166,-2.70839488801112,-0.625463866568503,0.485212873874149,1.5385753269399,3.66030354583173,1313.12528690117,1.00090360934555
"conduct_hat[1]",-0.168570115777876,0.00194314024947694,0.192677106744091,-0.524921471974192,-0.300792591632836,-0.173217800477542,-0.0474684102293304,0.233571335564159,9832.22791730409,0.999659539596935
"conduct_hat[2]",-0.604012005885126,0.00380088020146769,0.309061202799894,-1.19944793648426,-0.810919460676018,-0.607561579191834,-0.401298262834602,0.0113195353182519,6611.8138517199,0.999954756830285
"conduct_hat[3]",-1.15431965523864,0.0016928865656825,0.145801339515516,-1.43884401360478,-1.24967387473349,-1.15679081924519,-1.06005179992226,-0.855090965029867,7417.66662640122,0.999658055582509
"conduct_hat[4]",0.172916623012496,0.00279398290103102,0.28549861502457,-0.38802951571408,-0.0204937958962373,0.17085461505645,0.36136314797031,0.738919262238701,10441.4430410676,0.999774277608762
"conduct_hat[5]",-0.269876567061008,0.00209429861801733,0.183642649109736,-0.607692250456874,-0.39519458722779,-0.277198979510372,-0.154115501979729,0.120407241248367,7689.00043883119,0.999935311099818
"conduct_hat[6]",1.47394959398608,0.00412335240377617,0.328763188311058,0.809641998751329,1.25549928796708,1.47649597612302,1.70455654889038,2.09199775003369,6357.19392988889,1.00010648544611
"conduct_hat[7]",0.864557814589511,0.00360686175910993,0.310378345397825,0.287196699455642,0.649280944737552,0.852291688750245,1.06282615837508,1.50414283641531,7404.97902202959,0.99995168639193
"conduct_hat[8]",0.206087060713381,0.00280155306781353,0.283204077057425,-0.342543940736884,0.0158346659111597,0.206881281019268,0.394761988648925,0.764077035496454,10218.8328555719,0.999605826403009
"conduct_hat[9]",0.684128965347854,0.00301058370097219,0.299717442824288,0.11808140232475,0.479458608321883,0.675857214092798,0.879269853364749,1.2953373746691,9911.11750204055,1.0001164339235
"conduct_hat[10]",1.00957373436702,0.00284937635262117,0.298042948463057,0.426074767723373,0.815953015210546,1.00424915428825,1.20493453047288,1.6086653673556,10941.0265220698,0.999911714913078
"conduct_hat[11]",1.18511275061126,0.00312202510771641,0.307187154345626,0.591167642713052,0.976191926179604,1.17626067940202,1.38778881909718,1.80270947906979,9681.29199318724,0.999893264682653
"conduct_hat[12]",0.0200802912645656,0.00280179972964611,0.287152387480187,-0.54027911545262,-0.170874153724189,0.0180456805947539,0.205754072483011,0.605538580658929,10503.9025737148,0.999758710808852
"conduct_hat[13]",0.449529936410815,0.00384726590749187,0.310896633201131,-0.122647161624585,0.230852107209789,0.436812508540758,0.648100648170915,1.10584182863569,6530.21725078704,1.00078506718661
"conduct_hat[14]",1.14917979459245,0.00306527192092805,0.306351974303449,0.553122076258246,0.944390632612726,1.14501217958427,1.36081827737101,1.74243387829157,9988.5708208163,0.99975694769977
"conduct_hat[15]",0.0549630847715717,0.00273704095061564,0.288794286367454,-0.52326396863114,-0.134419002646919,0.0603856901178847,0.249869179418196,0.60914874078859,11133.0613675813,0.999655727447327
"conduct_hat[16]",2.25386411145615,0.00559267743366018,0.382837374037408,1.46675491766728,2.00216271475639,2.26781674403814,2.52289440185914,2.96474056368119,4685.85790063868,1.00027585653375
"conduct_hat[17]",1.35036347526978,0.00408863236467249,0.340731125753259,0.667597343110902,1.12152746038582,1.35691185503101,1.58143630155839,2.00243647009109,6944.92391339323,0.999931073204527
"conduct_hat[18]",0.119618473455266,0.00311224093496233,0.252402016962904,-0.326756652005163,-0.0607117324445011,0.105892753886169,0.28630906328877,0.644221565445177,6577.17232678038,0.999849811974488
"conduct_hat[19]",-0.746001466329593,0.00157423603249862,0.138957588869883,-1.01139241830778,-0.840304832914278,-0.749006196943395,-0.65284252960791,-0.475739915595693,7791.56758717621,0.999712553615018
"conduct_hat[20]",-0.128741106860449,0.00334561282389802,0.291057419037153,-0.707940932637859,-0.324768830810782,-0.124630696533131,0.0663037675749852,0.432908235362328,7568.4332935958,0.999840686206335
"conduct_hat[21]",0.509897765328346,0.00440811019629321,0.328401102437248,-0.140262980032068,0.287314839996766,0.515237279677166,0.735549652207229,1.13376016591399,5550.14497344848,0.999949187382545
"conduct_hat[22]",-1.33184370076327,0.00191122766593382,0.159331965074808,-1.64367647529672,-1.43502290529752,-1.33553163986642,-1.23250484198839,-1.00415856000365,6949.93876379658,0.999837727796698
"conduct_hat[23]",0.172555212424282,0.00284088547593187,0.289503039170209,-0.401975264754462,-0.0169068918132397,0.171197798839237,0.362492179271932,0.752757347734416,10384.8158947443,1.0001707643669
"conduct_hat[24]",0.0474812868311614,0.00364813350087615,0.299316188390782,-0.538034670222338,-0.156569681397418,0.0521251158000022,0.25007572865341,0.630240106975996,6731.61031020612,1.00012281858933
"conduct_hat[25]",-1.27442831602877,0.00186747760263807,0.154172075837369,-1.57065749404604,-1.37605392986162,-1.28048062113713,-1.17669049780549,-0.95726537012099,6815.54573155564,0.999776008338923
"conduct_hat[26]",-1.12417302261376,0.00165029648709844,0.142868937850773,-1.39548571104173,-1.21699985445564,-1.12714721258861,-1.03310815778667,-0.8364708174587,7494.6556169296,0.999942910720712
"conduct_hat[27]",0.126952263716233,0.0022714959913542,0.232212113678168,-0.307702363652945,-0.0344568240617843,0.120470901134876,0.279749020975852,0.604289025977447,10450.7099324185,0.999638368091141
"conduct_hat[28]",0.133128378803629,0.00256961424035297,0.237655375286836,-0.296640826053452,-0.0303087808856785,0.123433677297869,0.287356825378743,0.631267744809368,8553.80651586184,1.00018827046214
"conduct_hat[29]",-1.0831893760635,0.00161870309511945,0.139550704705723,-1.3552073940962,-1.17347149764662,-1.08700829265087,-0.99380878970258,-0.797333746989926,7432.41025042106,0.999722824352516
"conduct_hat[30]",-1.07786192177626,0.00168670601452869,0.140740017172201,-1.34771705724885,-1.16938433049484,-1.08312946678921,-0.987586970639587,-0.78970451925241,6962.35898717469,0.999816062748693
"conduct_hat[31]",-1.47203057655878,0.00211414781861491,0.174826070400967,-1.81924095193388,-1.58438603422975,-1.47736268071439,-1.36219482188782,-1.11088156852097,6838.19833918705,0.99973005876576
"conduct_hat[32]",-0.186129310395367,0.00211399606799713,0.199113228891784,-0.549979895635203,-0.323919974945029,-0.194174371733456,-0.0599553555777767,0.219242991802741,8871.39424652442,0.999656704437935
"depth_hat[1]",0.113139402082652,0.0019444282554118,0.181877461852192,-0.249684666479622,-0.00451381747168543,0.115367927604478,0.234297823927942,0.466469587592588,8749.31238805697,1.00001685037991
"depth_hat[2]",0.413917646428377,0.00315050387825551,0.254956273856963,-0.0737483545950633,0.240436167093308,0.408577231287635,0.580395854798272,0.933042603908155,6548.94539963093,1.00029992094856
"depth_hat[3]",0.80225313156851,0.00236996893913855,0.215619634706244,0.375095139944882,0.660757075504983,0.802181984940168,0.944424180802589,1.22389551744425,8277.34969903509,0.999715007523235
"depth_hat[4]",-0.127596067410496,0.00240714676107444,0.236031561371102,-0.61886705881207,-0.276505807959823,-0.123487451507947,0.0293451323325194,0.322539528842682,9614.68409749425,1.00017887171397
"depth_hat[5]",0.182700550251257,0.00190802776808539,0.175928177164181,-0.166388568136131,0.0651408777749045,0.185006835091989,0.296811466650082,0.538955418462208,8501.6148098232,1.00022273233699
"depth_hat[6]",-1.03105402818792,0.00337733259650484,0.312813604091283,-1.67451556149324,-1.23478788897887,-1.02095048672407,-0.811729084531501,-0.446472900988276,8578.74187853311,0.999932433179929
"depth_hat[7]",-0.611548275666756,0.00350329822119405,0.278521922707873,-1.21263153539749,-0.783742500965493,-0.593234087290684,-0.418177946397268,-0.103514651825205,6320.69089095095,0.999816923339175
"depth_hat[8]",-0.149566000235987,0.00232678170457803,0.230796948912991,-0.618786035040556,-0.298304249830386,-0.147465427482141,0.00559087041014368,0.292631173090851,9838.95209180163,0.999730605064909
"depth_hat[9]",-0.484564147874085,0.00297473081235613,0.263744288236568,-1.04475136706677,-0.649916154839802,-0.466961106461077,-0.302201099235062,-0.00969002197672743,7860.87304621641,1.00011203007107
"depth_hat[10]",-0.710659057352922,0.00304655617082899,0.276311735580498,-1.30437361693499,-0.883025545946344,-0.698452634904016,-0.525570459739212,-0.199124151394551,8225.84045538329,0.999997369355418
"depth_hat[11]",-0.833287174842683,0.00339326266101178,0.293258268262721,-1.44689662496281,-1.01928754776376,-0.818269037991148,-0.629343032577681,-0.301337534036627,7469.05357985988,0.999789967065624
"depth_hat[12]",-0.0193903994286079,0.00237030228972313,0.235215900571615,-0.496116830826054,-0.169142534825041,-0.0181337695454516,0.1339253201676,0.434416661326423,9847.49754537699,0.999642647100839
"depth_hat[13]",-0.321334021631978,0.00337883371070096,0.257865368616138,-0.87865235053299,-0.48108252985436,-0.303191028592708,-0.143865616690954,0.143526994198644,5824.41623019208,1.00046401669872
"depth_hat[14]",-0.80184521191861,0.0027136880828788,0.273947179185227,-1.36666063129188,-0.97754972371213,-0.792304488627904,-0.612273742488901,-0.297003016511467,10190.9298213004,0.999746509745287
"depth_hat[15]",-0.0429601403436205,0.0023139021897589,0.235656889536653,-0.504827791866611,-0.195514255771679,-0.0421296060004709,0.109412050460599,0.427794266369639,10372.1858046065,0.999832078244493
"depth_hat[16]",-1.57160542445188,0.00444018852765146,0.386411842127345,-2.36774991766494,-1.81833844195273,-1.56206207312357,-1.31307078754249,-0.827730058263366,7573.52449254556,1.00024638210533
"depth_hat[17]",-0.947005302194588,0.00354233045954368,0.313865996492207,-1.59254998743064,-1.15188092833982,-0.939540887056298,-0.732303806120589,-0.358567357609554,7850.73627370729,0.999961958080741
"depth_hat[18]",-0.0917246177726952,0.00277496811277828,0.218718108857594,-0.554614639524351,-0.232602450525614,-0.0834118067434841,0.059647496057673,0.306894933160957,6212.31530618815,0.999973712883448
"depth_hat[19]",0.51676309332597,0.00200135396199236,0.180572924398195,0.165039236870517,0.394688461549228,0.516086058070741,0.634463843603816,0.88089063570839,8140.61943624563,0.999793917495379
"depth_hat[20]",0.0907976642531363,0.00284740853667761,0.240585944044741,-0.364332858508495,-0.0694930993989164,0.0823988869489625,0.24247489668423,0.590303470734599,7139.0584172492,0.999762918046809
"depth_hat[21]",-0.354924548334893,0.00323831073122927,0.263330960294297,-0.882299462163526,-0.527362684736407,-0.349832257153383,-0.178880002510718,0.145026788996353,6612.51709386151,1.00001978201831
"depth_hat[22]",0.926435233391407,0.00263804923787821,0.23700574117103,0.45489675920126,0.772419767651618,0.926119322021138,1.08221368765906,1.39057074624079,8071.45701809927,0.999600725052345
"depth_hat[23]",-0.120735838453249,0.00241450261599425,0.235524642857097,-0.592475406716205,-0.274523130425041,-0.116073241448023,0.032784029033824,0.340721034318105,9515.18742672565,0.999928388081719
"depth_hat[24]",-0.0324263863688896,0.00288483654558604,0.24207557333817,-0.494867209217902,-0.196081091523604,-0.0366564758086187,0.125939724521813,0.459974995732901,7041.40810755038,1.00034362974844
"depth_hat[25]",0.886318446139928,0.00257357441799944,0.230216842765328,0.431420884897039,0.735461830653562,0.886545067389413,1.03664956264586,1.33058024995542,8002.04013754581,0.999624868568285
"depth_hat[26]",0.781497450075084,0.00234623200953998,0.212765849959975,0.362117570678664,0.641292810864956,0.780714368452166,0.921926920625734,1.19589677284397,8223.59917351972,0.999667596357596
"depth_hat[27]",-0.0949560491214741,0.0021485729106861,0.203438359577593,-0.510548313815192,-0.225645784186412,-0.0894794364507117,0.0427590167089318,0.287374109949679,8965.31387660634,0.999921618001964
"depth_hat[28]",-0.0943549057428587,0.00219186822230183,0.20431920412537,-0.506915239601202,-0.225523400620794,-0.0903927224368022,0.0433475259937097,0.297097303145821,8689.39412295603,1.00033034309689
"depth_hat[29]",0.752824790457876,0.00227498341542514,0.208066754288847,0.342710097057495,0.614823067297793,0.751876736943598,0.890766628621695,1.16297368213436,8364.6719834996,0.999662301503585
"depth_hat[30]",0.748618198197195,0.0022490636928497,0.20607569867422,0.342086513751161,0.613015718540362,0.747455418860141,0.886559561312251,1.1526739224618,8395.56739910255,0.999661330023982
"depth_hat[31]",1.02453095872247,0.00288532690557517,0.256504293073663,0.519337370078268,0.856459382174461,1.02234678247768,1.19193996626504,1.52333775268164,7903.13181206026,0.999631185607752
"depth_hat[32]",0.12650572535969,0.00200745063738679,0.18476147574326,-0.239307783004457,0.00288513800378822,0.130896488265303,0.247316697858965,0.495885496051217,8470.96905089082,0.999842646978198
"do_hat[1]",0.092237602865611,0.00176799017601387,0.187075677972075,-0.279654191683572,-0.0311472313564799,0.0913051455561233,0.213749225339111,0.461195346178776,11196.3111873151,0.999945906757194
"do_hat[2]",0.18084711824591,0.00215712940959312,0.213740868200859,-0.226341676011645,0.0369118301588017,0.173199043534731,0.317559233394064,0.632817099983329,9817.99346013927,1.00009683527887
"do_hat[3]",0.298210362156181,0.00283916688742241,0.249268736695683,-0.162329548997944,0.128033515299819,0.284932811451979,0.458012899369167,0.81554716808606,7708.21434566556,1.00018115016399
"do_hat[4]",0.0205454990394853,0.00188239352994339,0.193272584272436,-0.364796279536175,-0.104551782351003,0.0228547158338906,0.147310838748679,0.399497838219115,10541.9187470805,0.999777226749221
"do_hat[5]",0.113049613527273,0.00185288806938072,0.18897132832478,-0.261095576462827,-0.0128696577043867,0.111735932781881,0.237918436782365,0.490509494436072,10401.4398466709,0.999900260020199
"do_hat[6]",-0.247725607955978,0.00314004691293372,0.276119267449377,-0.853869679685558,-0.418136336366382,-0.225335950126022,-0.0532384624139132,0.241818522308667,7732.52177944271,0.999891148259402
"do_hat[7]",-0.123729982038617,0.00248788411472642,0.225912125023784,-0.608979468897346,-0.265265138808951,-0.110361226562545,0.0300405110402256,0.294905828458592,8245.53400841532,0.999674585562273
"do_hat[8]",0.0136523772857107,0.00186669900863942,0.193320777224106,-0.375457066304184,-0.114981850858445,0.0156720039782757,0.139897165745397,0.387751362689527,10725.2758611207,0.999611732861428
"do_hat[9]",-0.0878621460143494,0.00224425720933334,0.214554921524922,-0.543550949440805,-0.222699190758866,-0.0788487550779962,0.0568301955864706,0.317394082956989,9139.69501733515,0.999608492179106
"do_hat[10]",-0.152968797578355,0.00252773343064569,0.235001295191812,-0.64813437244049,-0.29930096060366,-0.140117350000154,0.00634368318349478,0.280460985679985,8643.26775945976,0.999682316185857
"do_hat[11]",-0.191044920279568,0.00292257622908892,0.252921128350075,-0.74212797631301,-0.345924743133844,-0.172930508589142,-0.0170358316170334,0.264896315790389,7489.2534141289,0.999754408081362
"do_hat[12]",0.0495258935515213,0.00182477602128696,0.192095748029576,-0.330659832004433,-0.0753375462428762,0.0504014912881553,0.175809746424304,0.421487936013856,11081.9547683331,0.999752159347402
"do_hat[13]",-0.0435916819406391,0.00217198643011143,0.207068576330632,-0.475549794746375,-0.171652092250701,-0.0337318499028337,0.0924638779306139,0.349688146413571,9088.95974597335,0.999609105460926
"do_hat[14]",-0.182620613935108,0.00278046859869896,0.247792860736332,-0.713757931592648,-0.335994557113877,-0.166212931236003,-0.0119595022629381,0.268213862472017,7942.21409006945,0.999707365392312
"do_hat[15]",0.047661059824059,0.0018710106050917,0.192372642606803,-0.332143321728939,-0.0791576867076553,0.048254516641451,0.173212972721553,0.42341391558465,10571.4393742915,0.999801072036357
"do_hat[16]",-0.411827651534199,0.0044840757796068,0.366850588551535,-1.24069474059563,-0.638145263169564,-0.371383285564427,-0.146828443899853,0.194002003749605,6693.18075196755,0.999950273613725
"do_hat[17]",-0.218954568199601,0.00286138196778083,0.260904921802634,-0.779936211682531,-0.382195575782681,-0.201262794648953,-0.0359745835317503,0.254473715285647,8314.05459197054,0.999834637744588
"do_hat[18]",0.0294008846230282,0.00187462890995948,0.189726795795152,-0.350534011942921,-0.0950549010230393,0.0322426633832909,0.154546534426794,0.396188563526619,10242.9894114815,0.999838693373401
"do_hat[19]",0.213177427812937,0.00229812693631795,0.21374206710029,-0.192806263828769,0.0687780887154727,0.205955793620603,0.353864902160339,0.640377296491482,8650.31622464004,1.00005481052079
"do_hat[20]",0.0827231817344725,0.0018150372720531,0.192466610832407,-0.294676044659204,-0.0420609197116479,0.0809284544931518,0.206451623129606,0.476063778709731,11244.4884359522,1.00010105998835
"do_hat[21]",-0.0469266363329632,0.00206259866888084,0.203908163478732,-0.464759071796917,-0.178145048785139,-0.0395337397240514,0.0892921187557167,0.341255686060171,9773.26691889872,0.999758684784377
"do_hat[22]",0.335489120660181,0.00308201019818266,0.268071923825382,-0.149039285293956,0.147662209444784,0.31957011591058,0.506043345788342,0.90051650195812,7565.44571319771,1.00017544607712
"do_hat[23]",0.0151507208204745,0.00189868640532925,0.194675204402185,-0.381701361708216,-0.10884672544598,0.0182995293522998,0.140900587480149,0.390087933372725,10512.7127296412,0.999781947033876
"do_hat[24]",0.0498485837911234,0.00192171100840974,0.194838910702601,-0.331405218510019,-0.0772067028012044,0.0491291796647142,0.173604082629301,0.438686529770581,10279.5766634289,1.00021745555109
"do_hat[25]",0.323406549673942,0.00297765976622236,0.261887091982904,-0.152553711016207,0.141830615799197,0.30897050313298,0.489481295728477,0.874015043421215,7735.315657777,1.0001641520525
"do_hat[26]",0.292010896131513,0.00272325308596096,0.246289908766219,-0.163437082620359,0.124054905629326,0.278030332142881,0.449726354608286,0.800562730944987,8179.32051575332,1.00014673780622
"do_hat[27]",0.0308750358732364,0.00178014985302628,0.186780724475814,-0.34224577036585,-0.0914184606258813,0.030287989137956,0.152200693027425,0.391546232391741,11009.0789359236,0.999825794998009
"do_hat[28]",0.030008199474942,0.00174046427626006,0.186774732036833,-0.343025359087562,-0.0942395451356303,0.0316223256425586,0.151934750976725,0.395496545841584,11516.1156267202,0.999751306065261
"do_hat[29]",0.283492999488711,0.0027347539297535,0.242144212782961,-0.165864063826605,0.116979915738985,0.271745700723112,0.437965809343378,0.780122512767143,7839.92084146234,1.00017924811137
"do_hat[30]",0.282349917297298,0.00266819183301969,0.241736977602204,-0.165699828825985,0.117779775746197,0.270736139380715,0.437636893846816,0.775429248627479,8208.27833911372,1.00012220162783
"do_hat[31]",0.364854457255868,0.00331017583660206,0.283695690855838,-0.138702572829554,0.164169641686977,0.345858759051712,0.54380768023685,0.967868995204257,7345.19534271573,1.0001590763233
"do_hat[32]",0.0960653992482386,0.00178387985099961,0.188181008993108,-0.277085808381968,-0.0286481709243631,0.0944587823988629,0.220873466358666,0.471632853943478,11128.0837455946,0.999893023281076
"thermal_hat[1]",-0.0619957126501986,0.00197527970996733,0.186275619056538,-0.42622787673029,-0.184134247961733,-0.0639816315710163,0.0604584070230559,0.305156567976053,8893.13377763627,0.99977361838459
"thermal_hat[2]",-0.389589861817127,0.00303272412043099,0.267990619430349,-0.934074441067917,-0.563687723820314,-0.379991672433035,-0.209390712034823,0.118902096980849,7808.60355769069,1.00013505352454
"thermal_hat[3]",-0.814380418720757,0.00245945910425635,0.216988221175705,-1.23706709257692,-0.959825934259211,-0.816206186373065,-0.669315074736312,-0.387055518518513,7783.82580207966,0.999892033421196
"thermal_hat[4]",0.198606350893189,0.00248463810591893,0.251652402109087,-0.288941763381995,0.0316340222396274,0.194517005945696,0.361317879408025,0.701747534700833,10258.3113784442,1.00001571816722
"thermal_hat[5]",-0.13905571950767,0.00201991196304957,0.183631627788427,-0.50339169044091,-0.260252655527716,-0.14093075777865,-0.0176760690181545,0.220402024002041,8264.75693077056,0.999908815828595
"thermal_hat[6]",1.18385112797951,0.00346231426291982,0.317009738349756,0.586978782106788,0.972086697996983,1.1689121174858,1.39253806646847,1.83499195776135,8383.24652814109,1.00006349963448
"thermal_hat[7]",0.727776838021511,0.00358901921636764,0.292264966511262,0.190886396135765,0.525400710829852,0.714107137162078,0.90942854545631,1.35507759648906,6631.35003712363,0.999748266913483
"thermal_hat[8]",0.218892470295442,0.00244996902776496,0.241986015129332,-0.251154537137248,0.0583746815769811,0.215203396675635,0.381272693842463,0.700493973585946,9755.72046239131,0.999786633427643
"thermal_hat[9]",0.59006302601386,0.00312227161112758,0.277424677930196,0.0933486676635516,0.401219125106677,0.574010169659644,0.762332433349053,1.17451053977759,7894.93975706016,1.00004921565038
"thermal_hat[10]",0.83374325285829,0.00289141095356407,0.281352216568833,0.304551916921306,0.644955958500718,0.818096417969331,1.01299168947886,1.41917560995009,9468.4968303025,1.00001233718618
"thermal_hat[11]",0.971462283123198,0.00343782430437141,0.308765348869272,0.406433800316813,0.763227253569214,0.953623519951107,1.16932892144815,1.61680388937711,8066.58577893674,0.99977444873842
"thermal_hat[12]",0.0795082018935798,0.00267785826574852,0.249859435236456,-0.409901210584038,-0.0838742397318451,0.0770021761079645,0.241469770279399,0.577221132545368,8705.95332147799,0.999741129408616
"thermal_hat[13]",0.413917716615088,0.00373344305037359,0.277905774918793,-0.0855446226277115,0.22183322110919,0.395524000112801,0.583236588201867,1.00327121950815,5540.84601740657,1.00026973406784
"thermal_hat[14]",0.939444250454732,0.00296709109883077,0.292893938354164,0.394965733108465,0.736032142640617,0.92962498087789,1.13239548158244,1.53171168769226,9744.48757295894,0.999721262322471
"thermal_hat[15]",0.101176426912572,0.00251579741239254,0.25140227540836,-0.410117614191267,-0.0617691491223278,0.107346345216734,0.269820507640879,0.578722473388582,9985.89685820496,0.999820957339504
"thermal_hat[16]",1.77540662093307,0.00442726807701857,0.392695352203481,1.03946998754633,1.50653431164433,1.76387704091847,2.04106258237262,2.56049108563854,7867.55671908057,0.999853640631981
"thermal_hat[17]",1.08593579378613,0.00315621201195746,0.308023552491896,0.508707314674499,0.878484697375439,1.07440484630532,1.28282983480362,1.72709095618687,9524.35367502039,1.00002186451849
"thermal_hat[18]",0.161331002454084,0.00282291072902393,0.228115466764806,-0.260338832322743,0.00598921356335489,0.152707604404079,0.305644626306581,0.63378775397218,6530.02999583442,0.999919520746174
"thermal_hat[19]",-0.503057955191342,0.00210268682583456,0.183207016481372,-0.865376266467242,-0.626803876109127,-0.501220412999663,-0.378192260659112,-0.144129374727513,7591.62971859219,1.00005432210054
"thermal_hat[20]",-0.0335062230533009,0.00289341770664397,0.254483371057362,-0.548213664681266,-0.197249331041222,-0.0310057976152956,0.136800736256987,0.458526960300386,7735.64530899,1.00025485590233
"thermal_hat[21]",0.447679170792751,0.00357671606606314,0.277073753032306,-0.0898844783995394,0.264682055706576,0.445970957669702,0.630846507550289,1.00467626340148,6000.97536275053,1.00000332775868
"thermal_hat[22]",-0.94980628096322,0.00275556343685929,0.238729954827615,-1.4241790918358,-1.10807763305023,-0.951728786123132,-0.790548518360928,-0.467871084863604,7505.73115746212,0.999957061389378
"thermal_hat[23]",0.200351242115533,0.00263334236660011,0.252981948295494,-0.281368313439101,0.0330826273888962,0.194501811180737,0.358058911926144,0.719746803057454,9229.20755857559,0.999728625920907
"thermal_hat[24]",0.0969553898153237,0.00317639531069205,0.255961364690433,-0.406304127926422,-0.0664092242125771,0.0968492295120679,0.267322930209667,0.607150086202876,6493.513407736,1.00050962636741
"thermal_hat[25]",-0.905976584166688,0.00267537460788036,0.231403306074738,-1.35851994254131,-1.06166608096242,-0.908208930358191,-0.750767580440466,-0.44503234206886,7481.17677992837,0.999913376515919
"thermal_hat[26]",-0.791313062266712,0.00244139999334487,0.212816484786686,-1.20426772562489,-0.932597843423223,-0.792323003336315,-0.647508463619708,-0.373714434621583,7598.58371853896,0.999901726962343
"thermal_hat[27]",0.162346899382807,0.00226009027375941,0.214410006699841,-0.24339204824574,0.0161517660887288,0.158851531193653,0.300706132690957,0.5970539689608,8999.91749487328,0.999784444813447
"thermal_hat[28]",0.164543009996039,0.00230849416550161,0.2122154744892,-0.243171818046898,0.0203683948956823,0.15869698321095,0.303232064855959,0.600013454025446,8450.77493194962,1.00013252502038
"thermal_hat[29]",-0.760232035319109,0.00238529246145963,0.208452524750177,-1.16645714575982,-0.901075814414669,-0.763889463347898,-0.61867235955646,-0.344162226893715,7637.14520602892,0.999942581968141
"thermal_hat[30]",-0.755974027118535,0.00237232076030355,0.207709123753744,-1.15963911028513,-0.89390131933041,-0.758263851229421,-0.616913893730001,-0.348153544926616,7665.92080645557,0.999905567807903
"thermal_hat[31]",-1.05680265745454,0.00301878852400957,0.258152395470346,-1.56187931216057,-1.22876835886332,-1.05799424867316,-0.882173146273594,-0.544175878162239,7312.85459131779,0.999878972854775
"thermal_hat[32]",-0.0750119352005294,0.00215414532127473,0.190900431114408,-0.448878291399387,-0.202016671303057,-0.0756081650702523,0.0535475114098639,0.306034748069275,7853.51038519472,0.999830327882095
"canopy_hat[1]",0.0982317390918017,0.0020310885257014,0.193746607631813,-0.294004177999207,-0.0296373864047972,0.0990707894000551,0.227176080770966,0.471787400356607,9099.35290260561,0.999833979891004
"canopy_hat[2]",0.461633412511442,0.00336006272538944,0.291047103425037,-0.102571519320815,0.267212157088276,0.451328596695502,0.657790358249992,1.04434525189712,7502.94552343531,1.00013623723706
"canopy_hat[3]",0.921558621185033,0.00228112508540748,0.209920187571472,0.507464523015749,0.781833211919182,0.924416790363994,1.0587832150916,1.32871614191004,8468.57251370192,0.999666760995704
"canopy_hat[4]",-0.187639984372929,0.00272053553807821,0.264541844074604,-0.719492085614075,-0.359238588010152,-0.185719797727827,-0.0100642064014237,0.321217309815781,9455.40088107095,1.00000426897329
"canopy_hat[5]",0.182086998481363,0.00202770766839791,0.18932144247972,-0.197082750811567,0.054453605364203,0.182438045800489,0.313578379361224,0.54747065789162,8717.4391066573,0.999857044975609
"canopy_hat[6]",-1.27131354400019,0.00323207958170669,0.323711748369872,-1.9370485424925,-1.48065200047335,-1.25800351986028,-1.0522525264721,-0.667863172960005,10031.1986645125,1.00041312463096
"canopy_hat[7]",-0.775830994565681,0.00428260367804315,0.318333716284093,-1.44886108578263,-0.983656671066103,-0.755623888210729,-0.553353420380818,-0.210452799073496,5525.21913669495,1.00050961250066
"canopy_hat[8]",-0.216447972471267,0.00258562273686106,0.263572611535752,-0.747101324105489,-0.386740943337836,-0.213856754652357,-0.038429246116746,0.286861619048423,10391.3086118507,0.999680525154191
"canopy_hat[9]",-0.621677581629085,0.00348838587028173,0.297609410079906,-1.25405475778318,-0.809808972433944,-0.602654866146412,-0.414425218091923,-0.0832443708410188,7278.54012609072,1.00037261953595
"canopy_hat[10]",-0.891206333449306,0.00323151063806447,0.304162070995632,-1.52776076228133,-1.08587591309096,-0.874828946578115,-0.684742403852402,-0.333189550088064,8859.29030901122,0.999895645305156
"canopy_hat[11]",-1.04247353741133,0.00405111128793127,0.332057163896219,-1.7404986127009,-1.25650792136383,-1.0241205863493,-0.809888535172412,-0.43669195728854,6718.57795905198,1.00061615162127
"canopy_hat[12]",-0.0623053132650834,0.00279936017852815,0.26702347483575,-0.604484714239166,-0.232686526813324,-0.0561568456780143,0.109172092102543,0.46259461145894,9098.74147723355,0.999685763943212
"canopy_hat[13]",-0.429676468805423,0.00411085416125234,0.301516190835982,-1.08033347838156,-0.621152384437605,-0.407124424458572,-0.220062394645344,0.103547532851729,5379.68858296065,1.00100363756814
"canopy_hat[14]",-1.00233026501998,0.00316614518941848,0.302487447855997,-1.62572152833872,-1.19990945317986,-0.991823265515814,-0.793604029036939,-0.440668976743253,9127.52566295633,1.00007366997712
"canopy_hat[15]",-0.088998323101979,0.00261546504151518,0.266157110294359,-0.602379246740944,-0.266758411952437,-0.0939358598691077,0.0831641795843533,0.452045003850483,10355.6724726884,0.99963092663501
"canopy_hat[16]",-1.92143183155753,0.00401076439435052,0.396234582121942,-2.7177571582084,-2.18410703439551,-1.91574452299956,-1.65185508345842,-1.1627174852754,9760.01425106531,1.00016500481551
"canopy_hat[17]",-1.17259722082653,0.00358510688201322,0.3394825590242,-1.86534363944402,-1.39597549164321,-1.16920999953323,-0.941208174997736,-0.530790376900142,8966.66034344409,1.00031234120627
"canopy_hat[18]",-0.149862220400365,0.00306798771698674,0.241827136515517,-0.670615255735704,-0.30140155654918,-0.138256527937897,0.0164752960655662,0.287295455840092,6213.02117463467,1.00029231779951
"canopy_hat[19]",0.580709296469011,0.00199684605829483,0.181315412449998,0.228445762457667,0.458153434124147,0.582438439968397,0.700886002844708,0.936025779363304,8244.80282196796,0.999673893622287
"canopy_hat[20]",0.0723147131681722,0.00325917071779218,0.273804061118729,-0.44702361292364,-0.113203581779335,0.0654805286311178,0.248093994509166,0.627377408694437,7057.73830947941,0.999739614214053
"canopy_hat[21]",-0.457323308690239,0.00374777721628615,0.288539582296824,-1.02294248871966,-0.647836228233245,-0.45352810750924,-0.268268552980857,0.109806214265251,5927.38673823943,1.00001050419697
"canopy_hat[22]",1.06986116191417,0.00249359887199356,0.229408598037782,0.613352703162597,0.919958558593436,1.07027545478831,1.22307192160086,1.52228758566733,8463.81566255204,0.999745191584337
"canopy_hat[23]",-0.190260307921836,0.00281012654253213,0.269608117802072,-0.74616637397791,-0.36042677222327,-0.184262796567604,-0.0111915205434709,0.320581834501084,9204.79614891221,1.00045640293713
"canopy_hat[24]",-0.07306234176501,0.00339574210733307,0.275770229267078,-0.59525314935827,-0.259395214067214,-0.0795671666449673,0.104199704459859,0.480260001983327,6595.16037023493,1.0002196096329
"canopy_hat[25]",1.02181721147293,0.00240957442049377,0.222494372272021,0.574792685213599,0.877114396074494,1.0255068704531,1.16895398235324,1.4559479343535,8526.23645589792,0.999692681584054
"canopy_hat[26]",0.896433831686953,0.00222055137062588,0.206604174030104,0.488018139479972,0.761097047935492,0.896794208827604,1.03666106907763,1.29775811225199,8656.78304301379,0.99969985394608
"canopy_hat[27]",-0.149133894821687,0.00232351676469182,0.220367214518738,-0.592165262374314,-0.293683914447037,-0.146721614941616,0.0027310054106284,0.276853616962422,8995.02435448472,0.999707513807273
"canopy_hat[28]",-0.149672214324178,0.00235038417634159,0.223647259723545,-0.603354747019051,-0.293468771808868,-0.143145136679444,-0.00164413033965441,0.276873512035942,9054.18686191433,0.999871835847677
"canopy_hat[29]",0.862398919335444,0.0021915660857927,0.203264325414687,0.457429482628163,0.730181646879481,0.863929323883298,0.997577103350579,1.26259683471992,8602.27225913593,0.999794629135263
"canopy_hat[30]",0.857596864771441,0.00217865493504962,0.201625878285967,0.453117456325791,0.725629541770684,0.858779999511766,0.989633500781629,1.2544087058418,8564.76879930265,0.999633829464704
"canopy_hat[31]",1.18702459751201,0.00270932434608418,0.247882294167514,0.697011635376319,1.0269992874268,1.1886654332733,1.34757324657409,1.67527634368265,8370.83949358099,0.999706715507013
"canopy_hat[32]",0.113877616192253,0.00223028265005272,0.202639617313096,-0.295734832598035,-0.0176641276255691,0.114976303010348,0.251451941041691,0.505768093343836,8255.22474816938,0.999705418656794
"q_hat[1]",0.131517390291667,0.00189699474123559,0.192419810189418,-0.249451519859758,0.00525929227534443,0.131554471438171,0.254580189594791,0.509168689743778,10288.8612332868,0.99969020462213
"q_hat[2]",0.373177598387396,0.0027328398200696,0.258909538503829,-0.100001282536747,0.197190923039688,0.362300142711155,0.53243356566396,0.925652168802837,8975.68798090914,1.00018590422951
"q_hat[3]",0.683210320794786,0.00290324818842154,0.271662244195537,0.131254343191459,0.503488213406334,0.680061581468518,0.866577431956892,1.20722090839239,8755.68725743661,0.999928343674993
"q_hat[4]",-0.0602137839985478,0.00231075548483257,0.226612304568964,-0.51737538010059,-0.204456353935539,-0.0572982057321735,0.0873087870577505,0.377854596257923,9617.42902050911,0.999743328293178
"q_hat[5]",0.187916840372036,0.00198378472977007,0.192576779408575,-0.182809774037595,0.0615146220626834,0.183775216433267,0.314445535105801,0.56706069883112,9423.64143296693,0.99977453688827
"q_hat[6]",-0.783687343662686,0.00394004821486634,0.348751062027067,-1.51737804662492,-1.00692751712247,-0.76692968358806,-0.540845284115416,-0.153475899112849,7834.80162758365,0.999907527398774
"q_hat[7]",-0.445433242961786,0.00319705763557198,0.283532759743846,-1.05497012060544,-0.619371565486306,-0.425814939305727,-0.248690086841606,0.0482179785896856,7865.12372473752,1.00022705143893
"q_hat[8]",-0.072161583751583,0.00227952065483481,0.226893928130269,-0.529036371897883,-0.217180099289548,-0.0677837655053918,0.0767910952323218,0.372982524782786,9907.37689069634,0.999594853934153
"q_hat[9]",-0.340787484352547,0.00264813380949654,0.255444998107088,-0.881000050655221,-0.498785299707059,-0.326489704269441,-0.167604667794583,0.117922112635802,9304.96950290397,1.00029152587476
"q_hat[10]",-0.520935036150651,0.00280549083231555,0.280461752214958,-1.10879964338582,-0.698383684951485,-0.506157757833659,-0.330446922034266,-0.0155100984474126,9993.77524794389,1.00004223383561
"q_hat[11]",-0.622269710913286,0.00327450087123344,0.311260400228277,-1.28134200517949,-0.81429054613063,-0.60596736919059,-0.405670280056408,-0.0594252579490205,9035.61093760247,1.00000580756085
"q_hat[12]",0.0326893146133836,0.00225471249947925,0.225046440719955,-0.407134840250429,-0.110499482664102,0.030494782805961,0.176269556550165,0.481469787164747,9962.35360050365,0.999617024332041
"q_hat[13]",-0.209001273522283,0.00288940036017872,0.246490151281405,-0.738184550046803,-0.360758786062773,-0.197635446860227,-0.0429108388499194,0.24902642177969,7277.52485812936,1.00048709883613
"q_hat[14]",-0.598983887273606,0.00318087960369783,0.297365152435383,-1.21430173468816,-0.78770777607735,-0.587800463945471,-0.393888262896678,-0.0549124273399894,8739.48182597402,0.999686998444828
"q_hat[15]",0.0114331649149291,0.00217225848165693,0.225307426655097,-0.424352520134236,-0.136244934270574,0.013570579670662,0.156032552486008,0.461091995503003,10757.9125938509,0.999543116611001
"q_hat[16]",-1.22271283808242,0.00571922586685702,0.475654266214964,-2.18776608568058,-1.5309061427757,-1.20563044546701,-0.9009086794069,-0.327004259739174,6916.84902114584,0.999842328737686
"q_hat[17]",-0.708209807048178,0.00348968176160481,0.325557389549147,-1.40241183244388,-0.909760319903116,-0.690090384367035,-0.48940898106188,-0.121615771007485,8703.29025722866,0.999682444409865
"q_hat[18]",-0.0305538165073384,0.00242745802632873,0.217175777876838,-0.479220234114984,-0.17091366049081,-0.0242505070007353,0.113804558278842,0.388151143879049,8004.22545914285,0.999835953645527
"q_hat[19]",0.454975482771874,0.00229581516384895,0.2203938354139,0.0201372699232013,0.30810083692065,0.453195042703005,0.604108932288307,0.883630943529832,9215.63033083082,0.999783306509275
"q_hat[20]",0.108930921845575,0.00235266036360494,0.228773859160425,-0.326686423984461,-0.040919623967283,0.107343605243291,0.255915214915932,0.57392733608542,9455.71393700201,0.99975193240927
"q_hat[21]",-0.248480843979799,0.00314096333789434,0.260342036693132,-0.790834838055611,-0.416095762510582,-0.23348076154221,-0.0725525828981282,0.228157224098914,6870.0968845627,0.999817823359175
"q_hat[22]",0.782604125958134,0.00323289413116364,0.299097154997901,0.175242471242496,0.58588884885211,0.778558616365033,0.984825471913931,1.3691762668499,8559.36602287829,1.0000012293915
"q_hat[23]",-0.0544768595907958,0.0023160481476776,0.228568457962243,-0.518173069300688,-0.201851312792454,-0.0501279949888591,0.0948973799274827,0.390604328513727,9739.51721394368,1.00015566607177
"q_hat[24]",0.0122726138575176,0.00255002630049083,0.229952481159952,-0.442429749761682,-0.139277354690819,0.0106451452042536,0.16217873867482,0.465698738793847,8131.80359043783,1.0001643610505
"q_hat[25]",0.750656860014287,0.00313378732889569,0.290421695818779,0.160142517241663,0.559370814709937,0.747036083038225,0.944744756044359,1.32106419489153,8588.5346792042,0.99997773326198
"q_hat[26]",0.666736398554597,0.00286235066640226,0.268086382969685,0.123810229397666,0.491730389010927,0.66360451189471,0.847750568984454,1.18626642672919,8772.10526012734,0.999936951492073
"q_hat[27]",-0.0302218711486612,0.00206762707947847,0.203824403103344,-0.436376242370601,-0.163981775340413,-0.0285082121621575,0.104353926812096,0.366692293448228,9717.79952503294,0.999665174240338
"q_hat[28]",-0.0329427653460626,0.00212233735785711,0.205588876637077,-0.451862515198254,-0.166997573880478,-0.0281587584092545,0.106320719805257,0.359477069565086,9383.6195119049,0.999722270404749
"q_hat[29]",0.643601013112783,0.0027853445080261,0.261346783616187,0.110440961568726,0.471604108213315,0.641722620262439,0.820908565499461,1.1458763841649,8803.92798284907,0.999917079749303
"q_hat[30]",0.640543454528105,0.00275666395824712,0.260846095525796,0.114922137276177,0.468135706470989,0.63949337048618,0.816447242424451,1.15031652661114,8953.66877641314,0.999900660325054
"q_hat[31]",0.860995793010771,0.00350794220207208,0.322152334573279,0.205902104663343,0.645549543006136,0.857039565609087,1.07621715664414,1.48030920015244,8433.69143791773,0.999946173211557
"q_hat[32]",0.14216828788494,0.00200681376215206,0.198730791486933,-0.242551526116868,0.00830430676078798,0.139702803001799,0.273101796759209,0.541347005594845,9806.54855881634,0.999616954432248
"stream_quality_hat[1]",0.59258247504544,0.0221128576023069,0.745101659434095,-0.825553130603116,0.0787190395815412,0.572037760960238,1.07251306963655,2.11992861718482,1135.38021698613,1.00180874648618
"stream_quality_hat[2]",0.59258247504544,0.0221128576023069,0.745101659434095,-0.825553130603116,0.0787190395815412,0.572037760960238,1.07251306963655,2.11992861718482,1135.38021698613,1.00180874648618
"stream_quality_hat[3]",0.59258247504544,0.0221128576023069,0.745101659434095,-0.825553130603116,0.0787190395815412,0.572037760960238,1.07251306963655,2.11992861718482,1135.38021698613,1.00180874648618
"stream_quality_hat[4]",0.303349079615378,0.0209371723480632,0.751700964954669,-1.14951372063995,-0.198185200253031,0.27822965181834,0.790574824873608,1.8109318944513,1289.00368653086,1.00163775789448
"stream_quality_hat[5]",0.59258247504544,0.0221128576023069,0.745101659434095,-0.825553130603116,0.0787190395815412,0.572037760960238,1.07251306963655,2.11992861718482,1135.38021698613,1.00180874648618
"stream_quality_hat[6]",-0.75899982091384,0.0212690813823459,0.779030311317634,-2.312139313398,-1.25697401122076,-0.771614302075307,-0.245735042562435,0.823662164460547,1341.56353727484,1.00116733251681
"stream_quality_hat[7]",-0.75899982091384,0.0212690813823459,0.779030311317634,-2.312139313398,-1.25697401122076,-0.771614302075307,-0.245735042562435,0.823662164460547,1341.56353727484,1.00116733251681
"stream_quality_hat[8]",-0.469766425483777,0.0222408660051443,0.787259181831921,-2.01578436420403,-0.998808790467345,-0.479939850849006,0.0407895095385914,1.12966313916178,1252.94521485603,1.00115767287358
"stream_quality_hat[9]",-0.469766425483777,0.0222408660051443,0.787259181831921,-2.01578436420403,-0.998808790467345,-0.479939850849006,0.0407895095385914,1.12966313916178,1252.94521485603,1.00115767287358
"stream_quality_hat[10]",-0.75899982091384,0.0212690813823459,0.779030311317634,-2.312139313398,-1.25697401122076,-0.771614302075307,-0.245735042562435,0.823662164460547,1341.56353727484,1.00116733251681
"stream_quality_hat[11]",-0.75899982091384,0.0212690813823459,0.779030311317634,-2.312139313398,-1.25697401122076,-0.771614302075307,-0.245735042562435,0.823662164460547,1341.56353727484,1.00116733251681
"stream_quality_hat[12]",-0.75899982091384,0.0212690813823459,0.779030311317634,-2.312139313398,-1.25697401122076,-0.771614302075307,-0.245735042562435,0.823662164460547,1341.56353727484,1.00116733251681
"stream_quality_hat[13]",-0.75899982091384,0.0212690813823459,0.779030311317634,-2.312139313398,-1.25697401122076,-0.771614302075307,-0.245735042562435,0.823662164460547,1341.56353727484,1.00116733251681
"stream_quality_hat[14]",-0.75899982091384,0.0212690813823459,0.779030311317634,-2.312139313398,-1.25697401122076,-0.771614302075307,-0.245735042562435,0.823662164460547,1341.56353727484,1.00116733251681
"stream_quality_hat[15]",-0.469766425483777,0.0222408660051443,0.787259181831921,-2.01578436420403,-0.998808790467345,-0.479939850849006,0.0407895095385914,1.12966313916178,1252.94521485603,1.00115767287358
"stream_quality_hat[16]",-0.75899982091384,0.0212690813823459,0.779030311317634,-2.312139313398,-1.25697401122076,-0.771614302075307,-0.245735042562435,0.823662164460547,1341.56353727484,1.00116733251681
"stream_quality_hat[17]",-0.75899982091384,0.0212690813823459,0.779030311317634,-2.312139313398,-1.25697401122076,-0.771614302075307,-0.245735042562435,0.823662164460547,1341.56353727484,1.00116733251681
"stream_quality_hat[18]",-0.469766425483777,0.0222408660051443,0.787259181831921,-2.01578436420403,-0.998808790467345,-0.479939850849006,0.0407895095385914,1.12966313916178,1252.94521485603,1.00115767287358
"stream_quality_hat[19]",0.59258247504544,0.0221128576023069,0.745101659434095,-0.825553130603116,0.0787190395815412,0.572037760960238,1.07251306963655,2.11992861718482,1135.38021698613,1.00180874648618
"stream_quality_hat[20]",0.59258247504544,0.0221128576023069,0.745101659434095,-0.825553130603116,0.0787190395815412,0.572037760960238,1.07251306963655,2.11992861718482,1135.38021698613,1.00180874648618
"stream_quality_hat[21]",0.59258247504544,0.0221128576023069,0.745101659434095,-0.825553130603116,0.0787190395815412,0.572037760960238,1.07251306963655,2.11992861718482,1135.38021698613,1.00180874648618
"stream_quality_hat[22]",0.59258247504544,0.0221128576023069,0.745101659434095,-0.825553130603116,0.0787190395815412,0.572037760960238,1.07251306963655,2.11992861718482,1135.38021698613,1.00180874648618
"stream_quality_hat[23]",0.303349079615378,0.0209371723480632,0.751700964954669,-1.14951372063995,-0.198185200253031,0.27822965181834,0.790574824873608,1.8109318944513,1289.00368653086,1.00163775789448
"stream_quality_hat[24]",0.59258247504544,0.0221128576023069,0.745101659434095,-0.825553130603116,0.0787190395815412,0.572037760960238,1.07251306963655,2.11992861718482,1135.38021698613,1.00180874648618
"stream_quality_hat[25]",0.59258247504544,0.0221128576023069,0.745101659434095,-0.825553130603116,0.0787190395815412,0.572037760960238,1.07251306963655,2.11992861718482,1135.38021698613,1.00180874648618
"stream_quality_hat[26]",0.303349079615378,0.0209371723480632,0.751700964954669,-1.14951372063995,-0.198185200253031,0.27822965181834,0.790574824873608,1.8109318944513,1289.00368653086,1.00163775789448
"stream_quality_hat[27]",0.59258247504544,0.0221128576023069,0.745101659434095,-0.825553130603116,0.0787190395815412,0.572037760960238,1.07251306963655,2.11992861718482,1135.38021698613,1.00180874648618
"stream_quality_hat[28]",0.303349079615378,0.0209371723480632,0.751700964954669,-1.14951372063995,-0.198185200253031,0.27822965181834,0.790574824873608,1.8109318944513,1289.00368653086,1.00163775789448
"stream_quality_hat[29]",0.303349079615378,0.0209371723480632,0.751700964954669,-1.14951372063995,-0.198185200253031,0.27822965181834,0.790574824873608,1.8109318944513,1289.00368653086,1.00163775789448
"stream_quality_hat[30]",0.303349079615378,0.0209371723480632,0.751700964954669,-1.14951372063995,-0.198185200253031,0.27822965181834,0.790574824873608,1.8109318944513,1289.00368653086,1.00163775789448
"stream_quality_hat[31]",0.303349079615378,0.0209371723480632,0.751700964954669,-1.14951372063995,-0.198185200253031,0.27822965181834,0.790574824873608,1.8109318944513,1289.00368653086,1.00163775789448
"stream_quality_hat[32]",0.59258247504544,0.0221128576023069,0.745101659434095,-0.825553130603116,0.0787190395815412,0.572037760960238,1.07251306963655,2.11992861718482,1135.38021698613,1.00180874648618
"stream_quality[1]",0.280736391723526,0.0203452946232577,0.723213272394125,-1.1679678706044,-0.186114416647189,0.269995495959744,0.751010913069642,1.71388805650371,1263.5860096303,1.00103226153544
"stream_quality[2]",0.825561924424336,0.0211514363664312,0.802019047083692,-0.719399375320236,0.283811206837128,0.797471069347958,1.34232141916452,2.45721665883784,1437.77071891973,1.00105335808435
"stream_quality[3]",1.52448173166646,0.02187451448057,0.732185217375568,0.148776358806974,1.02878488685658,1.48764782531475,1.98694891391699,3.06024080106644,1120.37927870738,1.00131547336983
"stream_quality[4]",-0.152805315812353,0.0201805323685315,0.797372015182274,-1.70236609785014,-0.673902918639207,-0.171845949666608,0.36424932976472,1.49832235572253,1561.19352422427,1.00082180552551
"stream_quality[5]",0.407952178505814,0.0202166427258583,0.71869101238045,-0.995670216805564,-0.064972645610611,0.390902252409615,0.863972642943212,1.86451620130511,1263.76509263928,1.00123493676857
"stream_quality[6]",-1.79284682224292,0.0208476379749896,0.839064472207374,-3.47021083681704,-2.34403466128272,-1.78777296166339,-1.24399103393633,-0.109415825308175,1619.85802376593,0.999924814494563
"stream_quality[7]",-1.03462243675479,0.020854220638344,0.826488486639288,-2.68537314610244,-1.5741563591476,-1.03809773203667,-0.484440566968527,0.585799792680765,1570.67267326861,1.00074764598438
"stream_quality[8]",-0.196682900600783,0.0200769510280359,0.791403889113435,-1.74683848342057,-0.720996926452076,-0.20422421104512,0.306939052379744,1.41914136900698,1553.8204787203,1.00047603383395
"stream_quality[9]",-0.804057625878113,0.0201876475714664,0.809223034628231,-2.42550180261171,-1.32901930665494,-0.803775424540767,-0.273065376348213,0.780971134185891,1606.81191792136,1.00117968569269
"stream_quality[10]",-1.21325768279684,0.0204022603033004,0.819847561868021,-2.86667950112799,-1.745396858848,-1.21140612798399,-0.66720289599237,0.378426047942746,1614.76620075722,1.00074686132126
"stream_quality[11]",-1.43697081176488,0.0206428281467738,0.828410104724996,-3.12311690966071,-1.96953301586753,-1.4209984216269,-0.896506545241202,0.189368656015774,1610.4690435926,1.00071637004315
"stream_quality[12]",0.0339448418045196,0.020533605788927,0.80410279473445,-1.53898577360337,-0.496611292369303,0.0200000889419588,0.561905644494719,1.62278874179543,1533.53150654707,1.00041517226569
"stream_quality[13]",-0.51221910806811,0.0203855717652549,0.813999216018331,-2.17741166341015,-1.04731883416943,-0.506110640703313,0.0315169547248271,1.07132052481402,1594.41796650236,1.00147020001355
"stream_quality[14]",-1.38489962719553,0.0206985507917673,0.823810209284651,-3.0162868674382,-1.92113135407255,-1.38304194643464,-0.843068391815579,0.271977258670406,1584.07033399238,1.00028371413269
"stream_quality[15]",-0.005561506197236,0.0212452551442997,0.805369661430069,-1.5789830580013,-0.534912954102805,-0.0210698890117497,0.506903154182619,1.6273414533289,1437.03262777241,1.00053516340611
"stream_quality[16]",-2.77323263082322,0.0221711781545725,0.884212602909431,-4.54705366999729,-3.3545628586543,-2.76289122097175,-2.18558154251728,-1.06926151121624,1590.5080005556,0.999916257880077
"stream_quality[17]",-1.63825804015233,0.0208483399899608,0.852650213935224,-3.33539603441254,-2.19874417414165,-1.63507726529355,-1.08768969836263,0.0923338216475262,1672.62602219431,0.999949381450168
"stream_quality[18]",-0.0893866087611868,0.0196007240298413,0.753557435795795,-1.60277716004067,-0.584152605207682,-0.0833881258386613,0.410071656100006,1.40322547180885,1478.04784037687,1.00088519788686
"stream_quality[19]",1.00994405617069,0.021111260597765,0.712773915360624,-0.381294918237168,0.535776684213615,0.976945812672025,1.46850925053423,2.48925953707112,1139.92233315725,1.00113471317415
"stream_quality[20]",0.235527110032537,0.0216806360230218,0.797327768321913,-1.31991387136127,-0.29079779420679,0.217226585934551,0.741215982262444,1.91322599491048,1352.47654377422,1.00044663257999
"stream_quality[21]",-0.565854523946868,0.021016296614633,0.819249712897198,-2.14525151825065,-1.11689397240393,-0.57952121497809,-0.0210737690598325,1.08896813666156,1519.56827241922,1.00006346027907
"stream_quality[22]",1.74827836096811,0.0222431394260569,0.744624505792645,0.366647009349278,1.24060280949826,1.70333145085336,2.21617749506509,3.32793059874412,1120.68221924116,1.00135353398633
"stream_quality[23]",-0.153415143546813,0.0205269610365803,0.797500895917852,-1.71990359435872,-0.680254481070423,-0.174767590826113,0.359786907396466,1.46927512725554,1509.43022924464,1.00075804458762
"stream_quality[24]",0.0150923878741036,0.020614838142299,0.808373758084492,-1.52712360188475,-0.520829265532522,-0.0092589294873478,0.527832679042625,1.68110567840952,1537.67500494641,1.00012694487483
"stream_quality[25]",1.67577190763377,0.0220909844863781,0.739916708196172,0.291073549535303,1.16988558686847,1.63355562980847,2.14197390913938,3.2493988938751,1121.85189866257,1.00135639796197
"stream_quality[26]",1.48643963803697,0.0216997876278362,0.732187839701414,0.0958061839447347,0.984889580155743,1.44947469728454,1.94826009967656,3.03595577751224,1138.50267807706,1.00135339417404
"stream_quality[27]",-0.0901329864734762,0.0197977954260227,0.74489035660849,-1.58647634177164,-0.586947361878203,-0.0980708355823287,0.404474177237279,1.37402520348845,1415.63417750941,1.00052872025401
"stream_quality[28]",-0.0960408170911654,0.0204104032855361,0.751413481085817,-1.57389962142683,-0.589844364911937,-0.108821679428838,0.389891814302257,1.4106184328592,1355.36040142652,1.00056941056853
"stream_quality[29]",1.43494860288427,0.0218015251113429,0.728296981624879,0.0463051429816249,0.939702505471876,1.39981315148084,1.89015062958045,2.97600298316331,1115.946229623,1.00135341591417
"stream_quality[30]",1.4278013781598,0.021464201812193,0.727012720792422,0.0492295057597684,0.934275589249502,1.3874878198652,1.87935056116675,2.95391084343957,1147.24066820994,1.00128293927377
"stream_quality[31]",1.92496325059873,0.0226665134430045,0.755565469884365,0.53052726172582,1.40743790869539,1.87889605703967,2.4011450493956,3.54021834149707,1111.15529356727,1.00147456768075
"stream_quality[32]",0.305381497445839,0.0203756008199494,0.724780230199808,-1.14401283115525,-0.162837105194453,0.285377314321882,0.782078570910091,1.75621123912561,1265.29511027513,1.00076483130086
"trout_presence_logit[1]",0.045767272201529,0.00699374431233583,0.645284498522808,-1.16992693557677,-0.383733194189776,0.0319557023369618,0.4496859713945,1.36786396878601,8513.00646576456,0.999877170934896
"trout_presence_logit[2]",1.05795162935415,0.0102435794650248,0.907717492616081,-0.647654409882936,0.444064939537272,1.00236188505651,1.62709268991275,2.95637811216074,7852.31888168762,1.00020802191193
"trout_presence_logit[3]",2.46188762365707,0.0129274168708734,0.991668488630672,0.762539140571482,1.76486657337682,2.37543384675356,3.06706734143182,4.63829462468428,5884.49934762366,1.00050248177063
"trout_presence_logit[4]",-0.828705767685636,0.0098379020915121,0.870658787473451,-2.69529311899814,-1.3545853327861,-0.774497285031016,-0.249432654016499,0.735969549905512,7832.33010572958,0.999915861060654
"trout_presence_logit[5]",0.292147467979599,0.0072206442639627,0.644233478422366,-0.929677762135341,-0.136135955018261,0.267234368954815,0.690941658643255,1.64097876846614,7960.39614652447,1.00050474325833
"trout_presence_logit[6]",-4.0309834347981,0.0197798604054392,1.52914809420008,-7.48313531868118,-4.95678580311695,-3.86625237876643,-2.9383278674685,-1.51729657770788,5976.57881464555,1.00043332206426
"trout_presence_logit[7]",-2.53168865094828,0.0159817312786741,1.19591127085324,-5.31305075596198,-3.19151785298232,-2.38745352050118,-1.6742948908985,-0.65473365990482,5599.51316091258,1.00022565610784
"trout_presence_logit[8]",-0.913726692749951,0.010055646672223,0.884071599903421,-2.86535807865454,-1.43805304111063,-0.856692103115501,-0.321626744797483,0.658879893502987,7729.5617102664,0.999786398106554
"trout_presence_logit[9]",-2.08211010736151,0.012816318425079,1.07048584837647,-4.55290457132696,-2.69454991174462,-1.96237020803927,-1.34069296884044,-0.337685492394524,6976.46279746612,0.999868767059481
"trout_presence_logit[10]",-2.88926581464074,0.0152227565296691,1.23518891178277,-5.71291722365382,-3.60530590099368,-2.73572804057748,-2.03869940006036,-0.867729978837342,6583.85361069147,0.999979507612985
"trout_presence_logit[11]",-3.32294237446021,0.017007129542427,1.35257062826818,-6.39582275912594,-4.11422028797739,-3.15185523456233,-2.36875769261769,-1.15797500253803,6324.96119121843,1.00005763211139
"trout_presence_logit[12]",-0.467249484845835,0.00940793104730877,0.870148937801908,-2.3650860269875,-0.979051195599993,-0.414465300957406,0.0962185119406556,1.14665905207195,8554.58483139186,0.999826650477815
"trout_presence_logit[13]",-1.51458265324833,0.0129391033573446,1.01472702042748,-3.86302250961927,-2.08750997245405,-1.39931481071425,-0.811995948463874,0.132935470906965,6150.21199615135,1.00089722892984
"trout_presence_logit[14]",-3.22621323283857,0.016817063764287,1.31762817943401,-6.19049674710933,-3.99676096073981,-3.06664498821493,-2.29775998697176,-1.0807263632606,6138.82717328379,0.999819709802572
"trout_presence_logit[15]",-0.551851511774913,0.00946406236991212,0.870146903576838,-2.39741837095932,-1.07720995546234,-0.504867188492995,0.0124231248897053,1.08615979448336,8453.37180043263,0.999779697725607
"trout_presence_logit[16]",-5.95691302185801,0.0277665851430925,2.08798792064293,-10.7048119761054,-7.17458701997605,-5.7412564215737,-4.48778661237862,-2.51178333305565,5654.71889807565,1.00021350832597
"trout_presence_logit[17]",-3.72782261590214,0.0192788772628539,1.48907037739544,-7.11340857621324,-4.58657719767615,-3.56247651099362,-2.65828192249523,-1.29221917053963,5965.776394574,0.999974102721787
"trout_presence_logit[18]",-0.66188602964092,0.00896598653400024,0.757686273381376,-2.25611944418385,-1.12862428773859,-0.625100087971214,-0.1625885895125,0.769725646520484,7141.38873801437,0.999986945364978
"trout_presence_logit[19]",1.46121183912684,0.00980048571428009,0.766317816173736,0.134255732179738,0.91847672910245,1.39705728654905,1.93717194039048,3.15040960072248,6113.96073549937,1.00035927694833
"trout_presence_logit[20]",-0.085207228403494,0.00921775962586959,0.842958983582344,-1.77182961821171,-0.608778936723623,-0.099440307645529,0.451499983159467,1.58630509176817,8363.00062676988,0.999711605689692
"trout_presence_logit[21]",-1.63989197460066,0.0138416144340037,1.03189246535215,-3.92952995056076,-2.24774720479012,-1.5533415238566,-0.935267547565425,0.164085254643789,5557.70367733439,0.9997113617783
"trout_presence_logit[22]",2.89652279730954,0.0144641299378799,1.105477887473,1.00897914963359,2.12153759906935,2.80216536152891,3.56333255042513,5.35002436230505,5841.38042088794,1.00038839102757
"trout_presence_logit[23]",-0.824143889207484,0.00964792902074345,0.88376655711377,-2.82213767949097,-1.34202052895655,-0.765490435712841,-0.252303531419748,0.782305402957812,8390.86873382852,0.999883428233819
"trout_presence_logit[24]",-0.516563344128509,0.0108017758125327,0.877188923246824,-2.37511486499016,-1.04748079623904,-0.482136512139665,0.0628355588781255,1.18856023704438,6594.71389915682,0.999992607653536
"trout_presence_logit[25]",2.75578986887128,0.0140020254313899,1.06809459364358,0.928761206146313,2.00778869911471,2.65747962462818,3.40254224425468,5.16077124907733,5818.85733470998,1.00043057467595
"trout_presence_logit[26]",2.38771060005115,0.0127105053746327,0.971727387420436,0.746025066511394,1.70047096281655,2.29835674159353,2.97928718301106,4.55088780349239,5844.7137910615,1.00041609702308
"trout_presence_logit[27]",-0.671749783037901,0.00729083993622602,0.713106360407973,-2.15641808052123,-1.11836208309308,-0.64332733824565,-0.204843562423695,0.688919161826678,9566.50917880186,0.999765796547172
"trout_presence_logit[28]",-0.69035618812648,0.00784189392157934,0.724840460381346,-2.2294105055762,-1.14535491344636,-0.669958421790172,-0.205149706479585,0.672827496888251,8543.6397681882,0.999626060602942
"trout_presence_logit[29]",2.28748625452644,0.0122994657965403,0.94551669685123,0.665201497662172,1.61446295044965,2.2005413281699,2.86544422715672,4.38117755529823,5909.70641935436,1.00047232250844
"trout_presence_logit[30]",2.2737800799384,0.0122246318680269,0.942313042443802,0.670192078999041,1.60876518806524,2.18749626266628,2.84898109569814,4.39186379563007,5941.81088479734,1.00046695692735
"trout_presence_logit[31]",3.23898890708543,0.0156773789912182,1.19879214342146,1.17704295512555,2.39424238041371,3.14050508639265,3.97406723598064,5.88213677108721,5847.10457865714,1.00050885115969
"trout_presence_logit[32]",0.091556655958654,0.00736192846214557,0.65994590235724,-1.18593747086021,-0.336389001811915,0.0813948395395366,0.510566382355196,1.43453970378205,8035.88082435636,0.999924088716702
"trout_abundance_log[1]",1.1041694342327,0.00504969314947856,0.533610387927433,-0.0979445389651557,0.788131173835316,1.15546499429302,1.47846981078962,2.00485480064048,11166.5386640758,0.999708529005458
"trout_abundance_log[2]",2.37473484940201,0.0115099459666982,0.937860718355154,0.443058668333508,1.78298155949139,2.41020400462138,3.00324083496125,4.13938308752306,6639.41969725208,1.00004027551853
"trout_abundance_log[3]",3.99345965498324,0.0014585660368272,0.132625028347389,3.72466140869109,3.90440256204752,3.9957581106926,4.08648943171286,4.24150455663479,8267.96798227,1.00016123272187
"trout_abundance_log[4]",0.0676370650261077,0.010724342746623,0.981114802913165,-2.01719466489467,-0.540068629347418,0.11568425645465,0.752287001867359,1.83534824624633,8369.47633597411,0.999833225567043
"trout_abundance_log[5]",1.40593437760466,0.00442684565851797,0.459407542202973,0.40375902560693,1.12344416549282,1.43866462705401,1.72642183443318,2.21711092842356,10769.7960845533,0.999747316867
"trout_abundance_log[6]",-3.80577895177747,0.0196050711849971,1.47470843915878,-7.04114802360415,-4.7109909515831,-3.66548966356562,-2.76984557390247,-1.33992376368191,5658.16338546272,1.00020157858353
"trout_abundance_log[7]",-2.00384985452825,0.0170386440353423,1.27106281293121,-4.92939763780092,-2.74077006587954,-1.86406247684627,-1.1162599627236,0.0992113264723476,5564.98458894285,0.999816659892297
"trout_abundance_log[8]",-0.0368080185844527,0.0119049661276851,1.0176127116656,-2.28256414395557,-0.645501749242812,0.0301435621856146,0.666920420698898,1.74613396866922,7306.48872816882,0.999675328834241
"trout_abundance_log[9]",-1.46319892953763,0.0142093994851847,1.18277594638583,-4.04946600341631,-2.16641180728149,-1.3461477671861,-0.642243242013219,0.535471432226098,6928.72810574121,0.999777443379279
"trout_abundance_log[10]",-2.43073514452516,0.0155924764539141,1.27866623485371,-5.30049285888571,-3.21346885930816,-2.32007059379374,-1.51807766663133,-0.271889732806836,6724.87475568059,0.999786636717753
"trout_abundance_log[11]",-2.95912091661646,0.0175956427049466,1.37191900943782,-6.02331389852903,-3.78804800747391,-2.7949463723081,-2.00112011497113,-0.690926836266271,6079.20345339411,1.00001864758784
"trout_abundance_log[12]",0.510545820730124,0.011349126960463,1.00220421476387,-1.71370370800045,-0.0834581682773135,0.590079220950514,1.19268942047684,2.24364215274371,7798.07738884833,0.999935541528012
"trout_abundance_log[13]",-0.770959675276474,0.014931828808671,1.15356473751543,-3.32638190082791,-1.43268633918454,-0.643908768767423,0.0239996140627294,1.13883995382108,5968.40024567674,1.00052365109528
"trout_abundance_log[14]",-2.84352823492404,0.016720572502308,1.34344943643006,-5.81448573802027,-3.6702022613047,-2.71914323431619,-1.9021362660446,-0.523196553075425,6455.65576270976,0.999751975133117
"trout_abundance_log[15]",0.410866346798189,0.0110344976783951,1.01322758324036,-1.71165075510573,-0.216704870896588,0.462649197627303,1.09517507590406,2.30147451478558,8431.57821392429,0.999632397357168
"trout_abundance_log[16]",-6.12537654285272,0.0263069371899797,1.83149982802673,-10.1792677942169,-7.22418337944843,-5.95083326202045,-4.81570266912165,-3.02909087441658,4847.00188562315,1.00002992782089
"trout_abundance_log[17]",-3.44237966981925,0.0202794274716567,1.48125535201071,-6.73083993207034,-4.31373521240787,-3.3318261989207,-2.42033930814913,-0.908834946217459,5335.17273982058,0.999912691081717
"trout_abundance_log[18]",0.247460870232116,0.0087530396617944,0.757167838018741,-1.43172303855324,-0.207430332583977,0.327136534123333,0.788361572918628,1.47863938294098,7482.84111585307,0.999823439355589
"trout_abundance_log[19]",2.80815129645965,0.00266000651704301,0.232432730241491,2.3254965929449,2.65675948603055,2.81665520559798,2.96621019258647,3.23957692881922,7635.35380241482,1.0004366584963
"trout_abundance_log[20]",0.971509784321592,0.0120576312769269,0.964548147536399,-1.06097944945561,0.369908310503266,0.996293204841987,1.62485113489195,2.79952866189527,6399.17260561782,0.999896750314022
"trout_abundance_log[21]",-0.920913670040751,0.0164283901825874,1.16936611194168,-3.41265371047632,-1.6513897000896,-0.846772895814025,-0.115738559793927,1.20488328577756,5066.53433052985,0.999771973309633
"trout_abundance_log[22]",4.50943529525607,0.00113846840431859,0.102638238129096,4.30240803663074,4.44017134451461,4.511212455537,4.57958575320404,4.70378103688311,8127.86370435862,1.00008184478936
"trout_abundance_log[23]",0.0619003447984846,0.0116442086948247,1.0224329056286,-2.12540505995553,-0.554489443710343,0.123821201491116,0.760497363815759,1.89952491569423,7709.91651419509,0.999957106976743
"trout_abundance_log[24]",0.445628251211758,0.0132736802428712,1.02338682452232,-1.6753215250577,-0.181692681988932,0.491044454572514,1.12715470294185,2.30950724472956,5944.24826722747,1.00015504659022
"trout_abundance_log[25]",4.34222856239554,0.0012212440222015,0.111848532285916,4.11464199747374,4.26886162072698,4.34384231725041,4.41785184667767,4.55647778717726,8387.9469902144,0.99957881240923
"trout_abundance_log[26]",3.90583416365975,0.00155288187145192,0.140468161566614,3.61538725199204,3.814757401509,3.91176246494074,4.00141260250976,4.17491655468921,8182.36704054107,1.00007117765037
"trout_abundance_log[27]",0.231065206398866,0.00697479979471058,0.705454631926206,-1.31410068389968,-0.213573522017976,0.294604102150961,0.741889170792623,1.42304783855903,10229.9776874465,0.999637958425037
"trout_abundance_log[28]",0.207112973604701,0.00869820990070789,0.768946476109431,-1.48219265470196,-0.25875722409253,0.269426353362533,0.749542004851002,1.50219349312177,7815.0624853509,0.999870018615653
"trout_abundance_log[29]",3.78747474375421,0.00163901875967814,0.147707780454858,3.48573476671662,3.69003815112961,3.79198892027109,3.88883997469596,4.06638252132087,8121.54950046941,0.999700563831855
"trout_abundance_log[30]",3.7709443508186,0.00169479148706891,0.150285375386483,3.46720419920324,3.672815819211,3.77571440358751,3.87235191729533,4.05798549065049,7863.22844586837,0.999867584443964
"trout_abundance_log[31]",4.91604841005465,0.00092554207038068,0.0851643551731871,4.74652356706975,4.8587752318702,4.91721639285568,4.97421417071273,5.08045068480978,8466.87983791612,1.00020578862378
"trout_abundance_log[32]",1.17000475716635,0.00435308913644948,0.495186863692676,0.0901061027952761,0.863892208954901,1.20786530098565,1.51544539156002,2.05186686398353,12940.2632110332,0.999674301974381
"conduct_rep[1]",-0.163581470782656,0.00535162247686716,0.475889295550371,-1.09011229283672,-0.469928341520955,-0.164581583792474,0.139480794754401,0.795563695179281,7907.53156021121,1.00006214081054
"conduct_rep[2]",-0.599370339014734,0.00610892412735432,0.527742171822569,-1.60714865146536,-0.952411264281737,-0.613883940596405,-0.268075736826121,0.505132805524701,7463.01195811874,1.00000423890538
"conduct_rep[3]",-1.16114051774234,0.00511752745921766,0.464568401541681,-2.07281553209696,-1.45871897094939,-1.16451000490818,-0.873858104941692,-0.203267059960607,8240.98210345875,0.999746851083339
"conduct_rep[4]",0.176077446695154,0.00532899265049218,0.51874311227497,-0.834441925506903,-0.161806380567262,0.179149188059406,0.515585990662002,1.22707308003571,9475.76854422606,0.99970368572095
"conduct_rep[5]",-0.26741780363687,0.00544261692786383,0.473125226079385,-1.17966211710763,-0.574513603353647,-0.276027794312176,0.0246995767067868,0.705556680693843,7556.77815103094,1.00016878519336
"conduct_rep[6]",1.47551753272446,0.00619134115171495,0.541828694759134,0.361124832448836,1.13692119903878,1.49436582579789,1.83837756386741,2.49119125944136,7658.69073149738,1.00008494385628
"conduct_rep[7]",0.863764446952633,0.00594064301866444,0.528784964765628,-0.121301850256122,0.512339062686741,0.83934819786313,1.20029030214492,1.98231772779727,7923.02971275989,0.999848428988408
"conduct_rep[8]",0.202828601715589,0.00552276568522398,0.511685100785043,-0.81302344838555,-0.125379731434715,0.208362799878429,0.542059426238094,1.20344243347589,8584.0513564155,1.00028366114802
"conduct_rep[9]",0.68777653694382,0.00594813997314994,0.526872105757269,-0.333309272192544,0.339505675047388,0.676172069765925,1.02816942540738,1.76634194790663,7845.99546503358,0.999796747544252
"conduct_rep[10]",1.01022158075324,0.00566298217422503,0.525195607393525,-0.0421863848233408,0.67213359149241,1.00363127251819,1.3534876796054,2.04951367865296,8601.05611430573,1.00072835816401
"conduct_rep[11]",1.18115718560308,0.0057738306248583,0.528310864645166,0.159176612307174,0.83140433955894,1.17000715617916,1.51813079035999,2.26416040522753,8372.41996291888,0.999799554730034
"conduct_rep[12]",0.0175915038004192,0.00538886374343397,0.514165269255538,-0.974971032794143,-0.322205693835895,0.0145666539571431,0.339524896808367,1.05873352044793,9103.55603929498,0.999781567786441
"conduct_rep[13]",0.445374565232367,0.00620242284987762,0.535313892151953,-0.560990470585089,0.0841436885250095,0.422169061554242,0.780364516803725,1.55875908371154,7448.93674495705,1.00044805147598
"conduct_rep[14]",1.14807380646565,0.0057921079103733,0.533553298801461,0.0528497833834586,0.810638876842338,1.16062470894791,1.49632285568394,2.17017242337123,8485.59558484762,0.999673091841062
"conduct_rep[15]",0.0661251600012988,0.00549698925881232,0.517615345752089,-0.973095084106234,-0.270947008603195,0.0686715065808646,0.408805095885357,1.07311434188043,8866.75094875843,0.999576032749528
"conduct_rep[16]",2.24809477410396,0.00727494196512633,0.574510122255178,1.04494596110392,1.87190321426439,2.27881341193469,2.64055140521269,3.3142245488634,6236.43361119344,1.00035450487583
"conduct_rep[17]",1.35266870996452,0.00651372290125803,0.557290317501586,0.190893118404264,1.00549128517046,1.37430759872293,1.72143148926839,2.39948174003037,7319.88800497404,0.999942521784069
"conduct_rep[18]",0.119036206084723,0.00572612329300587,0.500298469354128,-0.812286907446955,-0.214524542096452,0.0963203572418304,0.441560082414321,1.15424820976554,7633.73287271598,0.999801830703577
"conduct_rep[19]",-0.748493338691235,0.0053406804638665,0.452246257294072,-1.64117388424956,-1.03510992347612,-0.752937643428285,-0.464910542102809,0.164656130391343,7170.62108017403,0.999734833304304
"conduct_rep[20]",-0.126688465322063,0.00568189109720434,0.526133948366903,-1.19626442483845,-0.469281017171645,-0.120067305891264,0.216215482564457,0.898015122380818,8574.46119860487,0.999963862722664
"conduct_rep[21]",0.504789284268608,0.0062871839850814,0.538856638657621,-0.609791789504115,0.154453189446522,0.522060509090739,0.868166740649596,1.53626945641564,7345.71604562301,1.00068098495152
"conduct_rep[22]",-1.34077852248612,0.00504806831272776,0.462936300360018,-2.26546374792642,-1.63652693365578,-1.34374778020717,-1.05217850065491,-0.415638949537477,8409.92313534203,0.999756447753977
"conduct_rep[23]",0.174163894478273,0.00568108452694033,0.519763507052934,-0.81715564918597,-0.161235838838373,0.17372842996751,0.501822232721038,1.23457669399285,8370.45500399606,0.999773659718406
"conduct_rep[24]",0.0460014389727382,0.00601467279413764,0.5287786443435,-1.01265355653809,-0.287125684318298,0.0598856486047882,0.399275279547599,1.06964339057422,7729.00880189236,0.999688786445112
"conduct_rep[25]",-1.27842075627884,0.00505767173089898,0.454918584194282,-2.15950895855735,-1.57100936690713,-1.28841913723206,-0.988981996322379,-0.351262646563793,8090.3271161258,0.999658668764236
"conduct_rep[26]",-1.11937302416996,0.00514201582362051,0.456831289846043,-2.02891971789481,-1.41198026002822,-1.12449626713137,-0.829312271897389,-0.194710158985526,7893.05024520507,1.00005437233219
"conduct_rep[27]",0.128351220397724,0.00582256621655993,0.499926630379849,-0.872131873919607,-0.196247435596764,0.129991040636853,0.452395040530581,1.13260449143653,7371.97189470753,1.00019876412648
"conduct_rep[28]",0.129535311475404,0.00565756751719266,0.498306320408816,-0.864453929816693,-0.196342197570849,0.138975278947558,0.457550930156721,1.09026804752534,7757.70570727612,1.00032121157911
"conduct_rep[29]",-1.08060014485483,0.00512857003569323,0.464064969308508,-1.99300189274822,-1.38279147300612,-1.08267953391082,-0.79005539464057,-0.148850458886667,8187.75787210822,0.999611827315922
"conduct_rep[30]",-1.07259437418256,0.00515592128281064,0.453932545395635,-1.97717237108501,-1.3550460613248,-1.08170322093562,-0.780606263702409,-0.171832184308994,7751.22040408721,1.00089536175889
"conduct_rep[31]",-1.46429708156684,0.00536475935894957,0.466632206849378,-2.3985309749312,-1.75835892233972,-1.470894040341,-1.16716978924649,-0.528235406879772,7565.69672973234,1.00000306653486
"conduct_rep[32]",-0.180882726662437,0.00529773187463573,0.473367424798842,-1.10141655860751,-0.485876323802026,-0.181928760146059,0.120988741761304,0.764424451364669,7983.93123858553,0.999712193333066
"depth_rep[1]",0.104430327584098,0.00835137328181001,0.748890189844191,-1.3878597758608,-0.384820579497069,0.118597421300193,0.59564539948239,1.55053825532959,8041.1931028793,0.999845173344956
"depth_rep[2]",0.423133449994078,0.00840746266649249,0.754689724791991,-1.05856591744012,-0.0768175170461681,0.422339311438066,0.921751674631441,1.90397671393015,8057.623655766,0.999812031201476
"depth_rep[3]",0.797618782371193,0.00856688946940402,0.753297394437803,-0.71357350063264,0.320347362256647,0.801343668141697,1.29038362302979,2.27785136594545,7731.90667224797,0.999786452771333
"depth_rep[4]",-0.137120781554891,0.00846143334456144,0.753103984253932,-1.63881755600691,-0.628114415763277,-0.141181018772373,0.359138073508169,1.32309184705089,7921.76610062676,1.00024745621865
"depth_rep[5]",0.183426611802887,0.00830385318054072,0.750808938556637,-1.34786845054474,-0.310442897517007,0.189598819725628,0.675003894025088,1.65173212562871,8175.22181428196,1.0000779312649
"depth_rep[6]",-1.02899542858511,0.00900559466741603,0.797511614047544,-2.57269810007766,-1.56595355655578,-1.02819731090823,-0.510207788131902,0.560520085151582,7842.40453652899,0.999900643233921
"depth_rep[7]",-0.604500313271291,0.00854573412332876,0.769483961591756,-2.11648410029643,-1.1072781439681,-0.604073501513771,-0.10590931633284,0.913536992023911,8107.75078245768,0.999566505608736
"depth_rep[8]",-0.14748321241727,0.00828703193324024,0.741013403970558,-1.57035551956961,-0.636397195464165,-0.152696420476634,0.347840215520423,1.30918289276266,7995.65603671995,0.999701960230871
"depth_rep[9]",-0.494696540462014,0.00840862265806004,0.772421935363772,-2.03047455774392,-1.00595987533349,-0.483946187333052,0.0127802861727866,1.01467876218959,8438.38759180694,0.999701293639565
"depth_rep[10]",-0.693628479083906,0.00890837801984677,0.770705649751575,-2.22372145496236,-1.20287141089653,-0.684847209364035,-0.186274930871582,0.824914768981429,7484.79327487271,0.999819367478199
"depth_rep[11]",-0.831168886874899,0.00875950672636413,0.773205170429165,-2.36003090373435,-1.3442263920386,-0.820028667519941,-0.327159700693486,0.67599329278855,7791.66367518289,1.00035200709131
"depth_rep[12]",-0.031765053323724,0.008522933156454,0.76175326561453,-1.53404247948553,-0.527953910814166,-0.0401469685699443,0.469772355934118,1.48002959693648,7988.22860056924,0.999754715337013
"depth_rep[13]",-0.334270127694703,0.00898634700536091,0.759563203575375,-1.84980934072111,-0.834299183836496,-0.340583483811223,0.172817659900291,1.15291496851355,7144.3293248363,1.00015927233698
"depth_rep[14]",-0.785849325352027,0.00866944153439448,0.771274755620073,-2.29671320422514,-1.30399292813721,-0.780210791735193,-0.275689340377351,0.721366103738923,7914.72790981115,0.999776336492808
"depth_rep[15]",-0.0467766510483355,0.00824976552121683,0.769824200798005,-1.54153391989509,-0.563437231586465,-0.0424386952716909,0.465880974388243,1.48293961629131,8707.62884995585,0.999798216873461
"depth_rep[16]",-1.58148499328309,0.00916480422708212,0.810582649562582,-3.17295055721444,-2.11484998265133,-1.58721540495883,-1.05352367996508,0.0339264473472141,7822.54774276427,0.999765198475641
"depth_rep[17]",-0.93921916322461,0.00882637522201558,0.77501152123313,-2.48577142819513,-1.44776348720618,-0.934217828543797,-0.416797528275691,0.590580356518123,7709.94971353443,1.00010551334943
"depth_rep[18]",-0.0918216608146131,0.00860671121016078,0.753760294199485,-1.57872994786899,-0.596950730656381,-0.0831091292824363,0.408809425372129,1.37744717766002,7669.94149160959,1.00008543389073
"depth_rep[19]",0.522308510219167,0.00859111938204904,0.744104829672155,-0.949013149728745,0.0338753719435839,0.521459665661295,1.01502659757104,1.9825539670544,7501.85626227956,0.999933597244296
"depth_rep[20]",0.0922424556926264,0.00843585770434578,0.752008008417884,-1.3766899494488,-0.4104999840296,0.0909527932548125,0.577862415768479,1.61258982207265,7946.69308657958,1.00053963244282
"depth_rep[21]",-0.358216609469838,0.00884046090325182,0.764913055952275,-1.82869063763698,-0.875167856752068,-0.368879648816129,0.150989280334115,1.14919183135912,7486.42247861421,1.00057215666008
"depth_rep[22]",0.932783925978168,0.00866640595806149,0.759395897989856,-0.576850389272561,0.424429731447849,0.929160317321016,1.44055094562376,2.43015267286245,7678.18260371106,0.999921770521756
"depth_rep[23]",-0.113421852562631,0.00854217889559597,0.758796793151754,-1.62037758869453,-0.614676250498071,-0.113381615639059,0.394664866147308,1.36847012316008,7890.66578099461,0.999862491008161
"depth_rep[24]",-0.0354515317149619,0.00849491556713957,0.756398285340143,-1.53243743025074,-0.533686632974389,-0.0336838931408979,0.474032592068309,1.46871442004271,7928.35226404587,1.00008583226867
"depth_rep[25]",0.880216735933542,0.00834980470964921,0.747072875274488,-0.588943721682203,0.384985403973807,0.877454123161282,1.37902606984695,2.34671085730496,8005.22053114022,0.999779707512154
"depth_rep[26]",0.793188151628749,0.00890452327773617,0.750108520619319,-0.709258326566069,0.309549747012784,0.788468150762446,1.28107472352796,2.26135979357147,7096.2163907504,0.999970461432515
"depth_rep[27]",-0.0965188941794086,0.00848476293469916,0.753332207372846,-1.59058212699095,-0.593545296628994,-0.102068219423755,0.400787285843413,1.40495067693385,7883.03846083408,1.00011420734114
"depth_rep[28]",-0.0907427053599567,0.00812235931535617,0.7427422971171,-1.57521588953082,-0.586372806479162,-0.09557658986577,0.399677618489104,1.35479420342325,8362.03377453356,0.999818467207258
"depth_rep[29]",0.749838102002999,0.00846788208462613,0.750643135989263,-0.718680814975519,0.249375011108926,0.761319237681636,1.2374264830597,2.19713057674155,7858.09783761206,1.00038666243624
"depth_rep[30]",0.74577091151357,0.00872284777067449,0.75297867895216,-0.750531560540227,0.248981398168138,0.747053427397952,1.24209351413499,2.22293136283147,7451.58691612528,0.999858983074152
"depth_rep[31]",1.00854390292304,0.0087265418385694,0.768870288564563,-0.522818992426375,0.511307097921684,1.0097631884839,1.51026085578668,2.50755167086419,7762.8609520704,0.9997634826788
"depth_rep[32]",0.122357209341091,0.00874734784490919,0.748410450647541,-1.32997478443839,-0.365431200172504,0.112313437871473,0.620856153801401,1.63163070247061,7320.2665088623,1.00021651380377
"do_rep[1]",0.0889330947947209,0.0112063577155285,1.01881042249336,-1.9130080602709,-0.58838919811039,0.0873808442308951,0.766134808514404,2.10977107026357,8265.28428241572,1.00044379734454
"do_rep[2]",0.191863727304894,0.0112238130051274,1.00498493120983,-1.77660724013302,-0.471655507069549,0.188218541557538,0.854449522791678,2.19009817164328,8017.48682541215,0.999813283766861
"do_rep[3]",0.292073127002484,0.0116863397429647,1.0239727046139,-1.70829312563039,-0.381470393661716,0.298647484715418,0.975937893584639,2.30561270287803,7677.49857319125,0.999988197961057
"do_rep[4]",0.0253147650808043,0.0113395393563573,1.01572002976335,-1.99418709212666,-0.654406290876812,0.0169843227003785,0.706337005324353,2.02109801175478,8023.37716510542,0.999646259513517
"do_rep[5]",0.102091517973944,0.0112736817223687,1.01513340829296,-1.92555849234271,-0.562983554272778,0.109932354746199,0.77992306748722,2.06602176863029,8108.01796171216,1.00009137764158
"do_rep[6]",-0.261424101854796,0.0120225660753409,1.04186596614922,-2.33598771742069,-0.935303444312418,-0.269828787247315,0.415938808509809,1.85517528767977,7509.8170615982,0.999907743454347
"do_rep[7]",-0.140096164976043,0.0112590786666835,1.028588156994,-2.17724261970617,-0.819008896650352,-0.142230212712023,0.530597968761468,1.90448758908286,8345.97985585042,0.99977815524202
"do_rep[8]",-0.00385553891411032,0.011150097703243,1.0044193021072,-1.98786098465978,-0.649796335595805,-0.00527517502710245,0.655877621774693,1.97342724141161,8114.70533645585,1.00041939845199
"do_rep[9]",-0.0978269366289543,0.0114454110451992,1.01433560220189,-2.09612433839774,-0.776656384978777,-0.107378067415711,0.569217193074231,1.92328096181508,7854.17456302847,0.999778578744877
"do_rep[10]",-0.142386459447556,0.0122024767622359,1.02233540438544,-2.13786463720747,-0.817089275350381,-0.148429250220034,0.550277266618959,1.85186840495795,7019.2518245499,1.00027893708659
"do_rep[11]",-0.183055400211739,0.01110832023313,1.02120724178442,-2.21945516446311,-0.86062715478326,-0.172540195715758,0.486938169588003,1.81905266110123,8451.44538675247,0.999808050857204
"do_rep[12]",0.0505936003802434,0.0117341235333339,1.00368075962349,-1.92258115299696,-0.610687339901581,0.063770661489313,0.718017405891299,2.00146005644079,7316.27271881389,1.00024601663588
"do_rep[13]",-0.052689100451133,0.0111442206322544,1.00998910214927,-2.0958613547597,-0.710311652243496,-0.0588473702310016,0.633316815247791,1.8836938973634,8213.60800419069,1.00031695073754
"do_rep[14]",-0.187539189144407,0.0116433080382218,1.02582506922353,-2.19016486142791,-0.858550806792773,-0.18151018186337,0.491927332213501,1.80753890691948,7762.36109269895,0.999696085056797
"do_rep[15]",0.0607595966044952,0.0113645851664857,1.01258513610328,-1.91790541638846,-0.607974838788406,0.0688926899618095,0.735978230499965,2.02763118978039,7938.81937320087,1.00029146284837
"do_rep[16]",-0.402047092642918,0.0124223737997468,1.0688396382624,-2.51712960256264,-1.09836182642082,-0.40814819156583,0.292708280922692,1.73879654419006,7403.13920930636,0.999794796541201
"do_rep[17]",-0.205948088455405,0.0115084226650927,1.03263481247469,-2.2117301247104,-0.888673009842234,-0.209668365296598,0.497774061986286,1.80010807250586,8051.22412996962,0.999857529565576
"do_rep[18]",0.0370016400080732,0.0113133820874411,1.01516776607201,-1.98740112243284,-0.630569489903676,0.0420528155640017,0.7067084837133,2.05504109169938,8051.75829291911,0.999954379432275
"do_rep[19]",0.194020475608082,0.011342007597856,1.00122967660027,-1.78133448461865,-0.468150749605962,0.186252944880719,0.857759549743799,2.16050901345386,7792.69286442723,1.0004250173045
"do_rep[20]",0.0895117752315229,0.0110183017990101,0.997697306645088,-1.85822896919463,-0.571674424545108,0.0894139203474874,0.747602436475485,2.05811867995674,8199.13943218521,0.999731345639052
"do_rep[21]",-0.0368191646394991,0.0113282463970202,1.00044942857746,-2.05369781008395,-0.680201049550631,-0.0285652733007247,0.625150009646587,1.92635517795538,7799.46669157586,0.999846435935756
"do_rep[22]",0.327626774092859,0.0113058273134812,1.01736948169341,-1.68265885287089,-0.343475566401506,0.322339176262129,0.990847200494646,2.35571019147955,8097.5328077776,1.00008036152657
"do_rep[23]",0.0126158729185943,0.0116060957092939,1.01056279606665,-2.01648696758531,-0.646713274277741,-0.00188155362955784,0.671845875010881,2.01752901955095,7581.48562672481,0.99973488983255
"do_rep[24]",0.0235289275915501,0.0116420331754092,1.02094385112014,-1.95352657209953,-0.665204243698496,0.0199613237439651,0.711247180448424,2.01662568284494,7690.34902502888,0.999992958679021
"do_rep[25]",0.331821337338987,0.0113481215198807,1.01246397934013,-1.65620937506067,-0.343141499787463,0.315903924935743,1.00194831922211,2.33190559090382,7959.96589297952,1.00018433062419
"do_rep[26]",0.291350740992807,0.011295960881816,1.01416697433192,-1.70747407334111,-0.376748198829018,0.281826899363208,0.972369984158288,2.25502649890102,8060.69647982585,0.999980729833936
"do_rep[27]",0.0469412746026495,0.0113126557562922,1.00978303590574,-1.95282548788501,-0.620019613437543,0.0515603851528161,0.726243540389158,2.02106932903971,7967.59035570908,0.99982656908965
"do_rep[28]",0.0173292940852354,0.0110897047391333,1.00401127053933,-1.96685912261768,-0.629108680541708,0.0158770589204135,0.68750153900315,1.98321850084574,8196.66544717088,0.999866310613871
"do_rep[29]",0.284683061444746,0.0116875183024805,1.02860104621648,-1.6934462338093,-0.405604652260412,0.285292958425064,0.97350560638815,2.33152540883006,7745.4974531644,1.00087412203554
"do_rep[30]",0.258397069948062,0.0118780609124149,1.01989913014887,-1.7475281946909,-0.413907812002325,0.256275636076533,0.9314225341483,2.32474041635668,7372.64540602295,1.00007416306593
"do_rep[31]",0.365937484385511,0.0115883334531831,1.04349388387211,-1.71547137649452,-0.315982972224257,0.373628252625892,1.03412372867843,2.43177025428953,8108.45010900859,0.999772082671746
"do_rep[32]",0.0957768228737218,0.0113240307875331,0.996491290556833,-1.84855351055923,-0.562758341571147,0.101526238654464,0.750447395937312,2.09747851373283,7743.63602616808,0.999625806247316
"thermal_rep[1]",-0.0625877411148022,0.00829743806379995,0.733460800575586,-1.50327277147807,-0.543305169550829,-0.0660194496542628,0.427410827149318,1.37521200311,7813.86273406952,0.999743075027038
"thermal_rep[2]",-0.377033684192061,0.00839061745409191,0.766050175775926,-1.8795859686861,-0.889186368222869,-0.367915361385193,0.134031807517639,1.0943528647666,8335.40278700658,1.00010725306965
"thermal_rep[3]",-0.814596047777362,0.00808140581524497,0.737880821122215,-2.28186668426991,-1.29409562853436,-0.81129286529089,-0.324571867169388,0.662423006332822,8336.78522373605,0.999844549042735
"thermal_rep[4]",0.194823894118002,0.00842196918165922,0.761599512486292,-1.33102585042841,-0.307214863338313,0.201247236074622,0.700853532295597,1.67211895400074,8177.60292570724,0.999612305348225
"thermal_rep[5]",-0.135768636202724,0.00820386000154806,0.740198184115239,-1.60547573759044,-0.617857990274281,-0.143949355626582,0.354319500426829,1.31016522130522,8140.65874489853,1.00001675901814
"thermal_rep[6]",1.17893366618576,0.00887827819038013,0.78280766928651,-0.366322045443755,0.658732022693503,1.19300843180834,1.69969981200147,2.74994195818726,7774.14516203911,0.999753776606013
"thermal_rep[7]",0.723086303148617,0.00888874748979624,0.771104967876503,-0.799935413718834,0.215863686294684,0.732997830150952,1.22962659830664,2.21284510396537,7525.6820183498,1.00010520506622
"thermal_rep[8]",0.225587767641604,0.00827914491993724,0.752517120548297,-1.24181787617961,-0.273066266423995,0.22282853794136,0.712858969116104,1.74138140488721,8261.55504412033,1.00008330012554
"thermal_rep[9]",0.593083380286616,0.00819786790575515,0.755250146224213,-0.901052034508728,0.09168274733873,0.598014067086513,1.09448521267412,2.06252110652644,8487.50032210995,1.00011864531107
"thermal_rep[10]",0.82363980873919,0.00834430365204137,0.779930616122373,-0.756222395462597,0.324184771783666,0.828334747151222,1.34193219644544,2.33451870887001,8736.38446838396,0.999700465448706
"thermal_rep[11]",0.975954536660022,0.00890908505964765,0.777659364793883,-0.539434070784753,0.461465325044231,0.9866810399622,1.49362092799151,2.5054643378397,7619.25663216429,0.99973340098611
"thermal_rep[12]",0.0806455873715589,0.00832147996455472,0.754958374974282,-1.40716091062063,-0.4180135328818,0.0907434003101121,0.592143847759986,1.54866587002312,8230.85347944649,0.999792372134268
"thermal_rep[13]",0.435976386103985,0.00887415845274808,0.768904760202055,-1.06870748675557,-0.0884650166613319,0.434245362045916,0.949842804731941,1.95017251958519,7507.42048661168,1.00036714738497
"thermal_rep[14]",0.937538710397849,0.00846181608579454,0.778468164707044,-0.617570116720147,0.430650344207945,0.931796348500599,1.45185539218713,2.4641279701433,8463.58869917328,1.00014587735736
"thermal_rep[15]",0.0978863932798508,0.00839864081714495,0.746054649408583,-1.34554043846793,-0.403241215730398,0.0842440350083568,0.576225279805894,1.60160219588455,7890.84051764751,0.99970267761811
"thermal_rep[16]",1.78227037167692,0.00884699770845162,0.806903848031012,0.171840588545992,1.25059156390011,1.78692513814934,2.31058326819489,3.37494770070266,8318.62876669733,0.999605196590637
"thermal_rep[17]",1.09486209645056,0.00881068569519912,0.789011297017163,-0.455358773622113,0.563231009986354,1.10235957904518,1.59459528703789,2.68790254979784,8019.49507790656,1.00026743629314
"thermal_rep[18]",0.152798165662619,0.00834907809785559,0.757517826055272,-1.30219277250315,-0.351888742064098,0.146376383211877,0.656359942933832,1.64392041587075,8232.06265845146,0.999615801261224
"thermal_rep[19]",-0.504303850058351,0.00807566366246371,0.733217495599017,-1.95213200039055,-0.982306047399216,-0.505215525019434,-0.0331669517169999,0.981670938108515,8243.45350053049,1.00019886941695
"thermal_rep[20]",-0.0387105238868144,0.00838891058519318,0.752252060255908,-1.54817849661896,-0.514967350823464,-0.0308114182527923,0.455341963393599,1.42244693650468,8041.1032920365,0.999580592158766
"thermal_rep[21]",0.438084336115399,0.00844280000346543,0.769238381184632,-1.08670687288153,-0.0628840448426737,0.445696659645764,0.944559252669233,1.93010857277197,8301.35310255476,0.999813342004232
"thermal_rep[22]",-0.955191094582132,0.00829407561414076,0.743231649177536,-2.41941584306154,-1.44312646591963,-0.95241689842607,-0.469904293793838,0.532895214453709,8029.94201749818,0.999940019657115
"thermal_rep[23]",0.194328470206895,0.00812264860716529,0.753865627887891,-1.28833841748247,-0.310553299416337,0.195593462254281,0.691152601898117,1.67937416696759,8613.75575923095,1.00022709268653
"thermal_rep[24]",0.105886305499942,0.00880107705541785,0.756386249603864,-1.37030376407702,-0.397914724761926,0.100313874840059,0.598213651131993,1.6380759539497,7386.10714978358,1.00082763583976
"thermal_rep[25]",-0.885194597421733,0.00829015048636314,0.75033608529993,-2.38767003893621,-1.38140985813243,-0.883753635157264,-0.394396826093911,0.579753162294112,8191.94141939137,1.00001462427505
"thermal_rep[26]",-0.807519243410387,0.00864106682300809,0.747522021360118,-2.27708941239331,-1.29814136713244,-0.815418916944932,-0.321094358255354,0.685503071858402,7483.64633051299,0.999589630091468
"thermal_rep[27]",0.162377010437429,0.00835874338472664,0.742337633208979,-1.28134317287049,-0.325134349484652,0.156878184955774,0.654721640608786,1.64044144807487,7887.16580675607,1.00020029896268
"thermal_rep[28]",0.174945186694894,0.00820350395518235,0.739768376617228,-1.30304835378443,-0.313851394691785,0.173250078749986,0.659862117012664,1.60032063205157,8131.91332392039,1.00047833810663
"thermal_rep[29]",-0.759678489825934,0.00849120882402318,0.735089157623482,-2.21859279436907,-1.24253996840452,-0.769567112936236,-0.28214891304673,0.697370753889885,7494.471129335,1.00000244893566
"thermal_rep[30]",-0.755414800956254,0.00808838869787667,0.748614541744972,-2.2305938279789,-1.24995331992225,-0.753090840206703,-0.266844042177064,0.739733858868914,8566.28443522797,0.999980662984495
"thermal_rep[31]",-1.03676146019168,0.00882170488068897,0.754651610473428,-2.52907589540943,-1.53246128900097,-1.04165654000188,-0.540791581549749,0.443508091835554,7317.92504080422,0.999865864059845
"thermal_rep[32]",-0.0871113387486945,0.00826923626604382,0.739068202836623,-1.53238833300099,-0.579289022149166,-0.0883080891101787,0.401495294129822,1.36558659397807,7988.0032798351,0.999973407874959
"canopy_rep[1]",0.101345524488085,0.00821077801149046,0.720833868465471,-1.28572660895305,-0.385451524686489,0.0953680360827197,0.583217776586367,1.53356995564238,7707.29081787383,0.99973718161264
"canopy_rep[2]",0.457234662524657,0.00844610161736539,0.751412869348286,-1.03104621005547,-0.0429068569179173,0.452081888592065,0.961928430864459,1.93802016018241,7914.88580538131,0.999948644841699
"canopy_rep[3]",0.923054234802695,0.0082984724552394,0.735701398100695,-0.546074239649068,0.446762703845392,0.932497625389269,1.41277493160385,2.36795238601327,7859.71591746473,0.999746332595835
"canopy_rep[4]",-0.182614243838889,0.00847050083919187,0.738850046759126,-1.67001009861154,-0.664767010261494,-0.175052074014854,0.310901765737995,1.26498557216787,7608.41916140676,0.999971293801949
"canopy_rep[5]",0.177823159323832,0.00817137555222112,0.720012599260951,-1.22225456215745,-0.296479059556617,0.186947933611845,0.649050587170295,1.61578734828384,7764.07729475082,0.999822011724208
"canopy_rep[6]",-1.25647741112149,0.00870577383178534,0.762316169614344,-2.74050302926457,-1.76332017290534,-1.25359575072156,-0.758359730054725,0.253709752299265,7667.53033312024,1.00007701600749
"canopy_rep[7]",-0.782949371867417,0.00899637548090768,0.764633967269114,-2.27667252879918,-1.28708042981971,-0.786912964495141,-0.280208839756127,0.723725487754763,7223.90501567865,0.999769963674806
"canopy_rep[8]",-0.227680946752538,0.00806198259489672,0.73547791446964,-1.69414325834616,-0.710452354754411,-0.229058182659955,0.262453198761483,1.20371248307671,8322.53364238144,1.00050190446877
"canopy_rep[9]",-0.619910834314107,0.0084772592266477,0.76738887113441,-2.08662755962964,-1.13941345144788,-0.622250861981705,-0.11909994997801,0.94414161746364,8194.45483627497,1.00005346423652
"canopy_rep[10]",-0.894490665325042,0.00836151948659179,0.771415417161996,-2.42913676001697,-1.39974872665445,-0.896979854321347,-0.396354575702583,0.629008734439248,8511.50220528075,1.00002311110048
"canopy_rep[11]",-1.04551507644707,0.00844602779675929,0.771528225825249,-2.56932439657396,-1.54593419886987,-1.06123986634057,-0.542271723764939,0.494451248970667,8344.46745761236,1.00004888216792
"canopy_rep[12]",-0.0528577816441003,0.00830383114317532,0.751198384880229,-1.51674749999616,-0.544730898999383,-0.0560730364939584,0.443213145292864,1.43187805578039,8183.74846375309,0.999821374859433
"canopy_rep[13]",-0.425237794756037,0.00922336301287237,0.756159867113639,-1.89777042950441,-0.932627209111076,-0.414772494685459,0.0741550414579035,1.05014161661368,6721.22823927653,0.999701802123856
"canopy_rep[14]",-0.994396699692083,0.00847799444715053,0.769141870145686,-2.54435950543289,-1.49671386079861,-0.979323391700072,-0.493197131608122,0.509279239370009,8230.5082055373,1.00017971916393
"canopy_rep[15]",-0.0879705292888102,0.00807560146985559,0.751103734157966,-1.55820418793294,-0.58175537636436,-0.0885846642702238,0.40380557590672,1.40737297985615,8650.67677715432,1.00009964259704
"canopy_rep[16]",-1.91589642687874,0.00861471035452209,0.807988933104543,-3.48148742147804,-2.45042984655696,-1.92247437497025,-1.39393990160549,-0.309342779680263,8796.89613969142,0.999739118647693
"canopy_rep[17]",-1.17152807417888,0.00858421842932154,0.778352129558529,-2.71661630567115,-1.68847075411583,-1.17297589625272,-0.660055741065169,0.363237278921871,8221.49346863481,0.999793992407461
"canopy_rep[18]",-0.138504308040818,0.00836873963496854,0.741807704038408,-1.58580589782247,-0.62469864598733,-0.144774933391085,0.338625711572046,1.36925887382669,7857.10516032377,0.999784561928621
"canopy_rep[19]",0.584608715684581,0.00792804654136202,0.712957637642334,-0.869144759983651,0.111679990997513,0.594582307761934,1.06049128101456,1.93774640066967,8087.14201446062,0.999831636823545
"canopy_rep[20]",0.0732372863794251,0.00876189908057964,0.752410739226192,-1.44476297214002,-0.420703846752526,0.0968085320465001,0.565394358775319,1.53760460189706,7374.17564706187,0.999937707343569
"canopy_rep[21]",-0.46597126108124,0.00871478495108097,0.758315605001637,-2.0066500843288,-0.951602396625188,-0.442701603972295,0.0421062744859443,0.977789889917844,7571.5821176054,0.999814040873494
"canopy_rep[22]",1.07182814046344,0.00832112654352348,0.737472474001678,-0.37010992746645,0.582340779278565,1.08635195049067,1.5688050058991,2.50700979902613,7854.65974844012,1.00006477235572
"canopy_rep[23]",-0.20590318739168,0.0082894981350373,0.74965355421588,-1.63757973569453,-0.702294171311331,-0.21481507562529,0.275387985862139,1.29823747579754,8178.33191766939,0.999854988139376
"canopy_rep[24]",-0.0665521986665338,0.00899117620168586,0.745931619623806,-1.53791735632104,-0.54789094014503,-0.069690603741213,0.430746226756709,1.37117192739842,6882.79788680232,1.00049571216318
"canopy_rep[25]",1.01464397360174,0.00818361159653566,0.728925226655086,-0.454848509206593,0.538876898044012,1.02435159549499,1.49070982542389,2.41945245420871,7933.70308069152,0.99971496783265
"canopy_rep[26]",0.909216671417297,0.00828683244781758,0.718847205321206,-0.513863248720604,0.431898777075908,0.914182838717922,1.39219924631308,2.3045996398649,7524.81906144158,0.999918896951973
"canopy_rep[27]",-0.151379028329019,0.00804453936962504,0.727381421889506,-1.61386533320781,-0.62046820304826,-0.154667677528913,0.338819041008675,1.28728344441084,8175.64538996528,0.999866002169086
"canopy_rep[28]",-0.168199489983487,0.00828693523161106,0.72520264360114,-1.5861370953193,-0.646959428860296,-0.160224177396902,0.316086933754412,1.22433486184408,7658.27342644415,0.999995709523082
"canopy_rep[29]",0.866296383171376,0.00805232258013665,0.718858855207337,-0.568470314800927,0.392018519124231,0.874764630074784,1.34005737297665,2.28992907908706,7969.75415139675,1.0004271356342
"canopy_rep[30]",0.862634266076882,0.00784493952601042,0.715591484269101,-0.555545332646227,0.398077157703932,0.863068105704116,1.32949814920958,2.25333024941751,8320.53261313942,1.00026345395102
"canopy_rep[31]",1.19297399915122,0.00831375691154973,0.745240898146449,-0.3007444550885,0.697747046972502,1.18810888955198,1.69348320003676,2.65623669018098,8035.23749058683,0.999721134592734
"canopy_rep[32]",0.118448896627341,0.00813613005398597,0.720362950554871,-1.32828437476576,-0.349951896886163,0.124567954491426,0.598119063175422,1.4933225873835,7839.11385873065,1.00009137801172
"q_rep[1]",0.147935634101315,0.0105530365893034,0.95025217856624,-1.71082967785212,-0.482656724609193,0.15481282564425,0.777928412856541,2.0343865865715,8108.17026699298,1.00058660591682
"q_rep[2]",0.36108144097467,0.0110267269428182,0.958361060665843,-1.44699553782848,-0.273006183750088,0.34896794428557,0.986446965719949,2.29340082204618,7553.79298556618,1.00019633670326
"q_rep[3]",0.684144089607375,0.0102523438250423,0.942202394906745,-1.17952425600883,0.0623128220951049,0.702299763443405,1.3075603036268,2.51268578277497,8445.82508578973,1.00017864590036
"q_rep[4]",-0.0534679912270357,0.0107430918831704,0.965474304514147,-2.00471728036982,-0.688393851133091,-0.0397412571387716,0.591982597379559,1.80981614367307,8076.49371150564,1.00021228721164
"q_rep[5]",0.208361376970206,0.0106257942276387,0.941738311347012,-1.63429404716294,-0.406334222954415,0.196124388401608,0.824822510411394,2.0840188280913,7854.84599113963,0.999896535473633
"q_rep[6]",-0.770658936610998,0.0108874822574969,0.988083640993969,-2.71489678750925,-1.42681203143952,-0.77803783719941,-0.120236799651511,1.20240694974587,8236.30645756665,0.999969863418024
"q_rep[7]",-0.451578357368963,0.0106686784390747,0.955318388073154,-2.32013701488035,-1.07527609225913,-0.467903244641221,0.177681891624514,1.41721276634664,8018.16563688562,1.00021665505208
"q_rep[8]",-0.0776148245041655,0.0105508273074859,0.93147131663398,-1.93667652955537,-0.700360036728163,-0.0663403795071076,0.538669064078171,1.75600755759437,7794.09944172405,1.00042160095981
"q_rep[9]",-0.32879205576439,0.0106111885199984,0.961797740141192,-2.24801971295951,-0.955356987047805,-0.334824804265876,0.300112889136309,1.56294096304988,8215.60298322867,1.00016542004344
"q_rep[10]",-0.526122628314347,0.0107903093759127,0.951311875679692,-2.41229299422361,-1.15877472303479,-0.521730938785204,0.112568048107566,1.35122654929837,7772.80984095779,0.999892003668642
"q_rep[11]",-0.618109826488011,0.0110917655712157,0.975981250736549,-2.53189795811523,-1.26555771340592,-0.620468643379845,0.0317623762335397,1.30243295479392,7742.50661839228,1.00021731483306
"q_rep[12]",0.0404764242183587,0.0104151138326082,0.93875389641738,-1.80693400980782,-0.569387610070734,0.0391948829657219,0.660211817093045,1.92339615493057,8124.1037934004,1.00001581583459
"q_rep[13]",-0.207911041240803,0.0106941441697331,0.955413131073925,-2.08751310463223,-0.841339582840229,-0.209390618322014,0.426859513882023,1.64251750399342,7981.60704485984,1.00019397629886
"q_rep[14]",-0.590073457201599,0.0109942850257504,0.971984789209006,-2.50583379493407,-1.23257174381082,-0.593504555623756,0.047581255065851,1.34573549494357,7816.00725073883,1.0003321957679
"q_rep[15]",0.0134905760345961,0.0105398401083283,0.940071258623857,-1.82211233464762,-0.607827451764366,0.0130051751950717,0.627521955524121,1.88596579235849,7955.24400015795,0.9997952064908
"q_rep[16]",-1.21183064963451,0.0113273621379439,1.01986474093926,-3.19604288927532,-1.88278074180051,-1.20884550832383,-0.532283894813589,0.825923860489872,8106.39169214604,1.00048151468354
"q_rep[17]",-0.719647992244155,0.0106999899635731,0.970961046856485,-2.63852264580433,-1.348408927389,-0.73330980794812,-0.0785755038810886,1.18704040390412,8234.49317069124,1.00028150168356
"q_rep[18]",-0.0487291147597103,0.0106252351005666,0.945118080893015,-1.92637350273099,-0.68095470313381,-0.034325039105963,0.580790101470336,1.79314504486648,7912.15973990103,1.00006542561605
"q_rep[19]",0.449514470417568,0.0102240870257592,0.942181982989047,-1.36747742472916,-0.171383780005451,0.444199463628552,1.07272230326467,2.32784007644389,8492.20589757096,0.999779272131328
"q_rep[20]",0.094986233033487,0.0105700018154129,0.937325620056811,-1.72681072823248,-0.528431135333884,0.0920912555649354,0.714593037878213,1.91827160859485,7863.7708892146,0.999861572157944
"q_rep[21]",-0.247226057323148,0.0108956303607847,0.956169163223229,-2.09856344033058,-0.887148594782426,-0.254127776257342,0.388455540908694,1.63109122756125,7701.31246792384,1.00009234928942
"q_rep[22]",0.761211248603943,0.0115827788878592,0.972980679673299,-1.194165114026,0.140877598857518,0.765491923247323,1.40106251860902,2.63232069843887,7056.39529233983,1.00010125445576
"q_rep[23]",-0.0480349781927905,0.0108526602117957,0.957298050825551,-1.92741469893213,-0.674561341592423,-0.0489034658694751,0.574428544579838,1.83574050386676,7780.75853254871,0.999917589367805
"q_rep[24]",0.0121262158208268,0.0105554063034602,0.955351956649051,-1.86642249959153,-0.617897718161188,0.0172761376641112,0.641401058318584,1.91756572503167,8191.75367760565,1.00011042734556
"q_rep[25]",0.737936455310416,0.0106292537352758,0.958869520968832,-1.17572606861499,0.0998227250229881,0.749804827847846,1.37939224286181,2.60183108627856,8137.92118735942,0.999771979334341
"q_rep[26]",0.6607339580195,0.0106831255153292,0.966115184715932,-1.27465448457402,0.0333324564065884,0.676264504925473,1.28711208711095,2.52111115382399,8178.26453824288,0.999926654138061
"q_rep[27]",-0.0258017142300196,0.0105022633121155,0.959330185173159,-1.93114108525663,-0.658580679289166,-0.0211854066353184,0.600666920999193,1.89815168991281,8343.92542752104,0.999906021675948
"q_rep[28]",-0.0262949483753468,0.0105160183053325,0.936456305436397,-1.90353375609348,-0.652705479590065,-0.0379728047342732,0.615493507268556,1.77684834573779,7929.98506941487,0.999831763531249
"q_rep[29]",0.6346602315904,0.0107777477408319,0.97373274296299,-1.26931623867179,-0.00811784245616876,0.636733476147011,1.2728256994129,2.55114291242911,8162.50610162527,0.999909823763096
"q_rep[30]",0.650015015435248,0.011219838452576,0.968543505594928,-1.26336698200944,0.0170528664010242,0.65701824734523,1.30751624517405,2.51566252812874,7451.8663830564,1.00007477194031
"q_rep[31]",0.86232836239831,0.0109030899065201,0.963539901077948,-1.03253298116085,0.215048572405592,0.877851250007981,1.50294384121391,2.76483290013319,7809.80555675783,1.00027372862294
"q_rep[32]",0.14292574725904,0.0104912142568416,0.935916746137002,-1.7166414577597,-0.483022568103244,0.143472471426431,0.762638290309891,1.96638829192269,7958.34794941074,1.00008765169717
"trout_count_rep[1]",1.95025,0.0281809605302087,2.59135376334285,0,0,1,3,9,8455.54933249556,1.00000282872934
"trout_count_rep[2]",13.10325,0.229367204931629,19.0966862273435,0,0,8,18,61,6931.91741724874,0.999903069426928
"trout_count_rep[3]",48.64725,0.221218591371372,19.8304115713819,0,44,52,60,76,8035.63516440202,0.999799364958069
"trout_count_rep[4]",0.881,0.0224134166731104,1.89176804822735,0,0,0,1,6,7123.9299805331,0.999699718124576
"trout_count_rep[5]",2.65925,0.0338713611939886,3.19040150611521,0,0,2,5,10,8872.07865110968,1.00021646264001
"trout_count_rep[6]",0.0390000000000002,0.00230463067037847,0.204900580845952,0,0,0,0,1,7904.66928317291,0.999949106741802
"trout_count_rep[7]",0.132375,0.00491203464722121,0.428806300945377,0,0,0,0,1,7620.78086551925,0.999833918734138
"trout_count_rep[8]",0.794249999999999,0.0209530299180908,1.74779826849335,0,0,0,1,6,6958.07239957135,0.999805052464427
"trout_count_rep[9]",0.202875000000001,0.00666511508394415,0.601674318774912,0,0,0,0,2,8149.06242407897,1.00011471269146
"trout_count_rep[10]",0.0941250000000002,0.00401563923844142,0.339896933813309,0,0,0,0,1,7164.48726790269,0.999841718258471
"trout_count_rep[11]",0.0647499999999999,0.00302572549234004,0.26705121614403,0,0,0,0,1,7789.8675155148,0.999876001561958
"trout_count_rep[12]",1.47525,0.0366718810538151,3.07014912739739,0,0,0,2,10,7008.94363775763,1.00042263129574
"trout_count_rep[13]",0.392125,0.0110146864466542,0.953009188145174,0,0,0,0,3,7486.00130023291,0.999730042436672
"trout_count_rep[14]",0.0733750000000006,0.00333047616535383,0.290691713132692,0,0,0,0,1,7618.20478487852,1.00015600770439
"trout_count_rep[15]",1.420625,0.0374672263592501,3.06494271457141,0,0,0,2,10,6691.77970110526,1.00017473304665
"trout_count_rep[16]",0.013875,0.00134793499293078,0.119097680108294,0,0,0,0,0,7806.72188984025,0.999816505143858
"trout_count_rep[17]",0.0491249999999999,0.00269229397761511,0.236577113149848,0,0,0,0,1,7721.47903304422,1.00061243471784
"trout_count_rep[18]",0.853375,0.0165341875420941,1.4697435584622,0,0,0,1,5,7901.64314524528,0.999672384521722
"trout_count_rep[19]",13.449,0.0935610436877878,8.64016669747001,0,8,15,19,29,8528.13619608398,1.0002254419032
"trout_count_rep[20]",2.51575,0.0617608114182596,4.95336440360118,0,0,0,3,15,6432.4226332447,1.00001581836043
"trout_count_rep[21]",0.373250000000001,0.0127219325576497,1.0550230195102,0,0,0,0,3,6877.29562724653,0.999654983527583
"trout_count_rep[22]",83.697125,0.315935704208314,28.2373433626358,0,79,89,99,118,7988.22432478153,0.999852805380191
"trout_count_rep[23]",0.889124999999997,0.0248973709144586,2.06896515472757,0,0,0,1,6,6905.56748933326,1.00014623772441
"trout_count_rep[24]",1.4675,0.0415875502341124,3.1635731024187,0,0,0,2,10,5786.6747375868,1.000074444241
"trout_count_rep[25]",70.620875,0.280510635346141,25.1109479948094,0,66,76,85,103,8013.59802144105,1.00023013076087
"trout_count_rep[26]",44.5555,0.205579862313232,18.4505954594726,0,40,48,56,70,8054.8903324341,0.999676094834691
"trout_count_rep[27]",0.790875,0.0152875485875604,1.41249464672115,0,0,0,1,5,8536.85530443643,0.999682895527342
"trout_count_rep[28]",0.809250000000001,0.0159277349981763,1.43627027280286,0,0,0,1,5,8131.38081473988,1.00008233039224
"trout_count_rep[29]",39.13025,0.191413360138228,17.2496660492268,0,35,43,50,64,8121.13797530364,1.00006802644969
"trout_count_rep[30]",38.953375,0.185068896931594,16.561392938892,0,35,42,49,63,8008.05136309972,1.00017238800775
"trout_count_rep[31]",128.825125,0.4104535688557,36.5056348582847,0,123.75,135,147,170,7910.2778549279,1.00058121617308
"trout_count_rep[32]",2.05775,0.027662855092215,2.6709186927598,0,0,1,4,9,9322.39137458154,0.999836672122658
"mu_unburned_dry",-0.469766425483777,0.0222408660051443,0.787259181831921,-2.01578436420403,-0.998808790467345,-0.479939850849006,0.0407895095385914,1.12966313916178,1252.94521485603,1.00115767287358
"mu_burned_dry",-0.75899982091384,0.0212690813823459,0.779030311317634,-2.312139313398,-1.25697401122076,-0.771614302075307,-0.245735042562435,0.823662164460547,1341.56353727484,1.00116733251681
"mu_unburned_wet",0.59258247504544,0.0221128576023069,0.745101659434095,-0.825553130603116,0.0787190395815412,0.572037760960238,1.07251306963655,2.11992861718482,1135.38021698613,1.00180874648618
"mu_burned_wet",0.303349079615378,0.0209371723480632,0.751700964954669,-1.14951372063995,-0.198185200253031,0.27822965181834,0.790574824873608,1.8109318944513,1289.00368653086,1.00163775789448
"log_lik[1]",-7.53067697025712,0.0152531092696339,0.963952048560359,-9.7624277265742,-8.0298618692817,-7.3898371443114,-6.8895682499087,-6.04305047309492,3993.87159834632,1.00105123774649
"log_lik[2]",-7.72276354135035,0.0122884912176263,0.931834746325712,-9.91187001630756,-8.22920001683111,-7.59529360509043,-7.08620305993867,-6.23480089144568,5750.16986049959,1.00000330114909
"log_lik[3]",-8.30429743396104,0.0134735001594838,0.891260625126817,-10.5155354051056,-8.74048142753907,-8.16776036974584,-7.704560631158,-6.98391870918553,4375.71045863831,1.00073128450105
"log_lik[4]",-5.58617378494812,0.0121905707398722,0.760094993652619,-7.5463857622108,-5.91263682347867,-5.44669478632435,-5.09382428160433,-4.53006336677173,3887.65454008198,1.00000850604355
"log_lik[5]",-8.58240664039899,0.0151913563404496,0.978946437442849,-10.9155756591974,-9.08124904468577,-8.44889705554902,-7.90652590299174,-7.06806106119202,4152.64454689807,1.00098488698258
"log_lik[6]",-5.29770209435291,0.0144985817351207,0.974637513030273,-7.64835406254564,-5.77499856182521,-5.15579084170096,-4.63086164034691,-3.86841073250978,4518.92572980792,1.00006096396341
"log_lik[7]",-7.40286156451565,0.0131678231691323,0.940595981737632,-9.61262530688037,-7.91210466348169,-7.29411792753295,-6.76539673980056,-5.90599086526088,5102.44423128089,1.00070536197184
"log_lik[8]",-5.73675160167149,0.0122894371179618,0.769009373942081,-7.66327601774477,-6.08410370451558,-5.61250099593905,-5.23268035062276,-4.60591345498697,3915.60869258971,1.00050557299169
"log_lik[9]",-5.29237418263637,0.0119733214915425,0.774326602468854,-7.21849160069311,-5.61543910619639,-5.15692463080757,-4.79808026216271,-4.20918080266588,4182.33746634416,1.00085938536274
"log_lik[10]",-5.17772961593876,0.0124631170072645,0.812791594478823,-7.26437094838084,-5.53090467979969,-5.04414846609991,-4.64485342880086,-4.00334457117627,4253.09479646749,1.00004918240148
"log_lik[11]",-5.77856865364176,0.0131089674007994,0.912343199274411,-7.96340477541366,-6.25956315794893,-5.64892339235093,-5.14886403074359,-4.39769485756343,4843.72536761942,1.000339479848
"log_lik[12]",-7.87366199261285,0.0133140446962624,0.971045864468541,-10.2244186223385,-8.39589907923091,-7.73267220901082,-7.21375468334421,-6.36083961940158,5319.36100008326,1.00000544036115
"log_lik[13]",-10.7260698565338,0.0157645662381218,1.30218105061138,-13.6228703756369,-11.4719191860561,-10.6040544045521,-9.83643495789971,-8.52854637360672,6823.05215625842,1.00016677362749
"log_lik[14]",-5.1507376457176,0.0118852088162699,0.825588369085356,-7.19636463758075,-5.54425985616494,-5.0172849387531,-4.59295909479178,-3.95590877565667,4825.17977820386,1.00006271929695
"log_lik[15]",-6.96992608076777,0.0127162753048542,0.902079219787284,-9.07785095898798,-7.45509392865149,-6.8612062756599,-6.35714276177844,-5.5250226523922,5032.33464662759,1.00032788150355
"log_lik[16]",-7.50760314652339,0.0211334128651774,1.64682466150047,-11.2586698703785,-8.47966595497908,-7.3133807869104,-6.32664954848286,-4.87106795199797,6072.33117042856,1.00001991665445
"log_lik[17]",-10.4357874943501,0.0204616322698375,1.50719781941705,-13.699048154751,-11.3540196356438,-10.3260456416633,-9.3942720613001,-7.79458235868481,5425.75230341902,0.999598359126765
"log_lik[18]",-10.2383083131841,0.012790757599478,0.949710114878725,-12.4554076288779,-10.7220535490739,-10.1198682720997,-9.60379560386886,-8.7789526759489,5513.02027607268,0.999963997938157
"log_lik[19]",-8.8316726202743,0.0128387961322088,0.933911463636949,-11.0956822683616,-9.29938034062656,-8.68959794962472,-8.20800203026313,-7.43449242493451,5291.30513983065,1.00073805485034
"log_lik[20]",-8.16761125466203,0.0142501818918366,0.929376767710943,-10.3329482286661,-8.6714973057046,-8.05627141630254,-7.54728547375842,-6.69384081751179,4253.46445853831,1.00130485202557
"log_lik[21]",-7.11890365795155,0.0160672000898288,1.08587626203758,-9.71996654461786,-7.69529683330656,-7.00436031567723,-6.36558893641479,-5.38889271033928,4567.51807121485,1.00059052726686
"log_lik[22]",-8.9947285628896,0.0137741217065929,0.991966816412935,-11.3465245333102,-9.52236877752781,-8.85323535242073,-8.30057507249844,-7.4767194220888,5186.40534769019,1.00004961449375
"log_lik[23]",-10.2806599904113,0.0155299710357748,1.20856743177463,-12.9504956391599,-10.9760260743352,-10.1654009365726,-9.44397770404015,-8.23961751988195,6056.20380999,1.00103632622517
"log_lik[24]",-6.14416419437747,0.0123246748048062,0.801282023594716,-8.14142120279997,-6.49691848618828,-6.01449040616382,-5.62012356048342,-4.99096815807304,4226.87944448888,1.00000340988601
"log_lik[25]",-8.48515173269455,0.0122774115864377,0.924381642990764,-10.7196439279871,-8.92817524533485,-8.33948724776809,-7.86698935786083,-7.14730387568041,5668.77205530213,1.00000651128248
"log_lik[26]",-11.4084611561545,0.0153742931170738,1.29214100790563,-14.3350936285861,-12.1562736982536,-11.2678655195141,-10.5102533456535,-9.26367562994366,7063.65542621404,0.999578205852702
"log_lik[27]",-7.74402370316961,0.0123941881076435,0.828599558791522,-9.78131823887422,-8.1373450585502,-7.62867321553068,-7.19143333419186,-6.5097419916335,4469.44121005614,1.00021624862188
"log_lik[28]",-8.29341246881935,0.0147251003966378,0.947924440096481,-10.5622627579456,-8.78515681276704,-8.16140573135239,-7.65060363714334,-6.81998880535518,4144.10654317012,1.00030157674041
"log_lik[29]",-9.91241243733178,0.0146069744531808,1.06663878657047,-12.4930241324209,-10.4756956992746,-9.76433435927284,-9.1741654721333,-8.27143108806557,5332.29545020058,0.999708030534625
"log_lik[30]",-10.6686431674915,0.0140825724158628,1.11350210012524,-13.1624692708184,-11.3142986488246,-10.5458825687504,-9.88684810025527,-8.86181195921519,6251.98740786094,0.99973043258986
"log_lik[31]",-9.69090202374908,0.013557613757842,1.06470610226362,-12.1230086132846,-10.2591983444825,-9.55802782235883,-8.94901675013041,-8.01187021733024,6167.27014249129,0.999941771693982
"log_lik[32]",-9.26599242585684,0.0160405695463884,1.06331514894854,-11.7561436367814,-9.81801933698273,-9.12880177787811,-8.55372439320186,-7.60962001675157,4394.24668171133,1.00040312113602
"lp__",1637.33545437299,0.177668133382485,6.8867246337036,1622.87429146755,1632.92689663359,1637.59262532499,1642.16413464083,1649.91987512397,1502.4718949509,1.0028736445077
