"","mean","se_mean","sd","2.5%","25%","50%","75%","97.5%","n_eff","Rhat"
"stream_quality_raw[1]",0.0516691490131507,0.00678410871655488,0.522983569430958,-0.967325378859075,-0.305834076731399,0.0520579723154769,0.401166415013879,1.08831353592365,5942.79147673629,0.99993906152708
"stream_quality_raw[2]",0.090043015921965,0.00789363873103958,0.537771648142097,-0.954250928978437,-0.278732867262821,0.0868951388267055,0.453513182012126,1.16096407722405,4641.31785829975,0.999796355846574
"stream_quality_raw[3]",0.291959656628367,0.00777191200266833,0.525023182611252,-0.738716685177454,-0.0621443060521677,0.29203907343983,0.644663347475152,1.32047765309061,4563.53316668436,1.00059571847763
"stream_quality_raw[4]",-0.430282181086397,0.00798089574932451,0.526808973399927,-1.47570072335074,-0.783135947515814,-0.428398142036791,-0.0795871088423937,0.597921385811776,4357.15542570304,0.999877566866526
"stream_quality_raw[5]",0.0553300821571186,0.00704452193553792,0.515752947667582,-0.965802466853547,-0.27905645153534,0.0531297740224618,0.390841624230261,1.05932828466203,5360.19249012874,0.999934921360951
"stream_quality_raw[6]",0.0596687045308513,0.00828631574401147,0.541333913534535,-0.97985719912304,-0.30933501181699,0.0622549748684676,0.415581291949406,1.14643926711183,4267.8339694191,0.999887197437689
"stream_quality_raw[7]",0.289485402107508,0.00758217065816259,0.539258464984614,-0.760460844441263,-0.0783124462724539,0.287817246120901,0.645332245989829,1.34238128677258,5058.32619142318,1.0003743337877
"stream_quality_raw[8]",0.750243211021871,0.00774068523824106,0.547242483978753,-0.300964533419786,0.383423250331493,0.739324841993646,1.10052537581312,1.85528822358682,4998.05228626892,1.00040252963728
"stream_quality_raw[9]",-0.625974004372271,0.0118581177164132,0.614706891283213,-1.80382720007621,-1.03970526549715,-0.63447289179636,-0.221006032460844,0.601902657305347,2687.22882359803,1.00028472039905
"stream_quality_raw[10]",-0.418884067168539,0.0102311107608319,0.572332610239599,-1.54841259159344,-0.801648610891337,-0.408227884530034,-0.0372308512321392,0.689220021357152,3129.33034058309,1.00100195535978
"stream_quality_raw[11]",0.595716890722095,0.00757504585013594,0.546798914084138,-0.482425117765802,0.234848777217224,0.598518184809987,0.950691964321666,1.67650402706154,5210.56424569604,1.00063090105011
"stream_quality_raw[12]",-0.297147934060985,0.00892180082851208,0.565886123685418,-1.43616339329925,-0.673503816116818,-0.284045946635657,0.0861983312584137,0.778968647388959,4023.0278735626,1.00060021229543
"stream_quality_raw[13]",-0.396754706211245,0.00713717715569895,0.528159112846006,-1.46735620752929,-0.732850179009999,-0.39263237666055,-0.0494004125024835,0.643024154733325,5476.16596210837,1.0012111046629
"stream_quality_raw[14]",-0.828566111868322,0.00902069142590445,0.560371056209796,-1.95606256985339,-1.20645452408377,-0.81584623052707,-0.442491099126728,0.234304192121578,3858.97297180542,1.00092961627771
"stream_quality_raw[15]",1.07490212296513,0.00773892017890053,0.544300424066435,0.0106736307404005,0.711003522171048,1.07449483561407,1.43011434875225,2.16777715765123,4946.71182418597,1.00002980670871
"stream_quality_raw[16]",0.155263074228326,0.00855958478100107,0.560302260922759,-0.926024083123985,-0.224154847985011,0.155996784254122,0.544825529325677,1.23392008186594,4284.88681032983,1.00120563540966
"stream_quality_raw[17]",-0.39705124038008,0.00769382974108908,0.54434379966511,-1.47569651416685,-0.754693816772144,-0.397736196327868,-0.0390934406767981,0.670340805252647,5005.66081119116,1.00051857359169
"stream_quality_raw[18]",0.887379449740719,0.00799766686717587,0.559853208610207,-0.202899637080363,0.513165751285174,0.884726256734425,1.26242343189664,1.99064732545267,4900.28932703754,1.00003812602565
"stream_quality_raw[19]",-1.73426787855675,0.0100209273882992,0.599828819916828,-2.93779840835122,-2.14317457239435,-1.71120353428177,-1.33130803587103,-0.592411206170457,3582.93414952857,1.00119651603082
"stream_quality_raw[20]",-0.738394136983186,0.0078270994732392,0.552649002026457,-1.81360033881542,-1.110033664208,-0.74057858234266,-0.371672424196773,0.339814548688418,4985.36630160633,1.00124983525171
"stream_quality_raw[21]",0.410900023314581,0.0104512316724645,0.593242200583975,-0.776051442207371,0.00852776843446287,0.418189860010479,0.810770083407134,1.55152733926159,3222.02662396074,1.00074791204958
"stream_quality_raw[22]",0.140185898240431,0.0069613962304987,0.52847898714793,-0.868171279728106,-0.215576808778558,0.136167931886049,0.495708222360802,1.20130296957977,5763.18738499323,1.00021073588513
"stream_quality_raw[23]",-0.330095754580162,0.0102411054647084,0.569676664974933,-1.42718706326551,-0.715961892300522,-0.339013644743998,0.0470730323755177,0.813793367076453,3094.30545822245,1.00088616428123
"stream_quality_raw[24]",-1.10412296989953,0.0106618086724642,0.593142404820033,-2.24471790921833,-1.51051270981246,-1.10339183942293,-0.710507456993754,0.0583118900178494,3094.96810440601,1.00078337387432
"stream_quality_raw[25]",0.509442399692653,0.00679131334327979,0.521079567708882,-0.48185571911522,0.154185655726572,0.503182468963796,0.849102900268557,1.55077309985704,5887.08831365273,1.00017136346756
"stream_quality_raw[26]",-0.981687036440079,0.00846610240332639,0.551675053807157,-2.0787080658431,-1.34446699474291,-0.977675996012957,-0.610466631151722,0.0940277403248926,4246.19229136488,0.999606323934166
"stream_quality_raw[27]",-0.576412389390627,0.00825383653416429,0.535725235593113,-1.64604725673779,-0.931346810634219,-0.580046133978009,-0.217433649276074,0.481397673618523,4212.81591099462,1.00034888684084
"stream_quality_raw[28]",0.963218374923428,0.00918639812070743,0.565171258661116,-0.128358240709628,0.578833071909262,0.96083677623829,1.34360264707212,2.08057637809036,3785.03247581301,1.00000435061083
"stream_quality_raw[29]",0.955115212334146,0.00913675657355788,0.576885032874994,-0.144452358078021,0.564700670120255,0.943546326972115,1.34278635622701,2.11870595904192,3986.52446979832,1.00025755230252
"stream_quality_raw[30]",-0.986951552458809,0.00782561941301952,0.524054198494215,-2.0789896202567,-1.32657554773258,-0.982554137830671,-0.629975418256492,0.0110268247062343,4484.50965897233,0.999876713322885
"stream_quality_raw[31]",-0.105355374863141,0.01023697343637,0.561468639818377,-1.17399310961574,-0.483150557746482,-0.109179010295522,0.25905197151666,1.04092894579688,3008.20795799002,1.00021100397617
"stream_quality_raw[32]",0.715729005553575,0.00713234677195368,0.525893914744362,-0.277585750138806,0.353970574450069,0.708445054946542,1.05947734098433,1.80300745814993,5436.65019500699,0.99979689979688
"stream_quality_raw[33]",1.12683172312164,0.00781205422558376,0.555761879734526,0.072043967545192,0.751928050816225,1.11875055208418,1.49539317113915,2.22773444104171,5061.12438815513,1.00091807807555
"stream_quality_raw[34]",1.3679681226193,0.00839442872062393,0.554079890977336,0.307036607696481,0.989035411030265,1.36071982140312,1.73095968567805,2.47051845946188,4356.74845650635,1.00035350286096
"stream_quality_raw[35]",-0.55365120746625,0.00677033149002171,0.525147446387433,-1.58440078060339,-0.898907464266585,-0.555733252089732,-0.20337982391546,0.480499417634144,6016.48238618165,1.00002868685442
"beta_conduct",-0.589954806031581,0.00334491257173362,0.132554962352149,-0.863999514079934,-0.676963503212516,-0.583871819795668,-0.496846326176567,-0.352268031950725,1570.44394638031,1.00016616823728
"beta_depth",0.455893470157809,0.00262605332208818,0.127017862943685,0.225203097288955,0.368073505776654,0.449261803509722,0.53773645278917,0.725613987121382,2339.4971617162,0.999960368287834
"beta_do",0.136399711688836,0.00131576579130955,0.0954349658265398,0.0061840951316294,0.0618778496023313,0.12046316703566,0.192749332333098,0.357679997733207,5260.87354391868,0.99976785920433
"beta_thermal",-0.494282406257544,0.00277489671995194,0.128021113338712,-0.768978122651841,-0.575351435179319,-0.488015157992939,-0.40510475743197,-0.261394936954398,2128.47989501329,1.0001947573362
"beta_canopy",0.585376708079592,0.00224380252977063,0.105956994225047,0.403288173002462,0.510865378256051,0.57684093097041,0.650212399531348,0.821499811078406,2229.92364666493,1.00102976788807
"beta_q",0.295569476331059,0.0029154812971251,0.141884406418408,0.0324841044557089,0.196721347041533,0.291405239971437,0.386937693348886,0.594602680669681,2368.36598896055,1.00031734097239
"a_conduct",0.228474317902886,0.0191142897278531,0.706295692092586,-1.13027050186372,-0.232448227626419,0.207670461301496,0.658010269489658,1.7134826776065,1365.39021292412,1.00263672660615
"a_depth",-0.168497503897641,0.0149167960849459,0.57008537746251,-1.36504256528467,-0.500965705937159,-0.150523190174195,0.192346362401895,0.908610132555031,1460.5912596205,1.00173423311366
"a_do",-0.0575919939886212,0.00538993980343091,0.262610705491984,-0.631928554431142,-0.207473538111039,-0.0480845165822345,0.109827657680486,0.428085449513657,2373.87049748899,1.00087464702039
"a_thermal",0.220618347904967,0.0163183784894548,0.605816781355412,-0.947321052809276,-0.170320544607669,0.203159302069249,0.588649940910642,1.49944625545605,1378.25188348077,1.00264736309502
"a_canopy",-0.279366106554353,0.0188781836500154,0.705529441111751,-1.75964925569647,-0.700312986562539,-0.256585374035152,0.191348899644967,1.05082243923228,1396.72166298722,1.00282768679467
"a_q",-0.124998883088921,0.0104926316390656,0.415584497759058,-1.04526742287382,-0.356691268161512,-0.101548016183927,0.129909420764242,0.655966696367957,1568.73586267266,1.00223003978918
"sigma_conduct",0.57472717141641,0.00292616830515193,0.120071003207515,0.350267326822988,0.493900991804291,0.569846364363313,0.651258234521481,0.82081971534724,1683.75025536689,1.00134692343191
"sigma_depth",0.798920602553056,0.0015823135927872,0.118648739307069,0.600189671238057,0.715466794631361,0.787248494660319,0.871225066667376,1.06442347899134,5622.65113897911,1.00023903233349
"sigma_do",1.0255375008598,0.00147513014672814,0.128759625719696,0.80982011141143,0.933706365146599,1.01379513756943,1.10167010198697,1.30547818493603,7619.01333958441,1.0001277784476
"sigma_thermal",0.720828291436497,0.00159472925186036,0.106962688456184,0.536517422831215,0.645533946638071,0.712605530678411,0.786409563616223,0.957019902364198,4498.73798077933,1.00072488905747
"sigma_canopy",0.552299382309888,0.00350200803448791,0.133756925259824,0.270079556499235,0.468895669081398,0.555598960295874,0.636879901385244,0.812447408009811,1458.80847417625,1.00096800046493
"sigma_q",0.973488438785378,0.00165510289580362,0.130695224626229,0.754535579593597,0.882354175003311,0.960444447479516,1.04951866380138,1.26968926106156,6235.47355888842,1.00006947300581
"beta_burned",-0.291002430670125,0.00799624129850076,0.388639810301148,-1.06880478590138,-0.548079754748883,-0.28216066640821,-0.0263699368584719,0.442026449727821,2362.23330711928,0.999762784665944
"beta_wet",2.06105648358798,0.0116510412912542,0.52376060696082,1.08294877020406,1.70380769962224,2.03805612220094,2.40080809986411,3.14273705164182,2020.85977592991,1.00048299885491
"alpha_quality",-0.70403797875143,0.0314648758157226,1.22513977416316,-3.06414930238882,-1.5132902243288,-0.731913317121185,0.079260543280474,1.78297548926068,1516.0699331723,1.00228853553519
"beta_trout",1.46838928100091,0.0086818271051532,0.513382257903549,0.61698464051936,1.09792540859777,1.42355177878233,1.78403113311611,2.62028661695303,3496.70863345591,1.0003801877224
"alpha_trout",-0.561567699774515,0.0394069682640703,1.59064008821339,-3.73903137868317,-1.60304501779117,-0.557518559946754,0.49106032459234,2.53589138855248,1629.28777505898,1.00203589197001
"conduct_hat[1]",-0.561555624256289,0.00291120109927882,0.294072725212897,-1.14600223541492,-0.756937500032078,-0.556213861910171,-0.368089723316915,0.0128542416604586,10203.8738154403,0.999822957685903
"conduct_hat[2]",-0.585435747573763,0.00426467998954902,0.315357879260047,-1.20208616414277,-0.79337491748437,-0.584918338403296,-0.373995165177274,0.0323427592516492,5468.07516657236,0.999765623476666
"conduct_hat[3]",-0.717097770940703,0.0040856570105228,0.30406282700434,-1.33793696662573,-0.915451318373567,-0.707709197567178,-0.50958090508414,-0.140179654025088,5538.63630508822,1.00075105959003
"conduct_hat[4]",-0.118782434475719,0.00346703520601089,0.288023647819259,-0.681965020838398,-0.311227698746388,-0.120083749442761,0.0677083723316354,0.456214423126486,6901.44115615426,0.999839471564602
"conduct_hat[5]",-0.573675013332905,0.00304221862227805,0.290467068768524,-1.16550417703597,-0.760615965482331,-0.571269079552158,-0.378039263649199,-0.00673708057027781,9116.18150074204,0.999768512750992
"conduct_hat[6]",-0.400539806902837,0.00326302198513017,0.294490549239372,-0.988851435037959,-0.591936225794181,-0.400003877847527,-0.201375123603416,0.165704407590568,8145.21822209412,0.999943040141593
"conduct_hat[7]",-0.552797262932811,0.00421751839630803,0.310012983071134,-1.18617884573618,-0.753913267718672,-0.538327488440987,-0.34174185896246,0.0150687862205227,5403.13467931566,1.00011837281318
"conduct_hat[8]",-0.815943479035004,0.00496871765180899,0.324926993858022,-1.4911778629214,-1.02815231012276,-0.804523495755882,-0.590832810015928,-0.208307094626465,4276.44556247457,1.0003637517957
"conduct_hat[9]",1.18172701372244,0.00742139545034132,0.37280821397712,0.484232213044987,0.926544463148548,1.17017935387747,1.43200284839505,1.92519351241042,2523.47959656632,0.999855769811091
"conduct_hat[10]",1.02347329577126,0.00431968110080417,0.319719124422635,0.417467639486307,0.804685712366545,1.02076601224455,1.2329700297779,1.66868296688013,5478.14921173131,1.00009696748036
"conduct_hat[11]",0.287543046613178,0.00295933258856477,0.288919968829212,-0.276805469567618,0.0911563573152751,0.284042344502302,0.476583125123933,0.868881119959997,9531.6385555108,0.999813901522858
"conduct_hat[12]",0.795592798562755,0.00292464895347738,0.297286884669798,0.233447255169255,0.595127473291817,0.784204762855472,0.989020483923887,1.40192667930795,10332.466594282,1.00024482831756
"conduct_hat[13]",1.02218843319316,0.0029714269051282,0.301519583259094,0.441967611114486,0.823424548485828,1.01338707896079,1.21514874558126,1.63379459492544,10296.7684255117,1.00007267976501
"conduct_hat[14]",1.26365116037217,0.00328502287754888,0.320088746502228,0.67008284930006,1.04166722271168,1.2551999915088,1.46782879972342,1.90948433144728,9494.32326574876,1.00012680259253
"conduct_hat[15]",0.173004591307107,0.00328084389804497,0.291541724299959,-0.401457309932036,-0.0143100741892299,0.170791152029748,0.358479988578417,0.763503118274003,7896.42112437877,0.999594240810668
"conduct_hat[16]",0.690840609580115,0.004876969906724,0.318704885886814,0.0621419906008649,0.476796396024492,0.691259485385731,0.899927473196899,1.32414626384497,4270.48589054065,1.000458816244
"conduct_hat[17]",1.03503480674174,0.0042366497636497,0.321683920508509,0.422257994612996,0.81337385403954,1.02670129796868,1.24697731146222,1.70230266770121,5765.18940572036,0.999662478377903
"conduct_hat[18]",0.119574062652848,0.00305102192285409,0.294392544905816,-0.462224094126755,-0.0723943217094308,0.121908713114517,0.311066679262814,0.707502029818764,9310.28465228659,1.00003658124538
"conduct_hat[19]",1.8217768894007,0.00882209261974324,0.437518428701613,1.00445564636446,1.51893997585692,1.80734445747861,2.11703707817492,2.6981378221761,2459.51499900017,1.00033736175753
"conduct_hat[20]",1.22335414032901,0.00415796581966242,0.340520478463459,0.550433827812932,1.00185755226228,1.22176341888256,1.44991754587636,1.89088038988531,6706.9433802664,1.000464786249
"conduct_hat[21]",0.381561726838868,0.00479371186265887,0.309708308650027,-0.253948039907008,0.174483923020433,0.385736660687443,0.590525291148757,0.986752632719719,4174.090496613,1.00056548580234
"conduct_hat[22]",-0.611529026471325,0.00321235267367077,0.298233787577022,-1.20048471364454,-0.80661174584896,-0.607730199364108,-0.417878927715022,-0.0252419326141559,8619.20579559435,0.999931731917961
"conduct_hat[23]",-0.327764937160137,0.00597613007038841,0.334159260824384,-0.992649586197086,-0.550892242102182,-0.325087544852172,-0.104690324435508,0.320345680625863,3126.56110233839,1.00053345961383
"conduct_hat[24]",0.125543875127321,0.00802114028960764,0.374445821250639,-0.584663816303304,-0.137215664346288,0.12362750918843,0.384830415187592,0.866401292821685,2179.2434642965,1.00047602953051
"conduct_hat[25]",-0.836909090144728,0.0035425427082698,0.308892771803162,-1.46418869751374,-1.04008142364428,-0.83102993547965,-0.627403100056156,-0.243740777714225,7603.00545533838,0.999846512141395
"conduct_hat[26]",0.184710819348656,0.00331044602686061,0.292253298686851,-0.399875370684313,-0.00689515166201091,0.185759567336173,0.374855519142256,0.754151512307122,7793.73832738951,0.999636854498584
"conduct_hat[27]",-0.188727895690492,0.00536760627912285,0.314725246724269,-0.794462405376568,-0.403224181016614,-0.190958018426644,0.0232268991681359,0.440001012892208,3437.96824370666,0.999858611280657
"conduct_hat[28]",-1.11002753507393,0.0056148358793373,0.340384022562513,-1.79867464761036,-1.33814715720851,-1.10168965074502,-0.872155634641025,-0.470679133901313,3675.0580194274,0.999741770976783
"conduct_hat[29]",-0.943118886198787,0.00648783937048577,0.360626308244655,-1.65998087737917,-1.18899627535565,-0.945193873528666,-0.689684717308455,-0.262363298829338,3089.68805835706,0.999912325241221
"conduct_hat[30]",0.0318820930316108,0.00307018011901199,0.281951592221153,-0.532184997115749,-0.155509202262091,0.032820342427592,0.21937203456828,0.600506717751992,8433.76300276115,0.999783860302586
"conduct_hat[31]",-0.298682747966317,0.00488009593376034,0.307151479070806,-0.899200594636369,-0.50000382596223,-0.304506817019739,-0.101457299592042,0.314981431302632,3961.39822747091,0.999935482310392
"conduct_hat[32]",-0.791079578416812,0.00352969110198246,0.305600374233214,-1.41919509155155,-0.98568945314175,-0.780089383774528,-0.578557795517408,-0.226018618229229,7496.08259620858,1.000011053079
"conduct_hat[33]",-1.04166888811921,0.00598718350851507,0.354906756087677,-1.7527120889221,-1.2861070008619,-1.03742882986734,-0.790606142333325,-0.376326006453646,3513.85142458807,1.00049176547769
"conduct_hat[34]",-1.18336319645827,0.00700982744075847,0.368942728753824,-1.91127446853049,-1.43533095184526,-1.1865379839644,-0.924340574767558,-0.481498594385995,2770.14981221931,0.999938985181509
"conduct_hat[35]",-0.210642458560139,0.00361323280855985,0.301010585035374,-0.787279419781853,-0.409954678963152,-0.217259396604595,-0.00982663691321561,0.386303132515133,6940.19456095632,0.999887881186925
"depth_hat[1]",0.447738924287366,0.00296559557518036,0.273451147093867,-0.0630568826991438,0.260320948066173,0.439390222106237,0.623602340679245,1.02083208597525,8502.28481181325,0.999730017740307
"depth_hat[2]",0.459032057834703,0.00345961675561621,0.278336696849684,-0.050324009515153,0.266898743979867,0.448014535728392,0.638890363142623,1.03901358546985,6472.69218593769,0.99980135078193
"depth_hat[3]",0.562304460024847,0.00322939446214108,0.276826620966495,0.0470251705376714,0.372547948531219,0.550430233701692,0.739274558392652,1.13221528648976,7348.07382316271,1.00006307615948
"depth_hat[4]",0.0985826033573782,0.00303864914627722,0.255202544152915,-0.422378796976795,-0.0680282748467818,0.0973035674506546,0.268993488523087,0.601576927493722,7053.5684267736,0.999975755637357
"depth_hat[5]",0.448870673539338,0.00277915561807208,0.261984592853218,-0.047385417497485,0.27391641611292,0.442647337943842,0.612539732152161,0.99701608981329,8886.39823182948,0.999718889559138
"depth_hat[6]",0.321995852590523,0.0030333386496761,0.266994072804439,-0.178008566949614,0.13946754068164,0.313935772696775,0.49325725270662,0.874440179160479,7747.49746803916,0.999705340410966
"depth_hat[7]",0.431075012127982,0.00315708289020397,0.267815480555827,-0.066797982426322,0.243157002574528,0.422316642513285,0.606301519667477,0.983321938637553,7196.13636870575,0.999931210484731
"depth_hat[8]",0.650119775216864,0.00454857063264569,0.320477595880527,0.0775795395476204,0.421380405452037,0.630813181613158,0.85425104178372,1.3323499122919,4964.15646942402,0.999710061246651
"depth_hat[9]",-0.902286741320667,0.00569767943558972,0.343351576206975,-1.60131239533433,-1.1275958273213,-0.889353539130969,-0.665288035137653,-0.274164917412222,3631.46671978961,0.999996121679462
"depth_hat[10]",-0.788137360667782,0.00441235336219686,0.321346668994071,-1.44827694396412,-0.994724707446457,-0.775019388688111,-0.567465455340989,-0.180411566493481,5304.04297130918,0.999776022913945
"depth_hat[11]",-0.21642313959726,0.00281081593846882,0.259748301325993,-0.74811439906303,-0.384681273209135,-0.212449583818998,-0.0415885193252677,0.279860952024519,8539.66073232683,0.999717938258213
"depth_hat[12]",-0.612337979345826,0.00317577221757663,0.293963115387137,-1.22212674011935,-0.801296092589635,-0.599331171113908,-0.41019468782271,-0.0743133810676368,8568.14864977006,0.999828701479041
"depth_hat[13]",-0.786343122715488,0.00333935283301414,0.309410194038809,-1.41687822714474,-0.988862430948565,-0.774352352054923,-0.577013905091485,-0.211720115260274,8585.08538774189,0.999835686679814
"depth_hat[14]",-0.972066656385337,0.00391113122007542,0.333517385548622,-1.66065743777314,-1.18391516456993,-0.957989146473144,-0.745495868484081,-0.34462932431635,7271.63684389989,0.999764556720907
"depth_hat[15]",-0.126941192752109,0.00287042350007823,0.25609532270113,-0.660110406019053,-0.292951754725464,-0.119251078687147,0.0392300633156815,0.369183881793955,7959.96832191587,0.999579415766791
"depth_hat[16]",-0.531486074987806,0.0042279304516703,0.299148043016701,-1.15489596919227,-0.724553710620442,-0.518475939478,-0.33019098986,0.033571214751735,5006.29760149205,0.999897736117448
"depth_hat[17]",-0.789246718832973,0.00345169752049434,0.30544595319106,-1.4304690417711,-0.978552552236426,-0.77716623805136,-0.580279658708894,-0.227672473527099,7830.74875413358,0.999711024223104
"depth_hat[18]",-0.0845488847263494,0.00283584734023834,0.261307630732292,-0.606547537671092,-0.253384578325657,-0.0810858620935324,0.0908304347213194,0.418708711223478,8490.6020885957,0.999928973533121
"depth_hat[19]",-1.39476936364208,0.00667128674113009,0.416899875708316,-2.25909013117064,-1.65979777756046,-1.38224572431788,-1.11185472258842,-0.620133649727355,3905.20931035016,1.00010202584908
"depth_hat[20]",-0.93960148115728,0.00380107612519197,0.338988248263093,-1.64010637957863,-1.15046024706562,-0.929304406868742,-0.709337467871965,-0.307757064293163,7953.46090448247,1.00009618037215
"depth_hat[21]",-0.294534864600556,0.00413567993979595,0.282539936362428,-0.860409650724914,-0.481406925496861,-0.284713090449454,-0.100518427124052,0.233413901880928,4667.3013584614,0.999961833403022
"depth_hat[22]",0.480541008599519,0.00308879801185043,0.27003867971806,-0.0291668853068356,0.299382473679005,0.467792760868065,0.65602475160886,1.04358415728667,7643.15969493644,0.99975904153686
"depth_hat[23]",0.269687654653573,0.00485507330149184,0.293667140625502,-0.27960412543186,0.0741529495952698,0.257838091818961,0.456556248212324,0.873141878584772,3658.63535431314,1.00035991550081
"depth_hat[24]",-0.080849412681145,0.00626609452518128,0.313897432304312,-0.695543594097834,-0.289199943978513,-0.0781465883000659,0.128082983181594,0.544479243659153,2509.46788593571,1.00065092159472
"depth_hat[25]",0.653279543742568,0.00297506459164065,0.280042783586022,0.135873620655371,0.458285716401247,0.646818275967524,0.831929400070666,1.22543542728715,8860.4539622517,0.99983532794384
"depth_hat[26]",-0.129119784113584,0.00285585351815683,0.257866644425377,-0.640043234885634,-0.29371921133334,-0.12753808695652,0.0390710501224252,0.386827714993096,8153.01951646549,0.999711170735158
"depth_hat[27]",0.161343616337901,0.00432769877087711,0.274445009296706,-0.377414177982803,-0.022076432444322,0.157359466873937,0.335743504989568,0.711407608322271,4021.57921009702,1.00016816545953
"depth_hat[28]",0.869658646381186,0.0046932388954568,0.33004935068721,0.272569963890035,0.639938554950938,0.853324597618367,1.07910961278425,1.56880796952347,4945.52547012019,0.999671791685716
"depth_hat[29]",0.74585912520444,0.00552449443537825,0.344870360284018,0.130341356676781,0.500754331724008,0.72959462420987,0.97121300014712,1.46345826200136,3896.96639353153,0.999739832144917
"depth_hat[30]",-0.0159824206968849,0.00265969171759378,0.248551446366854,-0.515558813011171,-0.177780790730409,-0.0175411728639456,0.144829379679209,0.480945466640801,8733.13125972328,0.999939424987643
"depth_hat[31]",0.248017635773554,0.00424252911676266,0.273779365253618,-0.280426640118766,0.0702003516275106,0.245008489766566,0.423248999432997,0.809607465024579,4164.39351347867,1.00007996170701
"depth_hat[32]",0.626960479538844,0.00358645914397311,0.297987140589098,0.093766074864365,0.424468653641541,0.608294586841854,0.812411482951259,1.25609273612455,6903.40368450453,0.999621214780932
"depth_hat[33]",0.80987091731565,0.0046843849420411,0.318501869153513,0.225358688661627,0.584308724694351,0.796616211280236,1.0081858995535,1.48554855085906,4622.94597523939,1.0002781402986
"depth_hat[34]",0.928283743973977,0.00588267428886773,0.354310115113277,0.27261582388743,0.685656816664345,0.914453932116239,1.15633823683053,1.6589175339842,3627.58415251345,0.999913551714529
"depth_hat[35]",0.174329179383271,0.00323330264640822,0.265821169881271,-0.349378190919037,-0.00511944862442146,0.171789289018645,0.349095458085763,0.69725108832009,6759.06175681561,1.00032156696071
"do_hat[1]",0.12766189093734,0.0022109256416691,0.209724621402844,-0.275179781926125,-0.011351028247264,0.123489069642378,0.261443736549952,0.569918046639142,8998.09481420221,0.999692608396701
"do_hat[2]",0.131452718508527,0.00222271418926773,0.212368388836621,-0.274068938746326,-0.0101656863663399,0.125100793700304,0.26353689088377,0.574357167701899,9128.77494864463,0.999705463454284
"do_hat[3]",0.161633454183371,0.00225668371802405,0.217408417122911,-0.241915292536429,0.0131350882256553,0.154438741907496,0.299969554552824,0.609743242016441,9281.35356895712,0.999915425891147
"do_hat[4]",0.0246886686067436,0.00195124316654302,0.193882559215063,-0.352993116295619,-0.101722586319664,0.0270677850090757,0.148537521546134,0.413772104401117,9873.12640147346,0.9999556562558
"do_hat[5]",0.129318798911947,0.00212709071726732,0.208277337871092,-0.261926973846838,-0.0136375583276384,0.124646368326642,0.26224115545459,0.557332090212243,9587.64646434379,0.999694152699926
"do_hat[6]",0.0911059261526388,0.00203471006204647,0.201800591721588,-0.296513093691168,-0.0437531528170138,0.0853130057333767,0.220077741397992,0.497463605447814,9836.48208153184,0.999653486969536
"do_hat[7]",0.121410182728998,0.00212537178357119,0.206842180738448,-0.269611339979811,-0.0205313333437655,0.116170292872342,0.250726734145835,0.545174372924989,9471.27386605323,0.999801115981025
"do_hat[8]",0.187731844379549,0.00247655049268046,0.232408448078299,-0.229845959006734,0.0289473943591006,0.176199042808274,0.331868514293241,0.67458773040466,8806.62385763647,0.99973563382728
"do_hat[9]",-0.2741158232298,0.00312399848160654,0.267485297780876,-0.853023711188138,-0.441364398273512,-0.250612448448173,-0.0896120689225342,0.198493603133126,7331.25294895231,0.999744412262264
"do_hat[10]",-0.242562189832141,0.00299873959347541,0.254611060527071,-0.802652664613579,-0.395330449489573,-0.223743201405241,-0.0679367641061824,0.20919028662432,7209.03317388473,0.999899714429441
"do_hat[11]",-0.0697204891072652,0.00196151208097317,0.196322395662249,-0.471339796708886,-0.1943542825396,-0.062710482172573,0.0586340143714459,0.31709597891968,10017.4622697543,0.999908168702681
"do_hat[12]",-0.190325545520951,0.00260642994878753,0.231931124130867,-0.685595116295006,-0.33224215180855,-0.175801359157112,-0.0339195845388914,0.229002451818329,7918.19060011405,1.00013995553834
"do_hat[13]",-0.241644644570831,0.00292317278543057,0.253624693041338,-0.798868350546037,-0.39600195113257,-0.221569530108607,-0.0679804687503349,0.207430949442741,7527.90440229869,1.00001615491835
"do_hat[14]",-0.297639754242113,0.00334174903437662,0.279451262761519,-0.906696243230598,-0.467689903030248,-0.272386949020111,-0.105352439368814,0.192222501114368,6993.0154920327,0.999873594003605
"do_hat[15]",-0.0453073716199793,0.00197800989900495,0.193767728664898,-0.437749662786513,-0.171918375301364,-0.0407989171655576,0.082496806387015,0.330583684649218,9596.34770994296,0.999826067363841
"do_hat[16]",-0.171318075073574,0.00274790091083206,0.232568477201146,-0.67051087816943,-0.314534906204232,-0.15307389575827,-0.014703883739065,0.248480289715418,7163.07605558435,0.999893647645646
"do_hat[17]",-0.243974429898463,0.00286946947854005,0.254884304643312,-0.80372728587354,-0.399203176963962,-0.222367631953815,-0.0692491379491255,0.208462183620017,7890.10834621471,1.00000535044667
"do_hat[18]",-0.0305087783428104,0.00188193763033978,0.193383927908702,-0.422408358405359,-0.157155013424047,-0.0282112640508333,0.0985846395191772,0.343597352428612,10559.1826362493,0.999627044336557
"do_hat[19]",-0.423137285328303,0.00421701588000945,0.345623388181217,-1.20374152391653,-0.631160035068543,-0.383718040715371,-0.174961889719203,0.152185613876252,6717.31591697126,0.999859980164782
"do_hat[20]",-0.281626303984876,0.00299259046511199,0.266116216035321,-0.856627131274236,-0.446642022457452,-0.259801086926369,-0.0988392479096158,0.194843204154755,7907.66209844089,0.999782330597081
"do_hat[21]",-0.0963490061616706,0.00233778036726586,0.206785640147171,-0.532058320611113,-0.225483178355992,-0.0881399509607849,0.0406210791330602,0.29649443228853,7824.08102267534,0.999808180444756
"do_hat[22]",0.141212551310616,0.00225485959419822,0.214917535988033,-0.258493055331738,-0.0050862348172371,0.134737357325755,0.275282978621832,0.593813687253179,9084.57671773481,0.999730341002795
"do_hat[23]",0.0732230583917022,0.00226352236279287,0.201812065061523,-0.315311234617293,-0.0596133601503228,0.0680740048153796,0.204851730201571,0.484325141877872,7949.2228769114,0.999771704742768
"do_hat[24]",-0.0282997883311604,0.00237984260759512,0.201807742547138,-0.43527694866537,-0.159969955757451,-0.024927259500218,0.103667223170363,0.37208858464548,7190.83257859921,0.9999256868966
"do_hat[25]",0.191217965960614,0.00245767797797115,0.230668634232582,-0.226441778858461,0.0323539210540953,0.181973983643408,0.338398423645642,0.671019795860313,8809.01059693004,0.999789063249715
"do_hat[26]",-0.0504286353584701,0.0020513352967532,0.197763682772538,-0.456439928484306,-0.178992420308402,-0.0438389726410892,0.078134704873128,0.326681217552989,9294.36612264682,0.999837021282332
"do_hat[27]",0.0435922357395683,0.00211233601094201,0.196522203979696,-0.342360275758542,-0.0870126216531812,0.0441185086297124,0.172583959701536,0.435600128697408,8655.60135632192,0.99972487280945
"do_hat[28]",0.253630066746552,0.00287000395235853,0.256192039252118,-0.198041712985389,0.0771827027178978,0.235334606966389,0.410558659336526,0.812417340811585,7968.31091826366,0.999675573551831
"do_hat[29]",0.2161281754282,0.00281510606495707,0.2461605174277,-0.219728022690602,0.0476391433986228,0.200342312804691,0.366897030819721,0.758999846928357,7646.22841246606,0.999671444664658
"do_hat[30]",-0.00887538022793317,0.00187181830258398,0.189889881110217,-0.389310196961289,-0.133273948953194,-0.00847490365614868,0.116767308505339,0.361513276274431,10291.4428387016,0.999759042625031
"do_hat[31]",0.0696961873966955,0.00208448575669926,0.200638215186679,-0.317428590555176,-0.0606387806253208,0.0643783107169883,0.198131015170479,0.468237098288782,9264.65918559263,0.999760503868808
"do_hat[32]",0.18312174218244,0.00248725257153223,0.228830863447686,-0.226652126764558,0.0262006110799879,0.172685596813303,0.328138790946648,0.667368749512656,8464.2683075989,0.999561416982866
"do_hat[33]",0.239249476668036,0.0029193330169273,0.255498976185083,-0.209543236882985,0.0657052735039162,0.222051795872897,0.394650225766807,0.793894625485056,7659.68747587693,0.999735463848092
"do_hat[34]",0.271989797784471,0.00319893536371771,0.270151252290837,-0.195908608939703,0.0833607300471482,0.251666242703703,0.433170823871453,0.851322659800745,7131.86379031088,0.999646229403515
"do_hat[35]",0.0490645502047387,0.00201852850843478,0.195971183774402,-0.334719285200282,-0.0798201185069468,0.0476863689791905,0.174996334718231,0.43900767618563,9425.72265977774,0.999813595517576
"thermal_hat[1]",-0.441874178721563,0.00281668734681412,0.268974826821024,-0.98866770416597,-0.615565328053209,-0.433292591732457,-0.259518831334879,0.0643499158970723,9118.97421017086,0.999752280733675
"thermal_hat[2]",-0.457333334028916,0.00351308491616727,0.282241315271663,-1.0187756205611,-0.642091059167621,-0.450821541034934,-0.266230064777731,0.0863951274215335,6454.5189437278,0.999763591193891
"thermal_hat[3]",-0.568386526135755,0.00332796484609082,0.27605533886941,-1.13386573180517,-0.746751588509839,-0.560347358130174,-0.375046372612171,-0.0571595503005716,6880.73514630201,1.00069802325767
"thermal_hat[4]",-0.0701798609123053,0.00307456631935778,0.262381494082395,-0.579111307853198,-0.245792592458292,-0.075445410666941,0.103482971941827,0.454088925322603,7282.80481699615,0.99986343430725
"thermal_hat[5]",-0.450720347304795,0.00279987814963124,0.268513008587742,-1.00354089055397,-0.620329882290388,-0.441258347626718,-0.270602777604248,0.0513854866571605,9197.1315584144,0.999974201552849
"thermal_hat[6]",-0.313981767896967,0.00293616915281209,0.275369551889865,-0.881796485135169,-0.488486020391969,-0.306272338888669,-0.130265563460536,0.20530346183561,8795.6855013039,0.999953670430847
"thermal_hat[7]",-0.43340684154855,0.00335464452273255,0.279571886885658,-1.01849658866068,-0.613198900558868,-0.423981909343737,-0.242028583493465,0.0789332708000383,6945.34753311985,1.00042394002865
"thermal_hat[8]",-0.657462802768427,0.0045001912241262,0.30657700317397,-1.29917554042857,-0.851906398691473,-0.644732699487027,-0.444475078110891,-0.0936263029632776,4641.06031412817,1.00003694598911
"thermal_hat[9]",1.01591190629705,0.00582030701276687,0.344282047380473,0.381138659790046,0.772457672132216,1.00747617853901,1.24845513538822,1.71429917761947,3498.94379769497,1.00003391742385
"thermal_hat[10]",0.891240066635646,0.00425421783372352,0.322267680459947,0.28573888721818,0.668886685449732,0.880052541575175,1.10720987602306,1.5537903830117,5738.44282360222,1.00006898520779
"thermal_hat[11]",0.265424460525615,0.00272613768442755,0.259186308610724,-0.242235571105746,0.0964885341326788,0.260772405034391,0.434332993874589,0.794831002715853,9039.16971074553,0.999759634401824
"thermal_hat[12]",0.699979837153054,0.00317279061151239,0.294550466626171,0.162756008234271,0.499553845112048,0.683282466826577,0.888523707770797,1.31374608894108,8618.59765065328,0.999799310965658
"thermal_hat[13]",0.887401532596278,0.00312844423068481,0.303154205178896,0.341983005592859,0.679484213671174,0.876074544549528,1.07845186838395,1.52722669782129,9390.10306238022,0.99960968935296
"thermal_hat[14]",1.0919294653276,0.00372906407354342,0.334332405160624,0.481119341620418,0.86025232958229,1.07682874048735,1.31256567992582,1.77745345528504,8038.17124412407,0.999645413156345
"thermal_hat[15]",0.172804263913894,0.00298032765033639,0.263240977894676,-0.332502557633242,0.00171697052789596,0.168065541005046,0.339069752233128,0.726679865661045,7801.51534136129,0.999590696524807
"thermal_hat[16]",0.614251301527951,0.00455670870927337,0.307034220779814,0.0442823736472455,0.403539910197509,0.603961647031049,0.814612258072429,1.25511260941869,4540.15868082009,1.00010056629052
"thermal_hat[17]",0.897046511777584,0.00368586289119589,0.311058320128849,0.317517873161059,0.678473761574752,0.884213624096296,1.10163124570508,1.53635748072798,7122.05449538422,0.999911028748377
"thermal_hat[18]",0.123920955479247,0.00284430951900291,0.267080695542388,-0.412863518280444,-0.0475469744555738,0.124228713555889,0.30070747629564,0.652572367599762,8817.21209357159,0.999729933512494
"thermal_hat[19]",1.54868227537275,0.00660995595758757,0.406298365058831,0.789214738459485,1.26748651755977,1.54105504753575,1.81919771677382,2.37852093963909,3778.27024347268,1.00010298678791
"thermal_hat[20]",1.04587972977585,0.00320040684795558,0.311103962261129,0.465937669639524,0.830844039170081,1.03309606652647,1.24695893737846,1.69612585312468,9449.32318051172,1.00001840499599
"thermal_hat[21]",0.356721094651358,0.00426475039085542,0.289355980960347,-0.194652429513727,0.160192693799543,0.350346865255861,0.544902637325736,0.934794801650835,4603.38917250544,1.00036077212073
"thermal_hat[22]",-0.486164731523769,0.00313647129240381,0.27911289177707,-1.04742255461455,-0.666146333639748,-0.4822978845785,-0.29615551122292,0.0548971996672661,7919.12428392698,0.99968868833203
"thermal_hat[23]",-0.245658847200036,0.00497834794082034,0.296387713537568,-0.837487920285508,-0.436036643898271,-0.243832540184615,-0.0471369817379962,0.324925743778864,3544.45853246251,1.00021228390023
"thermal_hat[24]",0.129827519950012,0.00661577155967914,0.326160428421989,-0.493053005062433,-0.0930002650120196,0.125739042798161,0.346838393199543,0.768156602280125,2430.53308000954,1.00026322607291
"thermal_hat[25]",-0.669906770096416,0.00293322573491425,0.282478615150673,-1.24140182258564,-0.854302062920407,-0.658006838838096,-0.476373216987819,-0.140189437113296,9274.27944466432,1.0000860723999
"thermal_hat[26]",0.187813036599027,0.00295514545064869,0.269910109636887,-0.333914925948702,0.0112417983385766,0.179993983775557,0.359875089075817,0.729383187793936,8342.19966635959,0.999689779771775
"thermal_hat[27]",-0.134745517199849,0.00452755307103586,0.284215394906417,-0.706760694394738,-0.319268127138417,-0.132989896877204,0.0573308014128729,0.406118765833097,3940.65212146542,0.999802351330533
"thermal_hat[28]",-0.901680485794121,0.00472845814852823,0.32365326712045,-1.57214870245517,-1.11133262226419,-0.888053712757613,-0.677514105201868,-0.30193489589066,4685.12186478716,0.999832599517688
"thermal_hat[29]",-0.764629472025313,0.0055909517170847,0.338121644524052,-1.46554985229741,-0.985567711785005,-0.750044572044041,-0.525835189784546,-0.149311186331976,3657.41685244995,1.00018920312209
"thermal_hat[30]",0.055945495039331,0.00268309097999911,0.256123350652547,-0.446485113844705,-0.10985205068932,0.0543053283998678,0.220832082918129,0.573438843374055,9112.29038010197,0.999734762486749
"thermal_hat[31]",-0.226672883975871,0.00422475710574817,0.280399841292009,-0.779810851960802,-0.410325756792702,-0.224149094692838,-0.0415208642605085,0.324439633499077,4405.06211601842,0.999982184655307
"thermal_hat[32]",-0.640138105475016,0.00362117960764542,0.300215813574706,-1.26702298380352,-0.8333722506495,-0.626274805595092,-0.428336634015732,-0.107947843192476,6873.32685776921,0.99969855829463
"thermal_hat[33]",-0.847527348721644,0.005131269165123,0.339375883475137,-1.55491389851332,-1.07238560117722,-0.831764917950931,-0.606122566456686,-0.238672103208001,4374.33824675712,1.0006781484345
"thermal_hat[34]",-0.96434571005997,0.00591399496878611,0.350885928115808,-1.68990793574391,-1.19644311524345,-0.950914935578961,-0.717907035329886,-0.318140840449801,3520.22158763165,0.999967024633338
"thermal_hat[35]",-0.143618151769711,0.00317005969151076,0.269645270092925,-0.665031077969723,-0.323051207665988,-0.145992728157341,0.0368250218114771,0.395075040148736,7235.20321002039,1.00004922380817
"canopy_hat[1]",0.529225192384422,0.00464400571579103,0.310863909029053,-0.0672695391223713,0.31636465470379,0.52634723468384,0.740878690078051,1.14519574016672,4480.79542769071,0.999696636100576
"canopy_hat[2]",0.552842195151131,0.0060848907001759,0.338654951000517,-0.0781031720196661,0.319046952003512,0.54094065529224,0.779860237866961,1.23793538175179,3097.48559364123,0.999997451816693
"canopy_hat[3]",0.668114994773849,0.00291332205599135,0.291951022203202,0.10892135973307,0.470661683984481,0.659644948114976,0.861531009296849,1.26308184396122,10042.5269712081,1.00000555555744
"canopy_hat[4]",0.0834112218584371,0.00380940447072571,0.291127516579597,-0.487275212101969,-0.11122994326171,0.0825203267039761,0.279303922144878,0.660153937658032,5840.53105017387,1.00012882022522
"canopy_hat[5]",0.531473338582064,0.00336511984159872,0.293188522219844,-0.0480814545446339,0.335991461378439,0.528381873338002,0.728691436222601,1.11406483928036,7590.89280126549,0.999805130483789
"canopy_hat[6]",0.36575292501087,0.00418095567185849,0.303840394525175,-0.20448540599424,0.154696612562658,0.366534163714633,0.56851299266261,0.978737282079552,5281.28855260939,0.99986170338154
"canopy_hat[7]",0.500455732717747,0.00322110518184962,0.295642051128281,-0.0631236008989336,0.30346468872449,0.492142735908665,0.690132056552019,1.11339222468009,8424.08228714406,0.999929065220263
"canopy_hat[8]",0.762588163017395,0.00346724670706235,0.303656813883484,0.196566793308276,0.557472901196632,0.752417383281139,0.958651301411992,1.38105863020054,7670.02135345096,1.00013904449804
"canopy_hat[9]",-1.20999141745347,0.00381801454677817,0.310239217008967,-1.84260893995781,-1.41711867236779,-1.19609814430032,-0.998610781047367,-0.626808183076877,6602.64935332541,0.999935592418773
"canopy_hat[10]",-1.09272773290767,0.00832893842462705,0.382045895214283,-1.84757513532098,-1.35809391291494,-1.07756829715546,-0.824113620730739,-0.389725688175663,2104.02924986061,1.00024361448046
"canopy_hat[11]",-0.33721851686593,0.0032932450952704,0.289639561095098,-0.911321454047918,-0.527748158418048,-0.334441217022886,-0.143597631157862,0.227567588242933,7735.13065872709,0.999847211701714
"canopy_hat[12]",-0.853454081522336,0.00508182389992468,0.321437965187498,-1.49231549861901,-1.06823860771859,-0.845699288898254,-0.634751666795254,-0.247920955099083,4000.87624093696,1.00033033026208
"canopy_hat[13]",-1.07898344199511,0.00508221308778831,0.331303522313253,-1.73609370410428,-1.30719785259743,-1.07527489511446,-0.848135084086247,-0.444659824527853,4249.58348775133,0.999981286462258
"canopy_hat[14]",-1.32915052408103,0.00763559568052316,0.380612210085936,-2.0885109758112,-1.58942660383902,-1.32314969490735,-1.05838384345754,-0.618869820527721,2484.73218555902,1.00027989734928
"canopy_hat[15]",-0.227593057650577,0.0036278147547239,0.292618255100075,-0.826148107211528,-0.412793266099868,-0.221250463821119,-0.0317023260911756,0.336492819856796,6505.97854756099,0.999595520333454
"canopy_hat[16]",-0.7596788550687,0.00742094493590805,0.358564380142735,-1.46441193657774,-1.01094928239236,-0.750294643014667,-0.508206509824959,-0.0759899444813539,2334.61822102533,1.00016848646465
"canopy_hat[17]",-1.07937871410464,0.00310392823970969,0.308793752108667,-1.71146626833,-1.28166064057455,-1.07257028300772,-0.874436378481525,-0.480025853719621,9897.23004429305,0.999883772989091
"canopy_hat[18]",-0.167569660437573,0.00302337162649932,0.29123236211466,-0.748678351243805,-0.357103332356256,-0.166123369280441,0.021247861337141,0.401325891021547,9278.89369762992,0.999937448744303
"canopy_hat[19]",-1.85191117018249,0.003960441165381,0.353594802188007,-2.56182473964244,-2.08175528808681,-1.85100494004174,-1.61517461440639,-1.16486534832449,7971.21664334818,1.00007592421517
"canopy_hat[20]",-1.27604756681911,0.00581688577034489,0.354318116685775,-1.9663325019794,-1.51520083437486,-1.27072473518946,-1.04052008373599,-0.593577152763642,3710.27112916161,1.00053274893302
"canopy_hat[21]",-0.447504902680562,0.0061893465342976,0.330261082123284,-1.10089041110395,-0.670742868912557,-0.438722420441789,-0.220692231271829,0.174311018228501,2847.24737411461,1.00066872776271
"canopy_hat[22]",0.58093793172948,0.00515087967025648,0.320551386601343,-0.0278368877673371,0.358583066350892,0.572779063325942,0.798301978302284,1.2199655141571,3872.86635679618,1.00013398610317
"canopy_hat[23]",0.309365893166661,0.00775009378214817,0.362181952147574,-0.345398808354746,0.0586350417961886,0.288463431562584,0.537661381360768,1.06799203726993,2183.93493150509,1.00066450107313
"canopy_hat[24]",-0.138223745523496,0.00809707263933336,0.370918906036937,-0.814341542414685,-0.399759381859226,-0.155293568095348,0.101492402884584,0.638410937727268,2098.46567474716,1.00062519686324
"canopy_hat[25]",0.79401437035325,0.00348767869595499,0.309332118994885,0.203229820162588,0.585396815065066,0.792677487831538,1.00548671817781,1.41079369344988,7866.41938119729,0.999937753547479
"canopy_hat[26]",-0.236505635153339,0.00379293178396016,0.295333888952111,-0.82152285604309,-0.429859584155156,-0.233980666762954,-0.0349525619217228,0.335693969272931,6062.84554584394,0.999629121339389
"canopy_hat[27]",0.167570283834441,0.00625595233624957,0.328217305544891,-0.442066049690387,-0.0618496034736571,0.154541705761312,0.38761183686943,0.846004155176221,2752.55553112129,1.0001973462866
"canopy_hat[28]",1.0545334687553,0.00312953217255573,0.301611922356341,0.484575848313652,0.850180337706607,1.04495324539577,1.24893776584001,1.67261799232148,9288.34136403237,0.999749765482699
"canopy_hat[29]",0.88144612803933,0.00440271388238403,0.320189941399357,0.287221150934672,0.662223618391323,0.876183780776899,1.09182196826035,1.53861681829505,5289.01067115187,0.999977421306872
"canopy_hat[30]",-0.0721718798326392,0.00293323947347953,0.27920169673304,-0.618336396946678,-0.259844078615645,-0.0710468820880848,0.108902681824451,0.490141498746081,9060.26843091362,0.999907863416442
"canopy_hat[31]",0.271269354856992,0.00544461698646417,0.317887568994945,-0.34899075337679,0.0563598144590244,0.269167934297932,0.488261841735967,0.898390342265108,3408.88556800904,1.00033970637987
"canopy_hat[32]",0.745182913075172,0.00321664896664642,0.297734555634813,0.177927721543702,0.544776720718554,0.733588933552092,0.937434651551207,1.35609164669586,8567.44149618504,0.999887490357265
"canopy_hat[33]",0.983151955903618,0.00343094195849774,0.313596521131028,0.398325493841837,0.767553606906902,0.97402161673498,1.18671375995967,1.63503451053799,8354.4089484931,1.00012975001325
"canopy_hat[34]",1.12227808835359,0.00399565583759011,0.317884070676715,0.536372923368233,0.906172920129767,1.10934079527781,1.31839301094737,1.80222289139016,6329.38311807728,0.999930485040068
"canopy_hat[35]",0.178832667359546,0.00417330652414621,0.306545345751598,-0.413438359095807,-0.032018607059744,0.181956200801342,0.384870935817217,0.788204491961858,5395.46506384037,1.00033028835989
"q_hat[1]",0.26372397837737,0.00255073575276976,0.245111692699905,-0.18710498072627,0.0950396382792454,0.2514273086928,0.418802134170588,0.790454753642776,9234.15412866399,0.999959795718071
"q_hat[2]",0.271988888200095,0.00262057085428669,0.250969508355042,-0.192877820769907,0.101925840964142,0.26111871465414,0.428627331390628,0.788289565661364,9171.70561564283,0.999710514798987
"q_hat[3]",0.34559223558706,0.00342018889917389,0.266979525247648,-0.1353000865011,0.159835366178478,0.329398765291361,0.513309448807926,0.917293715681957,6093.34441831501,1.00037830437827
"q_hat[4]",0.0412415212437287,0.00235433688040762,0.219946872439644,-0.392760689404107,-0.0978001536732706,0.0402657974110421,0.183372745668504,0.478856750519988,8727.67106794153,0.999790041609095
"q_hat[5]",0.269109613157776,0.00263573022629874,0.242973717639677,-0.176677311186088,0.104228429261144,0.256047358869628,0.424801594049085,0.77709210149037,8497.9991495392,0.999843884537026
"q_hat[6]",0.183791779720551,0.0025008093932238,0.230354042686824,-0.248950881857393,0.0281214758174132,0.172078180823909,0.330643047440917,0.657933810485729,8484.58281673157,0.999726321839071
"q_hat[7]",0.262035957370244,0.00318776493698722,0.251534597387143,-0.201670705309695,0.0909285246769541,0.247822914233431,0.416948819412833,0.800000894835142,6226.19729541392,0.999838641683181
"q_hat[8]",0.402704590115348,0.00426493234367136,0.293942006194144,-0.125756486536632,0.20083372461551,0.386506338956693,0.584971809045968,1.02880606222239,4750.05912698243,1.00018701989184
"q_hat[9]",-0.603239555930322,0.00623259688803601,0.353172951367892,-1.3204024515974,-0.832575673242874,-0.587622479858482,-0.355953634046765,0.04264082570544,3210.97402448418,1.00003046085317
"q_hat[10]",-0.518719996682969,0.0036426469270086,0.319538783575126,-1.18399684280316,-0.720646749000024,-0.503151936639078,-0.300404336083695,0.0644615166039533,7695.0775124802,1.00006489259694
"q_hat[11]",-0.149879858761106,0.00234654473629399,0.226800685115649,-0.622615500210881,-0.290550273655013,-0.142983314365552,-0.000711208978729373,0.27796304223346,9341.81037658502,0.999770508151815
"q_hat[12]",-0.403409822721279,0.00313058143066616,0.27750825432029,-0.992402190206247,-0.576844222728344,-0.391505935905338,-0.213235756502331,0.0992190377521386,7857.81502621392,1.00007110270371
"q_hat[13]",-0.514943953821049,0.00366168973103095,0.303295361252963,-1.14601235536681,-0.708249153880973,-0.507311515221446,-0.307362125021268,0.0565845178599073,6860.70035867538,0.999790974937342
"q_hat[14]",-0.635826470072732,0.00408923228854362,0.347746683632482,-1.36236700935032,-0.851035150275856,-0.621169750580199,-0.405736519971591,0.0180313286303646,7231.7337972339,0.99983933249602
"q_hat[15]",-0.0880593169665299,0.00229628886460246,0.219968621028319,-0.535886822364109,-0.225462038449907,-0.0853368026989099,0.056791691607179,0.339660588447214,9176.31735621289,0.999865927153144
"q_hat[16]",-0.347933354003721,0.00306094123766001,0.268142409654976,-0.920306466792443,-0.513643346737653,-0.333844328774346,-0.163706988282047,0.130754597032093,7673.98650315774,1.00008151136039
"q_hat[17]",-0.524932803456366,0.00434536528048856,0.31669589759496,-1.20069323372157,-0.724388528317243,-0.508667494098693,-0.309354871561554,0.0591948850627954,5311.68479465339,0.999865567130438
"q_hat[18]",-0.0679442352852821,0.00228235034980992,0.226596849423689,-0.526587436033588,-0.213971509373645,-0.0633758477687073,0.0795208409679337,0.367924208467685,9856.96267740818,1.00001537475515
"q_hat[19]",-0.924746946011585,0.00807353285443998,0.47750048873431,-1.90325627292182,-1.23689966836299,-0.913774403454524,-0.595232816756458,-0.028220454300107,3498.00484760069,0.999959868339025
"q_hat[20]",-0.61268989325345,0.00449764128835655,0.340557191661354,-1.31477988812949,-0.831440245009652,-0.601612857064401,-0.381432861192523,0.0263502162729941,5733.37675738934,0.999758609240356
"q_hat[21]",-0.201099785263614,0.00284163281424919,0.245851775451156,-0.722681571493681,-0.356574430768079,-0.188033747264337,-0.034179941058521,0.236814573697334,7485.32703477723,0.999853086256385
"q_hat[22]",0.288903590938751,0.00261836797785053,0.249874831420228,-0.168678912968359,0.118974159306012,0.277164903662457,0.445376962687189,0.812321698834079,9107.17467234883,0.99981828220726
"q_hat[23]",0.141705739317855,0.00283815441316535,0.237451676086649,-0.304455195012201,-0.0143355320707852,0.13499276763103,0.293101073509544,0.635253506282898,6999.68407245564,0.999745461828538
"q_hat[24]",-0.0858668420635938,0.00413582955789246,0.255435878130017,-0.629520628986,-0.245245220138888,-0.0737133150626035,0.0861733791379988,0.38630052912881,3814.50799678987,0.999909446879294
"q_hat[25]",0.403209577132274,0.00335740981260033,0.278650727708896,-0.106023905293,0.210900596266193,0.39241225448129,0.579853119475064,0.980759443244246,6888.29364073236,0.999861600626752
"q_hat[26]",-0.0995721846922576,0.00221738344867891,0.224945802890397,-0.569420437104851,-0.242483089460601,-0.0922881116976543,0.045698876236701,0.330991461880901,10291.3935393193,0.999926240155325
"q_hat[27]",0.0769834550410795,0.00284470029005412,0.228768184415171,-0.358545643012926,-0.0746544443674071,0.0708968644844522,0.224735005458009,0.546154589166614,6467.22866626381,0.999736682302185
"q_hat[28]",0.547943746052984,0.00528379884533028,0.334592200976724,-0.0619991583639922,0.317566566238489,0.530796877801591,0.761594573540751,1.26122856334385,4009.95109701071,0.999732601928645
"q_hat[29]",0.470471311991872,0.00540125093165596,0.322915732714014,-0.107434758197416,0.24188541319799,0.448372232248658,0.673262171847512,1.168920717645,3574.28929943228,1.00012673514822
"q_hat[30]",-0.0262596936718872,0.00231281414534558,0.217266580766987,-0.462995101666191,-0.164583098328973,-0.0239878956265372,0.115820887297934,0.395902567826852,8824.79020850926,0.999947998297553
"q_hat[31]",0.137592476696374,0.00278740580542217,0.23438644832234,-0.307914208973729,-0.0158406145395179,0.127659139044881,0.287302257524855,0.608669353293365,7070.73557028306,0.99973692976764
"q_hat[32]",0.384051818416468,0.00370320488242822,0.274155142220428,-0.11986467555636,0.197119258273134,0.36748705302401,0.555509425658622,0.970089005463994,5480.71616764249,0.999933358759383
"q_hat[33]",0.511732652335404,0.00515619249748574,0.325678528370916,-0.070325130879961,0.286880965431432,0.493852956297925,0.713004949721001,1.227285109661,3989.51413992476,1.00039713082122
"q_hat[34]",0.585558929786582,0.00601939752592771,0.354640255045635,-0.0528162109512242,0.335855216770675,0.566918001704549,0.811162280285762,1.32838197607004,3471.12305683959,1.00015096188296
"q_hat[35]",0.0895566178443251,0.00250497964299915,0.228775255720682,-0.34759110263068,-0.0609877794358799,0.0837616223652712,0.236301440196109,0.543557441613746,8340.83821129062,0.999668231607044
"stream_quality_hat[1]",1.35701850483655,0.0334973045830119,1.263170017413,-0.977779239708924,0.502047783409445,1.29649873444352,2.14343341495525,4.03295802766202,1422.01406839707,1.00200563851144
"stream_quality_hat[2]",1.35701850483655,0.0334973045830119,1.263170017413,-0.977779239708924,0.502047783409445,1.29649873444352,2.14343341495525,4.03295802766202,1422.01406839707,1.00200563851144
"stream_quality_hat[3]",1.35701850483655,0.0334973045830119,1.263170017413,-0.977779239708924,0.502047783409445,1.29649873444352,2.14343341495525,4.03295802766202,1422.01406839707,1.00200563851144
"stream_quality_hat[4]",1.06601607416643,0.0327887355074065,1.25352774162694,-1.27173256782754,0.227436700231399,1.01892873127513,1.84806943668142,3.73469751911624,1461.56644030409,1.00230747297387
"stream_quality_hat[5]",1.35701850483655,0.0334973045830119,1.263170017413,-0.977779239708924,0.502047783409445,1.29649873444352,2.14343341495525,4.03295802766202,1422.01406839707,1.00200563851144
"stream_quality_hat[6]",1.06601607416643,0.0327887355074065,1.25352774162694,-1.27173256782754,0.227436700231399,1.01892873127513,1.84806943668142,3.73469751911624,1461.56644030409,1.00230747297387
"stream_quality_hat[7]",1.06601607416643,0.0327887355074065,1.25352774162694,-1.27173256782754,0.227436700231399,1.01892873127513,1.84806943668142,3.73469751911624,1461.56644030409,1.00230747297387
"stream_quality_hat[8]",1.06601607416643,0.0327887355074065,1.25352774162694,-1.27173256782754,0.227436700231399,1.01892873127513,1.84806943668142,3.73469751911624,1461.56644030409,1.00230747297387
"stream_quality_hat[9]",-0.995040409421554,0.0314955724345791,1.23297016707003,-3.41250387204739,-1.78942441862679,-1.01567350793565,-0.186492913685353,1.48608976745536,1532.51990805519,1.00258298074958
"stream_quality_hat[10]",-0.995040409421554,0.0314955724345791,1.23297016707003,-3.41250387204739,-1.78942441862679,-1.01567350793565,-0.186492913685353,1.48608976745536,1532.51990805519,1.00258298074958
"stream_quality_hat[11]",-0.70403797875143,0.0314648758157226,1.22513977416316,-3.06414930238882,-1.5132902243288,-0.731913317121185,0.079260543280474,1.78297548926068,1516.0699331723,1.00228853553519
"stream_quality_hat[12]",-0.70403797875143,0.0314648758157226,1.22513977416316,-3.06414930238882,-1.5132902243288,-0.731913317121185,0.079260543280474,1.78297548926068,1516.0699331723,1.00228853553519
"stream_quality_hat[13]",-0.995040409421554,0.0314955724345791,1.23297016707003,-3.41250387204739,-1.78942441862679,-1.01567350793565,-0.186492913685353,1.48608976745536,1532.51990805519,1.00258298074958
"stream_quality_hat[14]",-0.995040409421554,0.0314955724345791,1.23297016707003,-3.41250387204739,-1.78942441862679,-1.01567350793565,-0.186492913685353,1.48608976745536,1532.51990805519,1.00258298074958
"stream_quality_hat[15]",-0.995040409421554,0.0314955724345791,1.23297016707003,-3.41250387204739,-1.78942441862679,-1.01567350793565,-0.186492913685353,1.48608976745536,1532.51990805519,1.00258298074958
"stream_quality_hat[16]",-0.995040409421554,0.0314955724345791,1.23297016707003,-3.41250387204739,-1.78942441862679,-1.01567350793565,-0.186492913685353,1.48608976745536,1532.51990805519,1.00258298074958
"stream_quality_hat[17]",-0.995040409421554,0.0314955724345791,1.23297016707003,-3.41250387204739,-1.78942441862679,-1.01567350793565,-0.186492913685353,1.48608976745536,1532.51990805519,1.00258298074958
"stream_quality_hat[18]",-0.70403797875143,0.0314648758157226,1.22513977416316,-3.06414930238882,-1.5132902243288,-0.731913317121185,0.079260543280474,1.78297548926068,1516.0699331723,1.00228853553519
"stream_quality_hat[19]",-0.995040409421554,0.0314955724345791,1.23297016707003,-3.41250387204739,-1.78942441862679,-1.01567350793565,-0.186492913685353,1.48608976745536,1532.51990805519,1.00258298074958
"stream_quality_hat[20]",-0.995040409421554,0.0314955724345791,1.23297016707003,-3.41250387204739,-1.78942441862679,-1.01567350793565,-0.186492913685353,1.48608976745536,1532.51990805519,1.00258298074958
"stream_quality_hat[21]",-0.70403797875143,0.0314648758157226,1.22513977416316,-3.06414930238882,-1.5132902243288,-0.731913317121185,0.079260543280474,1.78297548926068,1516.0699331723,1.00228853553519
"stream_quality_hat[22]",1.35701850483655,0.0334973045830119,1.263170017413,-0.977779239708924,0.502047783409445,1.29649873444352,2.14343341495525,4.03295802766202,1422.01406839707,1.00200563851144
"stream_quality_hat[23]",1.35701850483655,0.0334973045830119,1.263170017413,-0.977779239708924,0.502047783409445,1.29649873444352,2.14343341495525,4.03295802766202,1422.01406839707,1.00200563851144
"stream_quality_hat[24]",1.35701850483655,0.0334973045830119,1.263170017413,-0.977779239708924,0.502047783409445,1.29649873444352,2.14343341495525,4.03295802766202,1422.01406839707,1.00200563851144
"stream_quality_hat[25]",1.35701850483655,0.0334973045830119,1.263170017413,-0.977779239708924,0.502047783409445,1.29649873444352,2.14343341495525,4.03295802766202,1422.01406839707,1.00200563851144
"stream_quality_hat[26]",1.06601607416643,0.0327887355074065,1.25352774162694,-1.27173256782754,0.227436700231399,1.01892873127513,1.84806943668142,3.73469751911624,1461.56644030409,1.00230747297387
"stream_quality_hat[27]",1.35701850483655,0.0334973045830119,1.263170017413,-0.977779239708924,0.502047783409445,1.29649873444352,2.14343341495525,4.03295802766202,1422.01406839707,1.00200563851144
"stream_quality_hat[28]",1.35701850483655,0.0334973045830119,1.263170017413,-0.977779239708924,0.502047783409445,1.29649873444352,2.14343341495525,4.03295802766202,1422.01406839707,1.00200563851144
"stream_quality_hat[29]",1.06601607416643,0.0327887355074065,1.25352774162694,-1.27173256782754,0.227436700231399,1.01892873127513,1.84806943668142,3.73469751911624,1461.56644030409,1.00230747297387
"stream_quality_hat[30]",1.35701850483655,0.0334973045830119,1.263170017413,-0.977779239708924,0.502047783409445,1.29649873444352,2.14343341495525,4.03295802766202,1422.01406839707,1.00200563851144
"stream_quality_hat[31]",1.06601607416643,0.0327887355074065,1.25352774162694,-1.27173256782754,0.227436700231399,1.01892873127513,1.84806943668142,3.73469751911624,1461.56644030409,1.00230747297387
"stream_quality_hat[32]",1.06601607416643,0.0327887355074065,1.25352774162694,-1.27173256782754,0.227436700231399,1.01892873127513,1.84806943668142,3.73469751911624,1461.56644030409,1.00230747297387
"stream_quality_hat[33]",1.06601607416643,0.0327887355074065,1.25352774162694,-1.27173256782754,0.227436700231399,1.01892873127513,1.84806943668142,3.73469751911624,1461.56644030409,1.00230747297387
"stream_quality_hat[34]",1.06601607416643,0.0327887355074065,1.25352774162694,-1.27173256782754,0.227436700231399,1.01892873127513,1.84806943668142,3.73469751911624,1461.56644030409,1.00230747297387
"stream_quality_hat[35]",1.35701850483655,0.0334973045830119,1.263170017413,-0.977779239708924,0.502047783409445,1.29649873444352,2.14343341495525,4.03295802766202,1422.01406839707,1.00200563851144
"stream_quality[1]",1.4086876538497,0.0343093410750344,1.33506155616752,-1.0443637736029,0.513422248444989,1.34522736952188,2.22866063679369,4.25794561533472,1514.18111738002,1.00212769857334
"stream_quality[2]",1.44706152075852,0.0351595829022057,1.35874299051579,-1.03716409344864,0.520812699358292,1.36190060373465,2.27361910014587,4.37214931666096,1493.43802379312,1.00190582889175
"stream_quality[3]",1.64897816146492,0.0323638468726668,1.30365775700043,-0.772359788140617,0.769145576335005,1.59467888073717,2.47042251751001,4.37644486578891,1622.58296034066,1.0016620377692
"stream_quality[4]",0.635733893080031,0.0334253923539919,1.31530219863371,-1.82883702453157,-0.237614665299679,0.585143998306821,1.47379138739184,3.43730679839404,1548.45313099537,1.00212047005724
"stream_quality[5]",1.41234858699367,0.0330019870394059,1.30212685882103,-1.00619488554939,0.532324531269867,1.35989640471186,2.24349535412802,4.18271726589628,1556.77703160159,1.00208481266236
"stream_quality[6]",1.12568477869728,0.0345201362131356,1.32229681841995,-1.3239092745065,0.227556193777577,1.0579307830226,1.96700128390372,3.938789987334,1467.27968458248,1.00227993721124
"stream_quality[7]",1.35550147627394,0.0323791747111036,1.30840583983219,-1.05887145994041,0.49013266514454,1.31035234094646,2.18095984893486,4.06190410707031,1632.87672032425,1.00153246630473
"stream_quality[8]",1.8162592851883,0.0327692979959297,1.31568535745759,-0.602454237980814,0.929864208016903,1.77078636643186,2.64224653992849,4.58773730183086,1612.01770425106,1.00241695787306
"stream_quality[9]",-1.62101441379383,0.0331987201200171,1.31550987624022,-4.16536692617305,-2.48618272938286,-1.65622378890836,-0.794095831158264,1.06868436098289,1570.1659084605,1.00243021829831
"stream_quality[10]",-1.41392447659009,0.0325693922512172,1.32745708126942,-4.03444221045401,-2.26889597698616,-1.40372415907288,-0.557762365523544,1.23814296267292,1661.19902613682,1.00125441967789
"stream_quality[11]",-0.108321088029335,0.0316167780285666,1.27803124387539,-2.50340536672382,-0.957051415686584,-0.141330816693533,0.692525609111681,2.51082288991313,1633.98370728999,1.00204647579446
"stream_quality[12]",-1.00118591281241,0.0315724732264736,1.28910004735902,-3.49431819594382,-1.85012762839758,-1.00959127214913,-0.162423615395012,1.64466215447605,1667.07846512061,1.0014570033797
"stream_quality[13]",-1.3917951156328,0.0315510173260668,1.29570103805355,-3.95234465811431,-2.22798065751575,-1.40716119757599,-0.55500913822284,1.17045637483918,1686.48653903696,1.00200638235335
"stream_quality[14]",-1.82360652128988,0.0328188026821317,1.32609695314455,-4.50677032572817,-2.69183712877058,-1.82877854244727,-0.937033036134222,0.816101968192267,1632.69509818837,1.00152736494739
"stream_quality[15]",0.0798617135435738,0.0317669766788043,1.28566135683068,-2.36408440826113,-0.777955145018203,0.0494039964345567,0.89064783978821,2.72315163703153,1637.95291248901,1.00200065006907
"stream_quality[16]",-0.839777335193229,0.0316505573472537,1.29848784365768,-3.36790388289538,-1.68696064970744,-0.86005027671513,0.00522788077674435,1.7385082003102,1683.11213861232,1.00126871158162
"stream_quality[17]",-1.39209164980163,0.03192981926078,1.29593270800327,-3.90638900563774,-2.2470730016374,-1.43147377445279,-0.545603508504267,1.26546739434709,1647.29728203299,1.00213355149343
"stream_quality[18]",0.183341470989289,0.0323089659230385,1.28824132898928,-2.2995452207866,-0.67113829558143,0.14964568638548,0.994297697409966,2.8778853137505,1589.82140300206,1.00280986922877
"stream_quality[19]",-2.72930828797831,0.033050938991268,1.3259794431372,-5.31907410900828,-3.59722853243756,-2.75003762806479,-1.88443806833172,-0.0262450274377961,1609.5555776881,1.00269794881917
"stream_quality[20]",-1.73343454640474,0.0326071114409143,1.32226771492583,-4.35808424369475,-2.60701224904951,-1.72341399618739,-0.894411596316912,0.922022452418379,1644.42523503655,1.00200741684928
"stream_quality[21]",-0.293137955436849,0.0310081938656113,1.27096830929123,-2.80126585357983,-1.11373588724814,-0.293596056988053,0.543994107825154,2.24495939527217,1680.02793256412,1.00125637651813
"stream_quality[22]",1.49720440307698,0.0349209221027787,1.34211421060191,-1.00443381965224,0.59469109331942,1.42549810637262,2.33978332496283,4.31591735933195,1477.09199232053,1.00240233227611
"stream_quality[23]",1.02692275025639,0.0372156414525091,1.39269316855132,-1.49749232557187,0.0755904127051329,0.938306176206263,1.89326809397438,4.06451218724157,1400.42505691854,1.00280800424096
"stream_quality[24]",0.252895534937018,0.0373117004455766,1.39257706991553,-2.25360063604787,-0.69798144419517,0.158591691200073,1.12147917742305,3.22328395793781,1392.99127285296,1.00280799985086
"stream_quality[25]",1.86646090452921,0.0337560320647338,1.33223652602679,-0.563756194395721,0.964560014272282,1.81244847852759,2.70350388042559,4.68016185905086,1557.61417798422,1.00183844787501
"stream_quality[26]",0.0843290377263488,0.0314380943315037,1.2881361554526,-2.38598961691744,-0.781457951105719,0.0425651698234959,0.897043547488876,2.71324378193545,1678.84698437487,1.00220517163358
"stream_quality[27]",0.780606115445925,0.0356855837963653,1.3588876486532,-1.69034970469554,-0.135626503448622,0.70794911704305,1.63770732390295,3.7272598011072,1450.04503465783,1.00242960556827
"stream_quality[28]",2.32023687975998,0.0326038198923878,1.31111658508666,-0.105840965521206,1.44036200541598,2.26345548935567,3.11956095995964,5.0955390855671,1617.13267144738,1.00225902271347
"stream_quality[29]",2.02113128650057,0.032772309561405,1.32399561459863,-0.411201066675498,1.1250305952187,1.98099442424155,2.86088878134706,4.74629467050135,1632.1459672103,1.0018334535676
"stream_quality[30]",0.370066952377743,0.0320937036971762,1.2779003226283,-2.0652308751852,-0.474187298046616,0.339872183063809,1.17587308589836,3.01137988304745,1585.45632230165,1.00186110900331
"stream_quality[31]",0.960660699303287,0.0354166130125593,1.3372886412959,-1.53684430310061,0.0752649810034935,0.896015158983802,1.79483553952741,3.7977469068536,1425.72662322237,1.002566176512
"stream_quality[32]",1.78174507972,0.0329621082709324,1.31441145142483,-0.698081765039253,0.895967226510661,1.72542844049337,2.59709253856925,4.51588461824987,1590.13027033052,1.00217009677427
"stream_quality[33]",2.19284779728807,0.0321206632715509,1.31762782638152,-0.325345277767467,1.32322402135246,2.16741543582842,3.00055582515933,4.96063565404702,1682.73801724947,1.00145804805931
"stream_quality[34]",2.43398419678573,0.0322625574345688,1.31910569093474,-0.00852526757954981,1.52473689148615,2.39404532409552,3.24774393428818,5.24821347720755,1671.71256446756,1.00161480264693
"stream_quality[35]",0.803367297370302,0.0334701984753344,1.32224984308149,-1.64012524153922,-0.0897016041359241,0.743263955213232,1.62830580463849,3.65864197373648,1560.66781040615,1.00220570790806
"trout_logit[1]",1.3555258216847,0.00996800942885727,0.924368742802507,-0.214538407006615,0.721304990125453,1.27602161902624,1.86978050181744,3.45300317612972,8599.50835639668,0.999699652729615
"trout_logit[2]",1.36625806607981,0.0101342745992425,0.892760184986753,-0.252996645467322,0.758900780119504,1.30862342571981,1.90568868746827,3.28987397619685,7760.40329553247,0.999604833492456
"trout_logit[3]",1.73034471074049,0.0120773602141925,0.982622416290792,0.127658439255265,1.05445917060585,1.60686685395801,2.28656794665233,4.01243583080913,6619.56263023639,1.00023727054236
"trout_logit[4]",0.25194143898442,0.00904105378733732,0.821644428053002,-1.35963496742009,-0.26701001786126,0.240633431041243,0.766048749830949,1.92170076597095,8259.04291851764,0.999933099167513
"trout_logit[5]",1.38148591366966,0.0103733056219391,0.918942917540453,-0.189930468611413,0.760329863133223,1.29910288834496,1.92244445755426,3.44913212297161,7847.70597086157,0.999717114845766
"trout_logit[6]",0.963912369748089,0.00953149189117116,0.882793312231278,-0.578241600046512,0.359148364294215,0.887068615667086,1.48026442709925,2.93142305313367,8578.20268253952,0.99991894385431
"trout_logit[7]",1.31717653498082,0.0116096701331088,0.945142201169689,-0.266821380667295,0.66949681622938,1.2164506008853,1.87768442953252,3.43158428085605,6627.57345327103,0.999881534128464
"trout_logit[8]",1.99142844033468,0.0151355229191045,1.09651895267711,0.233030989783955,1.21098685416087,1.85653303642024,2.62668306977557,4.5531967411306,5248.52687214001,0.999845576828688
"trout_logit[9]",-3.03401801666262,0.0217852652949672,1.42785017259859,-6.30999677766942,-3.86940023880272,-2.85881257222045,-2.01212788203162,-0.763618723786432,4295.75565719383,1.00043826182842
"trout_logit[10]",-2.65192668334813,0.0178579521760744,1.30198994846632,-5.64013995370814,-3.42132913919283,-2.49865266588295,-1.72236417559745,-0.563734474509077,5315.59582574536,1.00011565239553
"trout_logit[11]",-0.80844364900458,0.0106444262715895,0.911249183979348,-2.84747499786841,-1.33118484408535,-0.732993467458501,-0.197266069259886,0.794498735939256,7328.74799646874,1.00013444523174
"trout_logit[12]",-2.08530045277601,0.0143000936778646,1.15296881052805,-4.7522298999753,-2.73438442245067,-1.93748645466049,-1.27372228632117,-0.242432316561926,6500.65852371307,0.999929521431684
"trout_logit[13]",-2.6440352368955,0.0158892196537226,1.27519809820442,-5.57535658766075,-3.35247343504303,-2.47817851962497,-1.74625446928064,-0.649189687441225,6440.95366769353,0.999989775831276
"trout_logit[14]",-3.25085627559305,0.0180073768668299,1.43019085360696,-6.49909946579471,-4.1047992813138,-3.07521196996141,-2.22922588080771,-0.950508043090176,6307.9331922288,0.999851065476201
"trout_logit[15]",-0.528598549040651,0.0105682525960201,0.900895155801642,-2.56650774662009,-1.03718349672258,-0.455025448132538,0.0743423352703611,1.04024504162511,7266.78202763595,0.999610529182892
"trout_logit[16]",-1.81842667432608,0.0160694398112773,1.142355707188,-4.44841139857603,-2.47205055765757,-1.67717537417901,-1.01842807731216,0.0655691784613571,5053.60434070274,0.999934062141798
"trout_logit[17]",-2.66823231282574,0.0168850214446065,1.27829974954998,-5.65685882922455,-3.40400098936672,-2.49445928318388,-1.74780108887629,-0.611642758415959,5731.41920472052,1.00023947134832
"trout_logit[18]",-0.387898847153128,0.0099836793984663,0.881550343015866,-2.27949650034053,-0.907627857797835,-0.337449465514412,0.176529349605788,1.2438317782774,7796.7387986007,1.00007495004405
"trout_logit[19]",-4.63810447372436,0.0284453099605869,1.89413865895803,-9.07416873303589,-5.73084712761355,-4.41298489080627,-3.26127168919691,-1.62223874153393,4434.06642698799,1.00034135330688
"trout_logit[20]",-3.13989870079262,0.0179472238168114,1.41385716712599,-6.29513063975072,-3.97174026875504,-2.95311428789457,-2.13167423923795,-0.876166391629081,6206.06782630814,0.999891415513785
"trout_logit[21]",-1.00435146960621,0.0135637286995732,0.931886206408828,-2.96470374674028,-1.57260965239123,-0.941844832292693,-0.382046297227432,0.691142692212538,4720.27800916546,1.00003898746686
"trout_logit[22]",1.48193156946265,0.0105257347233517,0.952178533129497,-0.137851623190055,0.833586977629728,1.40214976918446,2.02128730424858,3.61072622784434,8183.36516910147,0.999630387111817
"trout_logit[23]",0.732666892318354,0.0141254661854162,0.910274054017303,-1.04965414427801,0.142989737956971,0.720547898959748,1.31198638348988,2.58340298675258,4152.77831754848,1.00062574642579
"trout_logit[24]",-0.381235456328278,0.0192388773764429,1.0203197638694,-2.53289259171164,-1.01162413763388,-0.314684531723018,0.30476656477868,1.48340113692144,2812.63349997207,1.00073022247038
"trout_logit[25]",2.0363383545573,0.011849619848133,1.04229950874627,0.332199641566397,1.30538591923061,1.90738332550729,2.64741644542523,4.39915521032996,7737.06473440651,0.999744596729691
"trout_logit[26]",-0.536448527232864,0.0106272594119898,0.879313803265571,-2.45559265763527,-1.05947569784821,-0.476913837490915,0.0366406753994811,1.06700792084769,6846.13119785078,1.00023470826161
"trout_logit[27]",0.391170525340234,0.0131012388346392,0.866716539846496,-1.41765842338268,-0.150021527074948,0.404431387853166,0.94919888102891,2.0526329740479,4376.52527707959,0.999936102498278
"trout_logit[28]",2.7250101863437,0.0178835262986666,1.25379705596557,0.742344789181554,1.81713420502216,2.5658282040651,3.45176188988232,5.61365574794111,4915.27902139868,0.999731949227201
"trout_logit[29]",2.30403659295529,0.0192684237791305,1.22347637325169,0.361610134446663,1.42028480892118,2.15013519020536,3.01868331441411,5.07800121654524,4031.79828064032,0.999775047797898
"trout_logit[30]",-0.114629988581869,0.00826789545313208,0.798708592831895,-1.75570071521282,-0.612535692643222,-0.109484702734543,0.394864959548849,1.51314082686318,9332.25851559799,0.999599325878917
"trout_logit[31]",0.708871543563207,0.0122043387608889,0.882042026436041,-0.971964147716815,0.133994327940185,0.67351312071596,1.23929474662602,2.57485456484209,5223.36107867756,0.99996577759738
"trout_logit[32]",1.92846579466521,0.0129351945026634,1.05431830656113,0.230539817571972,1.19626277207494,1.78634368346494,2.51340454199276,4.38098358011963,6643.50961547859,0.999672095988808
"trout_logit[33]",2.54364471975913,0.0183936753818896,1.23085580557267,0.601767854028184,1.67593606722206,2.36960689300078,3.24244257626416,5.36651975859125,4477.93021945382,1.00032793761362
"trout_logit[34]",2.90053576512643,0.0208480139704123,1.31399928934215,0.810656352504639,1.95126488998471,2.74186101591427,3.68558595026327,5.9055326205835,3972.47233968347,1.00002100846448
"trout_logit[35]",0.485149150234037,0.00978370390993482,0.860838613281447,-1.16495054725809,-0.0656803577347052,0.462784848498009,0.998808377845425,2.27837654024556,7741.70960337871,0.99991994141499
"conduct_rep[1]",-0.546677384690212,0.00694985076263407,0.649180335966349,-1.83241508150909,-0.973767988382026,-0.548523589366614,-0.128115230437998,0.736997857912222,8725.28767957069,0.999890727024028
"conduct_rep[2]",-0.589430483295749,0.0074054490663543,0.672089939516644,-1.90903821106707,-1.02400732514631,-0.584796063625777,-0.15091512350313,0.742987982818985,8236.67614590086,0.999674281479959
"conduct_rep[3]",-0.718994030815237,0.0077802931978575,0.661188892281169,-2.03415734778652,-1.15275061845368,-0.734225944803506,-0.293812633759729,0.624154053870007,7222.02804992908,1.00031833496799
"conduct_rep[4]",-0.119650059918924,0.00750308288857282,0.6543743188936,-1.44805811639164,-0.537700723177925,-0.118747653837955,0.307964666415423,1.17657268530838,7606.29220739218,1.00029214954876
"conduct_rep[5]",-0.577555841618847,0.00711242781371935,0.658647856295343,-1.86843238114594,-1.00575281089442,-0.581773346933136,-0.14033811892884,0.716553442996492,8575.72452843459,0.999575887195385
"conduct_rep[6]",-0.389707015773872,0.00728189873727123,0.663358092221744,-1.7003255211839,-0.82690448014589,-0.3802988312663,0.0451363955451938,0.923537277158467,8298.63746196575,0.999827436015882
"conduct_rep[7]",-0.555202996986841,0.00762280567006933,0.669927988992073,-1.85023150505268,-0.996264905983047,-0.568257828231874,-0.122588440891398,0.809991463140059,7723.72048301577,0.999819377486146
"conduct_rep[8]",-0.807371089221578,0.00820051267095687,0.673932423189523,-2.13394022418137,-1.24209501163778,-0.796785553038885,-0.367522188670691,0.564739654958998,6753.83885038304,1.00011197832924
"conduct_rep[9]",1.19507669373542,0.009934025257905,0.691742489907112,-0.223070793809365,0.744889520308681,1.21688449896744,1.67305522015882,2.48497630577253,4848.8459414201,0.999943801956457
"conduct_rep[10]",1.01055722490947,0.00743228713250913,0.665525330789911,-0.296579777394927,0.565311193983856,0.998161002551834,1.44632537538307,2.31035472963263,8018.33544673861,0.99987085287352
"conduct_rep[11]",0.292408621057357,0.0073472888003815,0.6599364940745,-0.990769157298777,-0.135409216310551,0.295715121394653,0.713166976414832,1.62426041586364,8067.70609256395,0.999760198892328
"conduct_rep[12]",0.801729818262824,0.00712987442045705,0.665972671239518,-0.478028001445492,0.368220034873191,0.787889803293939,1.23302138710805,2.14840532481473,8724.67090891359,0.999896219866159
"conduct_rep[13]",1.02015061010926,0.00698954519225786,0.659266597490894,-0.305712734368833,0.60628851416448,1.02138230766145,1.45694226487457,2.3015957510283,8896.60502597998,1.00014125967688
"conduct_rep[14]",1.27307490354596,0.00737932208139671,0.664869219320935,-0.0182323255714479,0.830263075766705,1.26699954146516,1.69722330158347,2.60387473821527,8117.82196506729,1.00020304925615
"conduct_rep[15]",0.182901716767059,0.00752933223329989,0.658149764185166,-1.09437005853101,-0.256040990524751,0.171939970175018,0.611079323367705,1.50893454622116,7640.75964398058,0.999874458187542
"conduct_rep[16]",0.684442102702072,0.00777595234903706,0.66543560637699,-0.597680359300858,0.230478862641803,0.667858115841253,1.12227152272651,2.00483098357899,7323.26736281684,1.00063445615222
"conduct_rep[17]",1.03402775329356,0.00756838888689946,0.662989849427138,-0.333935222250341,0.601106467876025,1.06585870540663,1.46561709162165,2.31454853893566,7673.73645605972,1.00003389108289
"conduct_rep[18]",0.131580686674414,0.0071497622780485,0.656586258097095,-1.1876733424377,-0.297691063288304,0.140178823580934,0.559260947485102,1.42378668230097,8433.35483189182,0.999888957146399
"conduct_rep[19]",1.83237275986608,0.0105835105236574,0.725521600739506,0.339407205194362,1.36865008935582,1.85961313214463,2.32711980819053,3.16753073531813,4699.38690335856,1.00003704345514
"conduct_rep[20]",1.23716967836613,0.00796201056776291,0.676808563355815,-0.109172033533987,0.794193069631283,1.24904991573822,1.68886804751719,2.55677504029974,7225.80422456595,0.99997844597743
"conduct_rep[21]",0.382075421329892,0.00800034706822513,0.662528000734704,-0.878064455596349,-0.0693911146322413,0.363871198090532,0.822721481521113,1.71991293411513,6857.89481895812,0.99969218018351
"conduct_rep[22]",-0.606457639522859,0.00720020117623668,0.665260461627742,-1.97478065082384,-1.0262014134889,-0.597547572911238,-0.183987512349816,0.710167670911295,8536.78146093138,1.0000572735147
"conduct_rep[23]",-0.322029778936392,0.00886978894658488,0.678431755930232,-1.69892746655484,-0.752100505530805,-0.306549530081354,0.120852296785371,0.997295458645395,5850.40274355313,0.999847632853303
"conduct_rep[24]",0.115270568480453,0.0103948080360421,0.689362503505463,-1.31146747762063,-0.317881886407433,0.144565909744304,0.584530312468938,1.39457414083794,4398.07232848943,0.999857381416007
"conduct_rep[25]",-0.8373632118728,0.00729680195936893,0.66316284299741,-2.12194364860639,-1.28185365888175,-0.843700798148513,-0.400213076993011,0.468507110539105,8259.90877280745,1.00005044224561
"conduct_rep[26]",0.187900069833834,0.00715266434296277,0.649568285386792,-1.08322043807136,-0.230824862754724,0.177054736309339,0.609231023435347,1.50331659047309,8247.34068744289,0.999930144031545
"conduct_rep[27]",-0.18503099710709,0.0086013407725854,0.668006871616273,-1.57633943502969,-0.606518006755542,-0.157391541198139,0.261898924503903,1.06417808950227,6031.55860155454,0.999854271404553
"conduct_rep[28]",-1.10509956041236,0.00820951881351596,0.675820157264192,-2.3885459130027,-1.56166104513828,-1.11890483876701,-0.668570600355638,0.252068109926987,6776.83446141593,0.999685533820173
"conduct_rep[29]",-0.944413693140669,0.00920556503384945,0.695418224081596,-2.30028802307885,-1.40362913397877,-0.957525395780752,-0.499253897013414,0.434146318424033,5706.7813623502,0.999790508787244
"conduct_rep[30]",0.0281404272408646,0.00720569847974517,0.651106740283384,-1.27364632505597,-0.393714579626081,0.0361764664164264,0.444669024925466,1.30646375500419,8164.92522736696,1.00006651645373
"conduct_rep[31]",-0.301293036985472,0.00800731760760039,0.664061783169265,-1.70140870404478,-0.72037520785474,-0.281385871915029,0.139676378294348,0.965136320354355,6877.69423908183,1.00013165386805
"conduct_rep[32]",-0.787000127149704,0.00764519827192604,0.664294912781915,-2.08676495780652,-1.21702577785662,-0.791938801326524,-0.354890384499944,0.547300218408044,7549.95472448948,1.00010047311629
"conduct_rep[33]",-1.05047687056065,0.00854004004987993,0.685503606204191,-2.38974705013581,-1.49977241374143,-1.06831982331512,-0.607873542051018,0.338653613098918,6443.171226804,1.00028135840911
"conduct_rep[34]",-1.18206054863219,0.00935497848595102,0.689743282624112,-2.4904846415707,-1.64533232366685,-1.20007625286566,-0.738993980637162,0.234757485746403,5436.12423112229,1.00020849550026
"conduct_rep[35]",-0.221194633666134,0.00748951261850402,0.659547541589108,-1.52885488256881,-0.653722785718947,-0.226245003715382,0.212233998702677,1.07437155533722,7755.05885485839,1.0008236752411
"depth_rep[1]",0.439136888244601,0.00964032111600966,0.865553153324876,-1.31107057538746,-0.132582399340132,0.431683712225204,1.00065542420399,2.1592539273693,8061.28888986282,0.9999077783543
"depth_rep[2]",0.458090597201929,0.0099622442023961,0.868255555432519,-1.27366954588623,-0.120148813895537,0.466196720858231,1.01671507949455,2.18398855611602,7595.92687094828,0.999927814674594
"depth_rep[3]",0.586340275204321,0.009494916410712,0.857068898048488,-1.11280545600732,0.0201718986198696,0.594569914278983,1.13770778091269,2.32249848831543,8147.9654595436,1.00004747038229
"depth_rep[4]",0.096400131081619,0.0093961785419542,0.854720130801803,-1.5753776913427,-0.478140888892368,0.10227235489245,0.654656198629808,1.79612697475361,8274.56829303682,0.999956685016093
"depth_rep[5]",0.446909086179003,0.00952303946163062,0.855941618353937,-1.25596328183632,-0.118834231333735,0.442002436829967,1.01864289975736,2.09975588573489,8078.61886102543,1.0001925621832
"depth_rep[6]",0.327683984905815,0.00962615562348871,0.845432678086557,-1.38274428428841,-0.228671605678027,0.333339027829496,0.889623538992756,2.00522445492439,7713.51456169765,1.00073227648598
"depth_rep[7]",0.425229545355509,0.00963107757055512,0.844501583748397,-1.25740555116207,-0.128034328825317,0.427001928941707,0.987707827383552,2.08015292031388,7688.66918472759,0.999985235610087
"depth_rep[8]",0.650125969877492,0.00957211875148683,0.854204293138382,-1.07345351526889,0.0908877554440976,0.66131548808764,1.2201653522896,2.30296432299301,7963.56160373443,0.999978234491456
"depth_rep[9]",-0.919462087215827,0.00970274424859039,0.880857280691956,-2.62418505143201,-1.49562780191679,-0.936112229193533,-0.331252451749411,0.843503348868392,8241.79728549861,0.999971314447608
"depth_rep[10]",-0.799227312518015,0.00963715961645306,0.854282059215189,-2.51143482074812,-1.35991753044958,-0.796260260546871,-0.234600337755926,0.861230288179695,7857.86326728431,1.00007256751393
"depth_rep[11]",-0.206108512746716,0.00927007322726171,0.854883291069636,-1.93204633367485,-0.759115340905985,-0.203218403167046,0.358502314808024,1.4700491014765,8504.47145795934,0.999864904850072
"depth_rep[12]",-0.608473718549776,0.00943986015770359,0.85018772340511,-2.27588391344858,-1.16952603473853,-0.61388459124966,-0.0547029332523383,1.09495808432941,8111.4507875955,1.00032175346305
"depth_rep[13]",-0.800829128627559,0.00957674113107564,0.864076186809163,-2.49971882031208,-1.36789936799948,-0.81336807943723,-0.230481808537821,0.893987717238957,8140.82795652803,0.99978195222431
"depth_rep[14]",-0.983945345199451,0.00955193771051234,0.866777540348563,-2.69998778050874,-1.54884822120197,-0.97360998728335,-0.409491352737922,0.685067179162449,8234.40712587162,1.00022865788217
"depth_rep[15]",-0.13066268203046,0.00989092945392208,0.858305610978199,-1.82205813895957,-0.696795703692588,-0.142445462922129,0.448253321627286,1.59313133416295,7530.25519963632,1.00016956201891
"depth_rep[16]",-0.532845347513699,0.00970084453358656,0.856393553149837,-2.21996727939627,-1.09741791630013,-0.524640983468744,0.04293114548696,1.18374681251648,7793.41296011772,1.00029218545536
"depth_rep[17]",-0.794169394545398,0.00959984192060431,0.871514891414282,-2.49956641768786,-1.38120269672942,-0.80666427527037,-0.22766264690619,0.974995292275365,8241.78841801211,0.999673005787286
"depth_rep[18]",-0.0679657496134136,0.00926543778347486,0.844926880305227,-1.73097173449289,-0.627546143165262,-0.0678081047062171,0.489821186661368,1.62078866055079,8315.84460868333,1.00040922576725
"depth_rep[19]",-1.40465912319929,0.0108781751064587,0.897294191632062,-3.16883301822266,-2.00116303500298,-1.42140919681916,-0.81672222823934,0.361790985583199,6803.89530343425,1.00035559212291
"depth_rep[20]",-0.932956184035243,0.00977819624742079,0.866902238184299,-2.67158423795313,-1.51405030480296,-0.942876201830542,-0.351253093994758,0.759048479018235,7860.00368990969,0.999880462850909
"depth_rep[21]",-0.294576867473103,0.00942370311516232,0.846800610996975,-1.98300206119907,-0.848386735843535,-0.287292512808823,0.272704756284592,1.33371856830802,8074.56498560192,0.999796778668333
"depth_rep[22]",0.488747009014142,0.00944907435158473,0.862426316942911,-1.22752698537701,-0.0923760519299397,0.484670044383045,1.0665819789187,2.20199747500862,8330.39257798645,0.999737094604013
"depth_rep[23]",0.265000840262262,0.00997377341684888,0.863358129767667,-1.43991338030071,-0.317179361367849,0.263545109765442,0.84253098871998,1.95898631626453,7493.12487464118,0.999646802734374
"depth_rep[24]",-0.0861051764475403,0.0105388182459803,0.866500103269616,-1.79755193574947,-0.653819753406264,-0.0900956831746952,0.478119921546014,1.63095431943191,6760.10448154024,0.999748098917237
"depth_rep[25]",0.651583450201476,0.00946159084735602,0.860445789112861,-1.05841670017157,0.0805035760121791,0.646706266737779,1.22452146442579,2.34276107199899,8270.25117632479,1.00017220190719
"depth_rep[26]",-0.139302917138842,0.00949007679154974,0.860159763368046,-1.83156578185187,-0.703479990876065,-0.133646618686811,0.434961425905718,1.52568175718304,8215.21233895203,0.99992378882396
"depth_rep[27]",0.162242866375487,0.00973228140312363,0.844159705642854,-1.469837080888,-0.40805773487609,0.15261616074002,0.719984835250861,1.8557474511545,7523.49991794909,0.999919910008741
"depth_rep[28]",0.868223574487034,0.00991621922655961,0.872921255256334,-0.853774861806339,0.291259114649949,0.878065512387488,1.4456982410798,2.56654786628273,7749.21834556407,0.999641920587671
"depth_rep[29]",0.742327166931969,0.0102533790410334,0.883098558290321,-1.01756633742782,0.162018808490939,0.752892471279276,1.33419592555084,2.43804226935188,7417.95725902755,0.999674535770455
"depth_rep[30]",-0.020041037704066,0.00929702274418412,0.849323171127156,-1.6457139947343,-0.583242045618863,-0.0220866697407546,0.529640749959233,1.6858531171666,8345.61139566146,0.9998100090692
"depth_rep[31]",0.240517092601687,0.0097360092937798,0.853503090103478,-1.42010071410478,-0.32979537235164,0.250133811246842,0.806295642293882,1.90708351149328,7685.07722673543,0.999781786780232
"depth_rep[32]",0.627595693800506,0.00951330639864093,0.853216986986647,-1.08352912689122,0.074012009023893,0.625941655568571,1.1669703459773,2.35476474205438,8043.70283710896,0.999694914091687
"depth_rep[33]",0.801602661946242,0.010422485853316,0.856311668925247,-0.921419660747393,0.245345318678149,0.801373577062638,1.36553465943466,2.48190194405064,6750.26924534438,1.00034797007194
"depth_rep[34]",0.916957571307455,0.0110620318621567,0.881634846565336,-0.870825899231172,0.341237078689949,0.930651551601139,1.49551758828918,2.65893580429699,6351.9589759166,0.999894643287245
"depth_rep[35]",0.174626746081227,0.0101094651866469,0.838324810947815,-1.46353876264398,-0.370452326852564,0.16618371578023,0.73166018424173,1.82493158155074,6876.51314069533,0.999765824260311
"do_rep[1]",0.124620716904913,0.0116668741995443,1.0588622827723,-1.96667442746826,-0.579589780507802,0.122572048919046,0.833267716630355,2.22062850747247,8237.0163402849,1.00006321390311
"do_rep[2]",0.14399370643703,0.0116494646722709,1.05135235666909,-1.89632847750733,-0.558485562361597,0.129268744051447,0.832389096852501,2.24970313327858,8144.87920371529,1.00037110523951
"do_rep[3]",0.158122225780434,0.012039574905684,1.06933004445434,-1.93993867270259,-0.552598462955991,0.173719412735315,0.853305539288844,2.30338279727027,7888.62355711284,1.00006132927841
"do_rep[4]",0.0147652734368428,0.0117128168368643,1.0564969253718,-2.01918433043709,-0.68811988701749,0.0061407298027002,0.705986303099148,2.14404072557821,8136.05304061474,0.999815835533712
"do_rep[5]",0.122964980742743,0.0117708611947599,1.04440614455616,-1.91724553874062,-0.564697189812609,0.134711534406228,0.830977782747745,2.13992883727885,7872.67565998022,1.00014295485793
"do_rep[6]",0.0944167939393018,0.0117240643761501,1.05799273153571,-1.98676088276803,-0.605551198998788,0.086452300767584,0.814160089115846,2.18174523141378,8143.46022038128,1.00021221037934
"do_rep[7]",0.103101836976227,0.0115853849270264,1.06475489223717,-2.04698556682176,-0.596288383417917,0.0973995587454641,0.805407812027593,2.25190592022851,8446.53046114246,1.00013881304943
"do_rep[8]",0.181545624548487,0.0122071617459567,1.07160213746467,-1.94675233930933,-0.534397344731007,0.174362364313548,0.889272461076301,2.30608623589232,7706.15507495782,0.999719888297754
"do_rep[9]",-0.24954193388789,0.0120326771112252,1.06529701710348,-2.37461323936721,-0.939523110206308,-0.234341497134451,0.445420527027061,1.84264021345935,7838.21002500034,0.999706859207686
"do_rep[10]",-0.236837978316966,0.0116893327911341,1.06162518331654,-2.28580171139297,-0.94820449644403,-0.233610792794608,0.460557097542508,1.87845176433093,8248.27207718971,0.999963170549061
"do_rep[11]",-0.0622393029268701,0.0120119999092182,1.04974205197309,-2.13041526519699,-0.752215881002606,-0.0698296738151006,0.6435276096358,2.00000853756223,7637.20678489695,1.00081418355772
"do_rep[12]",-0.195103657635675,0.0119866810758724,1.07287327345824,-2.26345980793347,-0.909916605660777,-0.193148237241756,0.507148921764015,1.91760427468259,8011.225426714,1.00012794828363
"do_rep[13]",-0.228475305564289,0.0116410847731514,1.05340443910632,-2.32024123083895,-0.918374603346146,-0.222471662056476,0.470084740571292,1.80146358868355,8188.48173376025,1.00011663793288
"do_rep[14]",-0.29192595599882,0.0121216046100201,1.05893733500717,-2.40305176511138,-0.993264566000048,-0.283864655372823,0.419331963270969,1.78941454257149,7631.68248641142,0.999659719480776
"do_rep[15]",-0.0401561196440884,0.0115921753454152,1.05357959521123,-2.15106066433475,-0.743748136411688,-0.0162854056843756,0.639416549173478,2.0059693293983,8260.4711461936,0.99959751338691
"do_rep[16]",-0.184333734638291,0.0120337410404942,1.05546508604411,-2.29446714934472,-0.878201098385655,-0.185354223122028,0.516453269123588,1.83410905310195,7692.8350532831,1.00027556101607
"do_rep[17]",-0.246594790986705,0.0119931106634605,1.07409243365307,-2.38550488288799,-0.947134661314768,-0.251456347857411,0.449889391031127,1.92388719036476,8020.83592396092,1.00000638452752
"do_rep[18]",-0.0262570611062385,0.0118099269625684,1.06414779270851,-2.10104350622275,-0.727172952906991,-0.0377419381979945,0.669998401923306,2.07097006954002,8119.12959533478,1.00043695854194
"do_rep[19]",-0.415197682772097,0.012623003040366,1.10528531347993,-2.6081206523793,-1.14998554637254,-0.419009203702159,0.32389814427473,1.70080853937747,7666.96401821403,0.999792339595722
"do_rep[20]",-0.286030011571309,0.0118762042937769,1.07775734511086,-2.40364394315866,-0.982522175820302,-0.276613589609954,0.415578357116233,1.8269741870646,8235.43726595856,1.00022244812414
"do_rep[21]",-0.0825337504386477,0.0122092599297265,1.05873549644273,-2.17068147082274,-0.78806162834419,-0.0913730105163841,0.634771722005176,1.9757388084399,7519.6264784759,1.00005074601606
"do_rep[22]",0.146334665367441,0.0119831443066592,1.05929735511209,-1.90814224669715,-0.56212794742767,0.141291853270061,0.850672285614142,2.24118954344662,7814.37407642551,1.00017990642199
"do_rep[23]",0.0577762510379059,0.0117438916134519,1.05765397446327,-2.02954750523684,-0.629898313741249,0.0681896540070987,0.752039394854093,2.09661150494021,8110.7897313096,0.999861337359655
"do_rep[24]",-0.00247068398734644,0.012020426840367,1.05322267940604,-2.09965539963657,-0.694041607536162,0.000254934026836194,0.688325126196467,2.09264766196908,7677.16059625059,0.999698624327069
"do_rep[25]",0.17080066715584,0.0118218792299459,1.06315478503838,-1.9361130134973,-0.528666816464415,0.180967800762543,0.884022553508111,2.23992782144337,8087.60551351648,1.00010178788229
"do_rep[26]",-0.0460057341405145,0.0116851331716434,1.05713554397584,-2.13798659648085,-0.73548700510716,-0.0430113169365739,0.668707249582811,1.99525080215907,8184.53514810325,0.999790798056471
"do_rep[27]",0.0377792680360566,0.011646781564837,1.0606221908836,-2.08892435439066,-0.66080974094043,0.0360926581083164,0.757177140766966,2.11290382175287,8292.95976072808,0.999652550004509
"do_rep[28]",0.278130961717955,0.0122676459882735,1.06013762308982,-1.8195290747792,-0.423256686932657,0.289517269683926,0.970030470635237,2.36235017742655,7467.96072037568,1.00033211831312
"do_rep[29]",0.246844951938223,0.0118923692696716,1.07143228752112,-1.82420047325219,-0.469903079677791,0.251361685647096,0.954800996204104,2.36086029009915,8116.94657151181,0.999814553657875
"do_rep[30]",-0.0145227695088035,0.0116941228059966,1.04747122400547,-2.09268747503111,-0.699363691441977,-0.0218919514872903,0.686604492798914,2.07314019823486,8023.22370205441,1.00023252605031
"do_rep[31]",0.0621163164451491,0.0120840206075893,1.07111919341956,-2.02551438067573,-0.650437181506891,0.0802513934108891,0.763066146462457,2.15560839334539,7856.92646654129,0.999925773400133
"do_rep[32]",0.195757757781087,0.0121105898433591,1.05776132064863,-1.89519096224853,-0.514179311383965,0.20268480110281,0.896554817384973,2.29738280372405,7628.59874899537,0.999759513529284
"do_rep[33]",0.224121861689883,0.0117535286579329,1.06954487893403,-1.88087034519484,-0.487914956363423,0.213931083319968,0.943629642767633,2.31398519209537,8280.59385744502,0.999757127783666
"do_rep[34]",0.262408098347977,0.012158306719504,1.06972349752674,-1.85279453489661,-0.443187642572813,0.249558056031109,0.976147316374656,2.40085272114294,7740.99667340838,1.00006974698916
"do_rep[35]",0.0534971658899644,0.0118899926222414,1.04701564497752,-2.04964340096373,-0.628052064559587,0.0498090068538558,0.753811397507913,2.08590462257534,7754.31023000643,1.00019459994612
"thermal_rep[1]",-0.443456735647039,0.00874021647632733,0.784018397286141,-2.02660038299442,-0.966279514068506,-0.442177349020539,0.0725010158906557,1.09662189082245,8046.5206240556,0.999817538178355
"thermal_rep[2]",-0.470402189313773,0.00865703339895103,0.783965689410296,-2.00425493812303,-1.00281499108854,-0.467225501903285,0.0531048389211065,1.09482519901578,8200.79443816007,1.00036833038086
"thermal_rep[3]",-0.580160871155096,0.00862187431209473,0.786213215284789,-2.15111902074903,-1.10579810055458,-0.573772186803522,-0.0587051275447285,0.952277767931846,8315.28816061655,0.999854489522772
"thermal_rep[4]",-0.0583686613377784,0.00914784625289111,0.770338896901253,-1.61125335263022,-0.555984451475013,-0.0502794667524498,0.454666013837661,1.45415872105554,7091.30134314981,1.0002231401786
"thermal_rep[5]",-0.455004808131464,0.00856560674790288,0.774675194984587,-2.00654568222704,-0.965042465614751,-0.45203627811529,0.0658111079838763,1.01641223984999,8179.42993616855,0.999898400369395
"thermal_rep[6]",-0.30480988155746,0.00865324619476384,0.781598525503102,-1.88175210958878,-0.81299370009603,-0.301566244278404,0.213807486159119,1.20361889302981,8158.48168053022,1.00014227809848
"thermal_rep[7]",-0.434681887411182,0.00942561758817114,0.783821229670489,-1.932553842193,-0.959346715893729,-0.448402408498318,0.0807199072118998,1.17865726126962,6915.35393447542,1.00000052373989
"thermal_rep[8]",-0.655251993894607,0.00892910371399523,0.801368823330578,-2.23603540140935,-1.18983217530229,-0.653367912454815,-0.124010166586329,0.930908808888309,8054.69592957434,0.999926626720321
"thermal_rep[9]",1.0028839768104,0.00941343707275726,0.803708241308285,-0.616778977456427,0.473471946993575,1.00568378682824,1.53996769582371,2.57376466535875,7289.54457149308,1.00018050843791
"thermal_rep[10]",0.8951100684504,0.00893885795706346,0.793635038019929,-0.654866650591983,0.360013705530673,0.908645951924341,1.41130513159811,2.44292092924642,7882.74710900487,0.999937304730449
"thermal_rep[11]",0.268741393142337,0.00864066858032134,0.770538467229129,-1.22370172821276,-0.237306000422242,0.254840744780654,0.771124201042267,1.8178344013315,7952.32194424787,0.999836644209424
"thermal_rep[12]",0.718304724674385,0.00879992959434872,0.789206545003588,-0.817604623018606,0.197073774410362,0.702851888175387,1.24554805753255,2.27877370884223,8043.09061399292,0.999821839007951
"thermal_rep[13]",0.881017592252685,0.00883080602017588,0.795544277312975,-0.69702615940359,0.364135825734586,0.88036828914696,1.39431995430732,2.48162063841727,8115.73806877045,1.00027919133418
"thermal_rep[14]",1.09169685780967,0.00936107426995615,0.814225097569181,-0.538835644456099,0.56871059389949,1.09210880880513,1.62292897083821,2.68309316807038,7565.49916982313,0.999865184164923
"thermal_rep[15]",0.176425953755027,0.00875439456727335,0.767582066317089,-1.31910736073152,-0.337359139732784,0.177181650162009,0.682978803724133,1.71503520585378,7687.71731231127,0.999683448202208
"thermal_rep[16]",0.627534628474555,0.00914371537230495,0.784236600397313,-0.940443784195206,0.122315152445271,0.627636572605015,1.14182033369553,2.19018665061826,7356.12018972807,1.00033200060432
"thermal_rep[17]",0.902132102909257,0.00909745664599472,0.794613348208943,-0.670442266107793,0.375736097798508,0.90781257685013,1.42661221600972,2.45936438552377,7629.07216822709,0.999986167252339
"thermal_rep[18]",0.123743673877471,0.00841267091629866,0.767736984806471,-1.37712938414397,-0.385887264961024,0.111217829326897,0.620664989938775,1.6501876940958,8328.31463671052,1.00002827469668
"thermal_rep[19]",1.53505957071086,0.0105443351264958,0.835750521934392,-0.123697143669272,0.995034432791023,1.54439103065991,2.09057206800928,3.14132069159827,6282.24561699554,0.999870862346456
"thermal_rep[20]",1.04499548543388,0.0087435980901459,0.79108291361716,-0.506080295868532,0.513705948519264,1.03541942820921,1.56933730659038,2.59807393842633,8185.8472386134,1.00055485072389
"thermal_rep[21]",0.348185042344361,0.00858354264703251,0.780105666536501,-1.19014612531073,-0.152207879823183,0.347560273591382,0.849171338643857,1.89523596947195,8259.87978422613,0.999705910218304
"thermal_rep[22]",-0.482527179271981,0.00867622952047935,0.775219867723543,-2.00722334433798,-0.998926234337036,-0.480292541815431,0.0353658685465949,1.01378220292243,7983.39696177014,1.00019302072568
"thermal_rep[23]",-0.243555127800098,0.00943355579119473,0.789190117100839,-1.81875586877748,-0.75401814465916,-0.243390723007268,0.26756964261792,1.31670469002671,6998.6202898673,0.999678305837142
"thermal_rep[24]",0.133229292516485,0.00984274295156318,0.805361041215729,-1.49060021650517,-0.385211734081292,0.141041245024094,0.664436128674032,1.71229905908495,6694.97481018905,1.00020341095073
"thermal_rep[25]",-0.673454620549888,0.00864914136123407,0.788477409047584,-2.19727037351039,-1.20089366507122,-0.671685298261033,-0.157281561969879,0.898706933209199,8310.60266481972,0.999860285522199
"thermal_rep[26]",0.184743012729929,0.00918460868420742,0.778295531108662,-1.34523969932287,-0.329882213544822,0.175496549913303,0.695736157137655,1.71967012204775,7180.71612718036,0.99964046459145
"thermal_rep[27]",-0.13679995336675,0.00889344506088983,0.775689998926,-1.69307308525453,-0.645318487112424,-0.142309118373832,0.378810093699004,1.3759618065741,7607.40137994306,0.999786220101956
"thermal_rep[28]",-0.902154535712667,0.00931187529496936,0.799719489914811,-2.46724468521325,-1.42014337020436,-0.907704665642578,-0.377419208725231,0.661519569328568,7375.66287905831,1.00051729919909
"thermal_rep[29]",-0.756850002894052,0.0101102839631466,0.807653488543219,-2.30564877494651,-1.29807929643457,-0.771543281586618,-0.234758022666895,0.915822463158535,6381.50978313238,0.999838732696703
"thermal_rep[30]",0.0588690703722124,0.00858339596395014,0.775139959545244,-1.48584540559891,-0.449569510316624,0.0610353143146363,0.572033424391977,1.60460890548633,8155.33784086438,0.999814532743853
"thermal_rep[31]",-0.216605515119225,0.00911322554044637,0.78392792561358,-1.77919971410946,-0.72252974346532,-0.211675247175668,0.288574651037208,1.35747180098697,7399.59642088061,0.999724143395263
"thermal_rep[32]",-0.649741289666365,0.00911099072400564,0.790232660281578,-2.19327220088984,-1.17064965360545,-0.654042535379748,-0.134091769846745,0.914740265396856,7522.78658132611,1.00005880880705
"thermal_rep[33]",-0.856547121945621,0.00929283856045686,0.803216049471991,-2.384168183087,-1.39449731417545,-0.872647265482992,-0.33709104582399,0.762843462032255,7470.81480224872,1.00012097095787
"thermal_rep[34]",-0.962198729285681,0.0104928167512271,0.809379894854427,-2.56519480330086,-1.49780169116226,-0.95770749668664,-0.427442507639004,0.629563656149397,5950.05044645319,0.999857059527992
"thermal_rep[35]",-0.147401783742942,0.00906428307493628,0.779990554321375,-1.71842082276764,-0.664298907360505,-0.144839716634485,0.364356185260287,1.36667987326523,7404.77329926364,0.999815473303887
"canopy_rep[1]",0.539734525481585,0.00743464940247231,0.650336496750709,-0.780609140098159,0.124145215886983,0.556197119943392,0.972822165810372,1.81782371376042,7651.65302300026,0.999754283832422
"canopy_rep[2]",0.542046193562857,0.00822405607184915,0.657331103463413,-0.807967696214926,0.116907613926774,0.573372701555958,0.985046796124115,1.76765387840152,6388.46088220196,0.999954277269402
"canopy_rep[3]",0.670888686959897,0.0070591943765045,0.630910199772814,-0.605118719443022,0.262851994924469,0.679927024612579,1.07908417593937,1.90391818847784,7987.75648123667,1.00017558649832
"canopy_rep[4]",0.0924939793998537,0.00752237034183997,0.648238784994561,-1.24953217040851,-0.316443772377681,0.113559776797468,0.509730959066151,1.34395441048849,7426.0967338003,1.0003850480066
"canopy_rep[5]",0.538794948904323,0.00708388814639797,0.634292942771355,-0.740594220333238,0.137222671321064,0.566331199411397,0.951828270387736,1.77104849250183,8017.45200094672,0.999815050001553
"canopy_rep[6]",0.364154066415785,0.00792119799305213,0.642338848741548,-0.951994062869057,-0.0465981518102699,0.37682257181669,0.787461246708783,1.62506268619828,6575.77039277921,0.999658347001255
"canopy_rep[7]",0.501431138248464,0.00696032911036317,0.642891483446138,-0.782807893439233,0.0920170580405319,0.503151188264667,0.911552211528975,1.78858047430771,8531.31140963573,1.00007374600887
"canopy_rep[8]",0.762510599719653,0.00685992755075847,0.642354800022036,-0.439059340006198,0.351230140289772,0.738378193193774,1.16174810796317,2.08964631421258,8768.20892435356,1.00034489370354
"canopy_rep[9]",-1.2035673219535,0.00717490847964057,0.641234579524318,-2.52154781575123,-1.6013224296566,-1.19252792029358,-0.783076763707187,0.0464550649026564,7987.32097359942,1.00013731004188
"canopy_rep[10]",-1.09283206070025,0.0104771431515112,0.689167350754146,-2.34508918157564,-1.56770273766035,-1.13154724612858,-0.65180275033805,0.339371074406903,4326.76824397491,1.00007528276106
"canopy_rep[11]",-0.340167384630687,0.00727742924822212,0.646168473524795,-1.62367747264191,-0.758698041658831,-0.353553411681414,0.0681648799080169,0.967871620424241,7883.7990547629,0.999665348252683
"canopy_rep[12]",-0.849086821279012,0.00870166449425564,0.654681275073503,-2.09775034123823,-1.27882662596482,-0.880288247484678,-0.435458461371182,0.512609305198016,5660.50489594446,1.00028659637317
"canopy_rep[13]",-1.07627720897387,0.00833929097281076,0.661756744775916,-2.33904721410311,-1.51095423129917,-1.10789377231656,-0.653198162341871,0.302766308052098,6297.0696658227,0.999896740273953
"canopy_rep[14]",-1.31539683157995,0.00936541473135225,0.685311006933512,-2.58175760267692,-1.78961114434374,-1.36068929427787,-0.876792360100563,0.139019535815415,5354.53036931285,0.999698706325626
"canopy_rep[15]",-0.228989349239516,0.00683522051094139,0.639164982758636,-1.44600926484951,-0.654301391327181,-0.237055517018127,0.175421851527497,1.05226496933255,8744.21621423869,0.999616627826172
"canopy_rep[16]",-0.747789111287788,0.00990774939551219,0.675281980689444,-1.98750889992138,-1.21987729940616,-0.774668465803221,-0.309335234327063,0.661698797000208,4645.36984055299,1.00011509251963
"canopy_rep[17]",-1.09493239402235,0.00702451564481346,0.646655569121682,-2.3800380248858,-1.51257102449832,-1.10359159587847,-0.682436103600329,0.184621601653463,8474.48423533622,1.00010083110736
"canopy_rep[18]",-0.155410827248696,0.00720279581347858,0.641155972618023,-1.3993745419706,-0.577142394418592,-0.163687462944861,0.248812890493375,1.14417427639062,7923.64806100485,1.00034223020138
"canopy_rep[19]",-1.84650136723344,0.00745196572682883,0.666805615036581,-3.18413027064038,-2.2787681591954,-1.83606347882913,-1.41763068636952,-0.524525579469901,8006.7597797959,1.00011085216115
"canopy_rep[20]",-1.27257783083989,0.00847375794830956,0.673892592108259,-2.56091920191158,-1.71818755263374,-1.29958631779015,-0.839283586429479,0.0875889176673054,6324.54455025274,1.00054495128786
"canopy_rep[21]",-0.433245419442487,0.00864495622501152,0.648886886990963,-1.650816170685,-0.869361741638148,-0.459644486191605,-0.0135823737982362,0.932787178236433,5633.94234918758,1.0002465474045
"canopy_rep[22]",0.586894099081023,0.00812640177003653,0.653402769049252,-0.749850933917088,0.168985187740627,0.620791555442109,1.01426148235996,1.8231275804547,6464.95283910024,1.00005928259821
"canopy_rep[23]",0.302560148188868,0.00962152792164235,0.66838524021712,-1.11605063794864,-0.127763145413114,0.33212289945181,0.760396065547988,1.52834173890277,4825.75881649494,0.99986794333069
"canopy_rep[24]",-0.133780082369892,0.0100185191453501,0.674641114415331,-1.56591248798455,-0.562766093568613,-0.105381081995647,0.332109834723294,1.11773854347757,4534.59541448717,1.00089186233111
"canopy_rep[25]",0.801589831648572,0.00719841638411475,0.649624593566116,-0.520377871132127,0.395470352572338,0.808515010990356,1.21515540300664,2.10212024752421,8144.24795778943,0.999997347930121
"canopy_rep[26]",-0.236030393296752,0.0069562513974968,0.641031209757786,-1.48746875291759,-0.654764137423998,-0.244903268835907,0.161853191925584,1.07786232434682,8491.95748157654,0.999735643311968
"canopy_rep[27]",0.166838556886078,0.00887278442941121,0.660840902048425,-1.20886018376592,-0.255968699767697,0.199370041209659,0.611065233166559,1.38658553917092,5547.20186562946,0.999802196293903
"canopy_rep[28]",1.05490541345763,0.00692727834388817,0.64498352753562,-0.205458784259193,0.633862452484795,1.04375870245662,1.48215683112943,2.35044974843211,8669.05922055927,0.999908638903061
"canopy_rep[29]",0.878306056843981,0.00738701396268374,0.646882255410659,-0.348392537933839,0.44816318730397,0.850155645064112,1.29017159842761,2.20931820354584,7668.53910522669,1.00007785212248
"canopy_rep[30]",-0.0614159224716619,0.00699024218205787,0.636345408823585,-1.34453065172081,-0.465109322101143,-0.065739619479137,0.350254686960585,1.20375825221305,8287.07721115288,0.999913451474069
"canopy_rep[31]",0.281186416953429,0.00793828545170978,0.646737741992001,-1.05191759677963,-0.137152940589971,0.30729292390263,0.706971622489527,1.50812851930996,6637.47638384536,1.00042162406436
"canopy_rep[32]",0.742507625238458,0.00756523209784704,0.641697653358999,-0.529994266216138,0.336428705147487,0.732379733131898,1.14672778710762,2.00429630982557,7194.76128716193,1.00012792262219
"canopy_rep[33]",0.988766773377474,0.00724522653432473,0.655049473381285,-0.274415792676221,0.566610164439908,0.972604058006176,1.39913428672005,2.32207459309838,8174.18129543023,1.00021986318395
"canopy_rep[34]",1.12320491414378,0.00725200327486782,0.653854047033083,-0.14340052114789,0.69996566472171,1.09893432083141,1.54150282077623,2.48430965480224,8129.15958245047,1.000101181814
"canopy_rep[35]",0.179302908202999,0.00771134563442189,0.651469368934486,-1.16860161275164,-0.229471027612692,0.200235863406125,0.607449159856631,1.4298190953618,7137.19664642843,1.00014138066772
"q_rep[1]",0.252970796495642,0.0113146980167278,1.01121077503701,-1.75737926107774,-0.404006419835893,0.258111688176479,0.912615986499677,2.24176769564945,7987.25302572793,0.999834155633101
"q_rep[2]",0.284265636641283,0.0112324459802524,1.01795797309933,-1.66972802257982,-0.38995343417126,0.284299397065879,0.954758319432774,2.2905126433969,8213.17391838343,1.00035608977334
"q_rep[3]",0.328765483745455,0.0120540853711612,1.03150191713784,-1.66533420752905,-0.360320213265676,0.331115623993839,1.02226350365647,2.35819607086555,7322.70524262762,0.999996499112094
"q_rep[4]",0.0424371064161701,0.0110252816315626,0.998226888116481,-1.88531591355407,-0.628676310084953,0.04465471036582,0.706190956195498,2.00963982251914,8197.45693202379,0.999620000811232
"q_rep[5]",0.26082630854573,0.011147729915337,1.00479952424949,-1.66536095875261,-0.416014085749582,0.25350469424349,0.937202667074991,2.24469413847909,8124.30024819787,1.00003455590202
"q_rep[6]",0.181562432676933,0.0112295158037554,1.0090991661645,-1.75597890869653,-0.493154328132759,0.189040165701429,0.850139516505191,2.16059643929385,8075.05768163156,0.999884394354336
"q_rep[7]",0.260959396613047,0.0113420283331718,1.01649144657219,-1.75763333211052,-0.385241744019498,0.255308816397419,0.935133308174539,2.26073126253799,8032.04256675626,0.999905259278736
"q_rep[8]",0.395054203293492,0.0117264699255888,1.02915384971426,-1.6485813020216,-0.284884391232458,0.392861270736382,1.08170403073202,2.39511659143511,7702.39909750547,1.00005269627156
"q_rep[9]",-0.575752874917375,0.0117567956226277,1.03435497887,-2.59909628710426,-1.26478442678472,-0.568043752892852,0.11675366145248,1.44921248882614,7740.36216368101,1.00045964282784
"q_rep[10]",-0.514110408818578,0.0115202622820445,1.0421480334311,-2.59443152765931,-1.20858603713759,-0.512481881388731,0.169107326130542,1.54831645409194,8183.40590396093,0.999607117956415
"q_rep[11]",-0.149427341720142,0.0114048682311774,1.02013012838298,-2.12079475326824,-0.834829146344296,-0.13960157663263,0.535852665574694,1.81580716100818,8000.74823639417,1.00032729927743
"q_rep[12]",-0.402010992521238,0.0114504876912569,1.02087588526538,-2.44896575790654,-1.06285449130649,-0.401025259053769,0.27805151314248,1.59286443105225,7948.7332334735,0.999912570420978
"q_rep[13]",-0.507408977343383,0.011584197250899,1.03896701333322,-2.53761289029431,-1.20554537664615,-0.495787790354978,0.185574315581432,1.52257876090149,8043.99200909107,1.00036126742929
"q_rep[14]",-0.637800514222491,0.0119667617784975,1.05987517715531,-2.65213327527185,-1.35503944772712,-0.63897977087173,0.0655390004981307,1.46778637784379,7844.33532647974,0.999695284438908
"q_rep[15]",-0.11100921050718,0.0111270346042676,1.00356885011108,-2.11898274566606,-0.77486610140156,-0.100551523737745,0.568374365687409,1.87979995606675,8134.58624692923,1.00031776883963
"q_rep[16]",-0.337892427610493,0.0120428124495389,1.00361882379031,-2.31215263736004,-1.00383335911694,-0.329135294952663,0.334400459190275,1.59899308253927,6945.1519337214,0.999730935750926
"q_rep[17]",-0.514630839935052,0.0116109585370684,1.02699682583638,-2.57817636464274,-1.19225144332385,-0.51890802301558,0.156334386823176,1.50308375384574,7823.51742614994,0.999876776117067
"q_rep[18]",-0.066937446764405,0.011630798486213,1.00322541138861,-2.04891837520982,-0.726725620861176,-0.0583247418248556,0.587612377023468,1.89382690428049,7440.0865179729,0.999730583938371
"q_rep[19]",-0.931544095142933,0.0136333424054871,1.09811716101193,-3.04581239578033,-1.64732801553523,-0.937188343479907,-0.208724076469506,1.23931833793147,6487.72858250654,1.00009337487267
"q_rep[20]",-0.60566727728726,0.0124933988313989,1.03920117171485,-2.61956017248612,-1.29098964151039,-0.608573828686775,0.0877407826899429,1.44552581324275,6918.91582109188,0.999995287319899
"q_rep[21]",-0.192416800637233,0.0111317246008707,0.996891027831723,-2.14898813311351,-0.855260890379259,-0.176275074284696,0.462941238858551,1.790338392109,8019.92797339817,0.999801731806835
"q_rep[22]",0.269239860911026,0.0117339681496867,1.00452112064491,-1.68754523476289,-0.395506808453437,0.263431943188138,0.936233806874182,2.28439895885844,7328.72346680171,1.00022739993849
"q_rep[23]",0.141165523911345,0.0113169358479017,1.00803221172232,-1.87869828376954,-0.523403413810486,0.146146715470927,0.820606255441923,2.1317011800754,7933.98020212981,1.00058714245864
"q_rep[24]",-0.0868172512780177,0.0115528386311372,1.00751868927051,-2.07990402873975,-0.754975261648175,-0.06919184822872,0.584849184647043,1.87011129507891,7605.51815763765,1.00012068065603
"q_rep[25]",0.412496145321076,0.0113551345156551,1.01271396378396,-1.61211601554155,-0.246326854112595,0.408955238392699,1.08364989329625,2.38392922142718,7954.06306209118,1.00022988032517
"q_rep[26]",-0.0738681145555233,0.0113825493016938,1.01073608850498,-2.0575938209644,-0.743616711443652,-0.0795490258752543,0.603373381360736,1.8905096673688,7884.90499600787,0.999877416402005
"q_rep[27]",0.071407783182634,0.0110401458413689,0.999600939407849,-1.84245866056008,-0.609014275287681,0.0723856846671026,0.725374852702479,2.03887747789737,8197.92026961328,0.999921906438669
"q_rep[28]",0.548133403030087,0.0126074797902749,1.03907935394806,-1.55920074158944,-0.120366198722367,0.548444408189839,1.23238260665427,2.57623373266625,6792.67553226357,1.00052812721197
"q_rep[29]",0.463287733572811,0.0122452180320244,1.03740707747234,-1.58547667313298,-0.215596591578458,0.456401134916076,1.16462541375239,2.49377589570946,7177.37055019175,1.00013234076064
"q_rep[30]",-0.0402715721152459,0.0114481676999074,1.02098498274524,-2.04791931867445,-0.712419230224882,-0.048450499349406,0.614992784272793,2.01074282984929,7953.65489628281,0.999706197503527
"q_rep[31]",0.121441670359474,0.0116044941233223,1.01000842310971,-1.88123701311095,-0.548407087213505,0.125492182382351,0.794595441892001,2.10221898707222,7575.26038475475,0.999670813911474
"q_rep[32]",0.376760696274261,0.011615451998773,1.03201369960945,-1.71260419498061,-0.293527849893136,0.38312055105613,1.0566662795488,2.43135714535434,7894.02860951717,1.00036628479527
"q_rep[33]",0.5281867952303,0.0124871955477382,1.01910750318194,-1.48929671589172,-0.141776880483562,0.530886584553588,1.19493922913409,2.55672103447024,6660.55122414335,1.00045314653498
"q_rep[34]",0.590566541930651,0.0121820527752665,1.04982433733117,-1.47876152130008,-0.0841392183331036,0.587170317042007,1.27551175866585,2.63419127509669,7426.63909969012,1.00010854388447
"q_rep[35]",0.0792110683730823,0.0112669987621188,0.999139150727069,-1.86302541085354,-0.600941719630461,0.0906932236510453,0.723008828112109,2.07118002332667,7863.8543402206,0.999787084155085
"trout_rep[1]",0.76075,0.00469611251373868,0.426652307533852,0,1,1,1,1,8254.12821173605,0.999991860434045
"trout_rep[2]",0.760875,0.00476745262382304,0.426575878651775,0,1,1,1,1,8006.07798354855,1.00052881432913
"trout_rep[3]",0.8175,0.00435906330632533,0.386280211181189,0,1,1,1,1,7852.69207160838,0.99969707561052
"trout_rep[4]",0.558125,0.00556372792009827,0.496641033256882,0,0,1,1,1,7968.0753075778,0.999724830697463
"trout_rep[5]",0.761625,0.00467903944721103,0.426116247351599,0,1,1,1,1,8293.59405524028,0.99997749893841
"trout_rep[6]",0.6985,0.00499909451869527,0.458937989285858,0,0,1,1,1,8428.01540814112,0.999861413412569
"trout_rep[7]",0.752,0.00494114498795182,0.431878819710308,0,1,1,1,1,7639.5647555299,0.999751844406375
"trout_rep[8]",0.838625,0.00418982067318485,0.367899481011498,0,1,1,1,1,7710.23259720449,0.999979097146814
"trout_rep[9]",0.0822499999999999,0.00310793181753911,0.274762396074832,0,0,0,0,1,7815.76737617295,0.999747275373491
"trout_rep[10]",0.104625,0.00344615803745304,0.306088746387531,0,0,0,0,1,7889.04340614401,0.999949673973774
"trout_rep[11]",0.315,0.00521497993613883,0.464544911980431,0,0,0,1,1,7935.05847897018,1.0000388897213
"trout_rep[12]",0.149375,0.0038919681978955,0.356480005223677,0,0,0,0,1,8389.4170675883,0.999904558440791
"trout_rep[13]",0.107625,0.0036153644573926,0.309925581564796,0,0,0,0,1,7348.70275820554,0.999940088276356
"trout_rep[14]",0.0645,0.00275981527028837,0.245656861112555,0,0,0,0,1,7923.1480307173,0.999857355372055
"trout_rep[15]",0.393875,0.00554252196662429,0.488638240717308,0,0,0,1,1,7772.48795084702,0.999708325075652
"trout_rep[16]",0.1845,0.00452447836832623,0.387915660704708,0,0,0,0,1,7350.85055864991,0.999989856956713
"trout_rep[17]",0.10775,0.00356336168936496,0.310083789474024,0,0,0,0,1,7572.48309925053,1.00060749979164
"trout_rep[18]",0.4205,0.00547071276706787,0.49367014673437,0,0,0,1,1,8143.02754877438,0.999640529199254
"trout_rep[19]",0.0298749999999999,0.00193903741404996,0.170253069395099,0,0,0,0,1,7709.34573754059,1.00007886390127
"trout_rep[20]",0.0723750000000002,0.00303529006157305,0.259124009948083,0,0,0,0,1,7288.10988056873,0.999882746652773
"trout_rep[21]",0.29625,0.00561437016005565,0.456631143813209,0,0,0,1,1,6614.98664625385,1.00037592609513
"trout_rep[22]",0.779,0.00464928689601663,0.414946409269126,0,1,1,1,1,7965.46858334425,1.00040908184696
"trout_rep[23]",0.652125,0.00569783398285305,0.47632588127055,0,0,1,1,1,6988.57736208353,1.00025173765673
"trout_rep[24]",0.428125,0.00622786353304683,0.49483794564384,0,0,0,1,1,6313.17481388932,0.999815762759699
"trout_rep[25]",0.848125,0.00392196855011153,0.358922119004847,0,1,1,1,1,8375.14302946065,1.00010717434176
"trout_rep[26]",0.388625,0.00543534717408162,0.487468268238098,0,0,0,1,1,8043.37140318389,0.999995336092316
"trout_rep[27]",0.5965,0.0056607421850391,0.490630043647913,0,0,1,1,1,7512.10286055433,1.00022844424566
"trout_rep[28]",0.9035,0.00334138774136746,0.295294175071613,0,1,1,1,1,7810.08949616132,0.999799682884424
"trout_rep[29]",0.86425,0.00396478037192796,0.342544310382714,0,1,1,1,1,7464.40589728894,1.00005858300101
"trout_rep[30]",0.473875,0.00560543042447065,0.499348228150096,0,0,0,1,1,7935.77038888624,1.00032682248318
"trout_rep[31]",0.647375000000002,0.00546225427344817,0.477817065432512,0,0,1,1,1,7652.079742146,1.00040656272328
"trout_rep[32]",0.83775,0.00422824015534892,0.368703038014695,0,1,1,1,1,7603.86047757963,0.999764419421028
"trout_rep[33]",0.889500000000001,0.00350032072425485,0.313531557829046,0,1,1,1,1,8023.18565858921,1.0007394961555
"trout_rep[34]",0.914749999999999,0.00313543301593166,0.279270812157863,0,1,1,1,1,7933.33953389158,1.0000490936464
"trout_rep[35]",0.60225,0.00559926791757015,0.489463874418267,0,0,1,1,1,7641.50304267883,0.999838437326208
"log_lik[1]",-5.27445631436498,0.0115402796096087,0.71932886744707,-7.09507562970311,-5.5862992684646,-5.1560068535555,-4.819218735028,-4.21766404714867,3885.27993966515,1.0005230067632
"log_lik[2]",-8.09758488365428,0.0132294267365526,0.90100984686057,-10.1567742027962,-8.59648372838167,-7.99722461394585,-7.49118015375899,-6.60592544833536,4638.49425937207,1.00023026803555
"log_lik[3]",-5.05176230806528,0.0100120699905984,0.69172800538389,-6.82578922535965,-5.34965711540123,-4.94694841893254,-4.60184770385382,-4.03384605186735,4773.34653073971,0.999807063603081
"log_lik[4]",-6.24039506412568,0.0111638957722686,0.759519297181963,-8.12446907010688,-6.58810765759523,-6.12838176850366,-5.74600182720845,-5.0993619223606,4628.5619263159,1.00058785145747
"log_lik[5]",-5.85329432062123,0.0116521254755114,0.74415759798116,-7.57724152895126,-6.22279805506872,-5.76411510938085,-5.36506530056164,-4.68962086531251,4078.67907988531,1.0002766993735
"log_lik[6]",-6.13869805523739,0.0119729433909702,0.753052819219938,-8.02138870688045,-6.47415029337587,-6.02883803347079,-5.64816496799179,-5.01334778578668,3955.93383525618,0.999964550432157
"log_lik[7]",-8.48387987257222,0.0139860882561819,0.947765343349363,-10.5979090749431,-9.01106855958267,-8.38887453989664,-7.8338222726754,-6.9417029079396,4592.0765485214,1.00027091483523
"log_lik[8]",-7.80802732653747,0.0148303438320722,1.09867037396417,-10.3359133082109,-8.43803178324268,-7.6829054303105,-7.03276022746849,-6.0370649165187,5488.23106318507,1.00001207195316
"log_lik[9]",-6.0959548156551,0.0207372000361682,1.00582214510617,-8.28221523524898,-6.66674537830939,-5.99634268874538,-5.39781053801466,-4.44603731287937,2352.56782148713,1.00016358380414
"log_lik[10]",-7.23324200489343,0.0145581791381161,0.951479572424717,-9.35090994532776,-7.76468984045425,-7.1529215136835,-6.57731125212464,-5.62442014626593,4271.54336145142,1.00067157551922
"log_lik[11]",-6.07570498939463,0.0120106568834616,0.813272896962514,-8.10061556327456,-6.42365651398464,-5.95273234146633,-5.55382615839666,-4.90264537537517,4584.99723243905,0.999889494197397
"log_lik[12]",-5.23840695455497,0.0121129850801296,0.749534422371438,-7.06674142004637,-5.57405246452902,-5.13129258081637,-4.75890753403094,-4.13171547545504,3828.95974633746,1.00046047791753
"log_lik[13]",-5.252932327443,0.013889694494318,0.78524813893364,-7.19689311015503,-5.60980644165111,-5.1302495802188,-4.74526195538709,-4.08009165603125,3196.15950398848,1.00146210295389
"log_lik[14]",-5.76171572577383,0.0140370928713844,0.927539215115858,-7.92017951889465,-6.25258804024769,-5.6374880485779,-5.1314841757023,-4.30013285721703,4366.26623602385,1.00058026116232
"log_lik[15]",-8.05215727257151,0.0135131932853996,1.01896752113988,-10.5081680731367,-8.56246136902489,-7.89035025693081,-7.36872127246017,-6.51361710786631,5685.9718512367,0.999783289400953
"log_lik[16]",-10.1455764915263,0.0174022987916664,1.21513722036836,-12.793267086649,-10.8775815510203,-10.0623793563523,-9.31008814178448,-7.98210231174508,4875.7048228583,0.999860547468044
"log_lik[17]",-5.38822927030615,0.0112911741886728,0.791233387504348,-7.35115087832562,-5.76211630330744,-5.27834936726745,-4.86134976019693,-4.18642054235397,4910.55969623649,1.00004190758966
"log_lik[18]",-7.31167208094637,0.0139848246107416,0.983488701732977,-9.69505341544006,-7.80083197350065,-7.15839988431871,-6.65830940750644,-5.82192256259792,4945.66507388266,1.00006305242386
"log_lik[19]",-8.46298310187918,0.0248839402664595,1.71576888666971,-12.2763973489376,-9.48294490447795,-8.31121422758092,-7.24935476879265,-5.59609724870093,4754.22001469183,0.999764923243458
"log_lik[20]",-10.2062451755998,0.0238008574915797,1.47451928105198,-13.3264937148598,-11.1290758338174,-10.1108688485915,-9.15746115136335,-7.6200646405391,3838.09485451694,1.00024309268072
"log_lik[21]",-8.42020015032791,0.0133965203622687,0.933865751552751,-10.550969202137,-8.92637949360776,-8.32469818590066,-7.80972555823719,-6.84019777876039,4859.42495720584,1.00001807911076
"log_lik[22]",-6.07933689983284,0.0116735046338933,0.782681645967166,-8.0100303876381,-6.4644013046407,-5.97998345838586,-5.56246120884335,-4.8630790060984,4495.39418241098,1.00044239203665
"log_lik[23]",-8.82914545489824,0.0151776090377307,0.967929657902267,-11.007855961439,-9.36524306225566,-8.733962255318,-8.17352612257484,-7.19994666499743,4067.06273038144,0.999990814154758
"log_lik[24]",-8.28931189244942,0.0243641919886095,1.24503832373989,-11.0276614011257,-9.01436783866123,-8.1733589919788,-7.43631321731716,-6.16609941799292,2611.32792689464,1.00054683421318
"log_lik[25]",-5.32767400694897,0.0119467059540149,0.762905231130693,-7.20451992688815,-5.67576773932132,-5.21303335533726,-4.83830144172328,-4.18364548038887,4077.97760705352,1.00115575778279
"log_lik[26]",-9.98466835140838,0.0176698121353779,1.20440071378382,-12.7061798588504,-10.6574195599572,-9.85621873245146,-9.16077737366142,-8.00148098417655,4645.98864662525,1.00120757849989
"log_lik[27]",-6.70017152014255,0.0122689251483475,0.815017513792859,-8.70351278063409,-7.10213478109218,-6.57560553450453,-6.14660305942836,-5.48033811821813,4412.86710695563,1.00034302007524
"log_lik[28]",-5.78505168496544,0.0173479235678683,0.989270800580565,-8.07171995693047,-6.32018500361174,-5.64926668012857,-5.09165681781528,-4.26838395725425,3251.8865148677,1.00005029249209
"log_lik[29]",-8.58901262786729,0.0241463187001511,1.31369005669953,-11.5328455835003,-9.38218118712924,-8.46649024606382,-7.65126944290871,-6.41743930933195,2959.9472305203,1.00037417803404
"log_lik[30]",-6.53592987329181,0.0127137842140622,0.865665463917753,-8.67392316298337,-6.92888076657294,-6.3849954302164,-5.96522441404063,-5.25676659539923,4636.07561667335,0.999908648486828
"log_lik[31]",-6.63407505979754,0.0139408349445019,0.818674045911832,-8.61316541450727,-7.04396714896048,-6.52225082375136,-6.0922259205225,-5.34895336689049,3448.61310390588,1.00279273013827
"log_lik[32]",-6.33705373502198,0.0113345234544461,0.842688453304521,-8.45054663368888,-6.74242568048776,-6.20726059715777,-5.77030562886113,-5.10031052435036,5527.48477920475,0.999807535922907
"log_lik[33]",-7.52872618728181,0.0150200062673777,1.12947247298725,-10.0777700422531,-8.14627695235953,-7.41773288808995,-6.76692573185061,-5.67184263751838,5654.71959540051,1.00048037090944
"log_lik[34]",-6.83134614353323,0.0249933808093572,1.27518342046317,-9.76446988056332,-7.59489317089442,-6.68930940514418,-5.90911962818015,-4.79848712815819,2603.12667417242,1.00057199345563
"log_lik[35]",-7.6926853984898,0.013655552625633,0.970243345207076,-9.92304170117333,-8.20725198971972,-7.58647812185871,-7.0322347644785,-6.13478382953981,5048.27244381999,1.00088858377003
"lp__",-82.0959539116522,0.210864134976435,7.49587248026836,-96.9809344360938,-87.0209320275912,-81.9845103154692,-77.0615041908384,-67.9931826714108,1263.68532517887,1.00194692464755
