"","mean","se_mean","sd","2.5%","25%","50%","75%","97.5%","n_eff","Rhat"
"stream_quality_raw[1]",0.0943877934350625,0.00665511559957267,0.530072559139735,-0.929189369766096,-0.2643130112395,0.0953404525536192,0.433041056325819,1.17455068220794,6343.94541043667,0.999799102261556
"stream_quality_raw[2]",0.112122106312938,0.00768849490325316,0.553554221372236,-0.998640081200618,-0.257889285232938,0.110189534421189,0.489411001071998,1.17933948549327,5183.67389717659,1.00042920298648
"stream_quality_raw[3]",0.371751690797295,0.00732153159742343,0.54086895399248,-0.693933191321611,0.00744356208789323,0.364108129013083,0.735572198895463,1.439762479935,5457.33011466109,0.999978874906093
"stream_quality_raw[4]",-0.593499164780964,0.00689882538663493,0.550998233765887,-1.70606438050204,-0.959539822511453,-0.580965778214011,-0.231855797917494,0.483656535397589,6378.96336205684,1.00035486992264
"stream_quality_raw[5]",0.11576400198711,0.00650010877156578,0.51965358555309,-0.915774327781615,-0.225963644828083,0.119932084639401,0.458476546075037,1.13134217971358,6391.26180980732,1.00012056417845
"stream_quality_raw[6]",-0.0980607644352402,0.00692099865791978,0.543443017845381,-1.13024004646446,-0.467509076742438,-0.1021694358506,0.260280116930288,0.987442063617524,6165.53115426738,1.00026953635725
"stream_quality_raw[7]",0.172903125806084,0.00698182536404523,0.552097235328016,-0.890817231714233,-0.191171773018013,0.166888753759772,0.543886708467294,1.26063476018806,6253.06843168218,1.00043503859084
"stream_quality_raw[8]",0.638680714386035,0.00700580736425148,0.546035663432748,-0.407793562265068,0.271235653707773,0.627546974837039,0.995544527891034,1.73083204083904,6074.71118408031,1.00003191738358
"stream_quality_raw[9]",-0.587686339400346,0.00968387603143979,0.614670390424611,-1.77556775049596,-1.00689408657037,-0.593995598418525,-0.183118477970913,0.643108557990093,4028.8968056959,1.00004336097882
"stream_quality_raw[10]",-0.288754253258992,0.00842036605333322,0.576266772006828,-1.43417474606754,-0.670900571241027,-0.279584297926811,0.105720276285675,0.812174966049939,4683.65841195659,1.00005464532743
"stream_quality_raw[11]",0.391397878206701,0.00984274402829796,0.561365176031708,-0.690428740691424,0.0106324257386923,0.383052013588133,0.763670581894838,1.5244071857892,3252.80893306298,1.00047748929853
"stream_quality_raw[12]",-0.482115691656017,0.0104919632379341,0.581645467803487,-1.66451053082193,-0.862365968499103,-0.468645750018067,-0.09040168715548,0.631330804405699,3073.28740668212,1.00133063684489
"stream_quality_raw[13]",-0.298637058975526,0.00660791854634789,0.534224264001709,-1.34841675808173,-0.655326386659408,-0.288485982435175,0.0530861414715806,0.733236537146865,6536.08749078476,1.00017800158911
"stream_quality_raw[14]",-0.713971029480427,0.00820365854710138,0.564802091318913,-1.8447194954729,-1.08648202599342,-0.699989781789883,-0.326164270003727,0.357289646981957,4739.99016487571,0.999990150092836
"stream_quality_raw[15]",1.16543725160068,0.00732430314386647,0.549072671111863,0.0838732864197972,0.797725030996531,1.16387224563101,1.52376898262777,2.26524807578067,5619.87990006273,1.00010780107218
"stream_quality_raw[16]",0.265351540741328,0.00786453535328187,0.569763559429349,-0.877360303480362,-0.116750992042729,0.283227820631962,0.65431871947763,1.33765624482409,5248.59667330064,1.00010733542868
"stream_quality_raw[17]",-0.336813955941215,0.00758049880442193,0.557183199930532,-1.43390278309333,-0.705953069260902,-0.332583682792912,0.0320887312511465,0.7792589126619,5402.57070363092,0.99997105438117
"stream_quality_raw[18]",0.680436482519774,0.00995518132161608,0.581224673411644,-0.46816071406859,0.285905668983511,0.677727484458638,1.06475151450109,1.80543479258064,3408.70749159658,1.00093037320533
"stream_quality_raw[19]",-1.68020918964106,0.00845805196533597,0.606263142138404,-2.8928611017326,-2.08830362363307,-1.66392991348296,-1.26591268017251,-0.518087147476797,5137.85252073135,0.999914566224988
"stream_quality_raw[20]",-0.641023149284837,0.0076617041161171,0.574725717995225,-1.76820079086258,-1.01967009720229,-0.636718336736378,-0.261072446288557,0.472798722181794,5626.91702053894,0.999644261463036
"stream_quality_raw[21]",0.237937079347114,0.00996654856063699,0.592946320455668,-0.930379145414977,-0.167313052835462,0.244281828776487,0.638019618945159,1.39377197223805,3539.49401641693,1.00009797531275
"stream_quality_raw[22]",0.186683107542176,0.00678312570527641,0.528010868000335,-0.847226064380684,-0.165487280541838,0.179609980642685,0.537331319924663,1.24397055180358,6059.34934974564,1.00019389644663
"stream_quality_raw[23]",-0.328047691598124,0.00855094357568931,0.561841035396005,-1.40481418062041,-0.705975327467912,-0.341974336315936,0.0396201441447329,0.818655071318446,4317.16681511107,1.00087784727234
"stream_quality_raw[24]",-1.10516508688244,0.00906050661852332,0.575675416551692,-2.22765946527321,-1.49036270608003,-1.10694360182656,-0.725713476175247,0.0438764540064523,4036.9224245779,1.00072293707775
"stream_quality_raw[25]",0.57411397231284,0.00697763613815495,0.530119231834097,-0.477571547803272,0.2186921995455,0.579649338159884,0.927494581137011,1.61388466004918,5772.05529329067,0.999888097009384
"stream_quality_raw[26]",-1.10790760263262,0.00742039245313402,0.555137544022068,-2.23386941823507,-1.46456097266438,-1.09676649595259,-0.731323250744176,-0.0479701964844716,5596.89873579364,1.00015940454807
"stream_quality_raw[27]",-0.561270834949072,0.00774603152763003,0.542183022897752,-1.63573485494835,-0.917561051792389,-0.564087576870343,-0.207223487004845,0.529625015884484,4899.29182228948,1.00055140153789
"stream_quality_raw[28]",1.05807943541622,0.00812913526522861,0.569500132717489,-0.0583137945830387,0.680799472324235,1.05078005486336,1.43355386118247,2.19181750980759,4907.93677115098,1.00025031159575
"stream_quality_raw[29]",0.861760263656462,0.00792150748482975,0.555711295096321,-0.221825403955712,0.488624111872052,0.85902774393145,1.23256029858204,1.96623623227846,4921.33324986006,1.00015586623066
"stream_quality_raw[30]",-0.916694569418548,0.00732258338651303,0.529600511326314,-1.96454030094588,-1.26425096321068,-0.914600376086172,-0.554994270901401,0.0879811479894653,5230.80029539017,1.00037624537546
"stream_quality_raw[31]",-0.284139964682355,0.00828776053266191,0.567270423585488,-1.38330849656669,-0.67508995148047,-0.288604822941221,0.0854338251366148,0.852030817985818,4684.96006891887,1.00030637256714
"stream_quality_raw[32]",0.586693589140404,0.00704202678122792,0.539132677814776,-0.440939199785616,0.219555265809233,0.579538764039944,0.937964738549988,1.67057353485825,5861.32721801597,1.00045547233625
"stream_quality_raw[33]",1.01349067904053,0.00714821426106008,0.571150194798386,-0.0989118009817802,0.628831896952783,1.01112659200629,1.3862897208845,2.16573235962354,6384.18605627255,1.00092257497956
"stream_quality_raw[34]",1.27834412303741,0.00762541116443821,0.565026329437785,0.180574281518048,0.895803434983165,1.27356556840538,1.65486302275039,2.42334887877085,5490.48664791013,1.00022898382179
"stream_quality_raw[35]",-0.508957972804091,0.00662345497184252,0.516086171853405,-1.50926743972982,-0.860676292960632,-0.50768136218628,-0.165785896612197,0.501417965622913,6071.21019152415,1.00054343365156
"beta_conduct",-0.590155480128705,0.00319142462195727,0.128891989965381,-0.863452277630867,-0.671535207845713,-0.581636109877287,-0.499060232497594,-0.358341259044592,1631.10783934836,1.00088618746278
"beta_depth",0.457320632095376,0.00242927502058165,0.126010359383035,0.22943983966776,0.37001862976569,0.450045781044569,0.534149959221221,0.728732727026607,2690.66191396268,1.00083358703849
"beta_do",0.133302299709937,0.00120364581111136,0.0935098828701321,0.0070111067848735,0.0605526137348526,0.116458272267161,0.189707343834583,0.353132089553238,6035.56051215093,1.00006398831007
"beta_thermal",-0.496569190834852,0.00267404866966278,0.12633980586544,-0.769164506947861,-0.572892310923432,-0.489421924545821,-0.409350723160264,-0.272478826851573,2232.24467422357,1.00068147658561
"beta_canopy",0.572953515767477,0.00200292698690782,0.106690597557636,0.386870107063788,0.499226236420255,0.564323690143848,0.63797040238301,0.804194439513598,2837.40976337045,1.00089224190342
"beta_q",0.300128333784439,0.00261864060328824,0.143919334163437,0.0352960333137394,0.201059978917206,0.293393833082535,0.390335963341052,0.597932084257062,3020.55318538303,1.00072790582035
"a_conduct",0.485881075671977,0.00638357453358731,0.260969292487378,-0.0198781565937052,0.313453533520483,0.48291767214076,0.655422468004538,1.00415676399541,1671.28666997578,1.00294125062623
"a_depth",-0.365403483114889,0.00533891848936081,0.245919525091555,-0.869221351030069,-0.523930854670736,-0.36075936410351,-0.196902218730562,0.0971264629298947,2121.67784829829,1.00247009393664
"a_do",-0.112204483197562,0.00267540435096599,0.201497356991273,-0.531459768179769,-0.242762042978812,-0.107842298129588,0.0255889217228011,0.264348591154785,5672.30859198804,1.00027768944751
"a_thermal",0.436921655013758,0.00571754509214507,0.251254921790699,-0.0396794589688118,0.265586573099521,0.428495839278934,0.599107013166688,0.964909724169235,1931.12309980947,1.0016198225452
"a_canopy",-0.52561396207633,0.0063917064348396,0.263780835030971,-1.06101631738169,-0.699521004189543,-0.519943917419304,-0.353978717718909,-0.0150370294160527,1703.1497590421,1.00239368356642
"a_q",-0.253591221013503,0.00399389130692055,0.236673848032458,-0.74276866142852,-0.406777085509814,-0.243600562659801,-0.0917717471203975,0.184276589135082,3511.62442430002,1.00116557696794
"sigma_conduct",0.561410537435347,0.00250773943945135,0.115485372161455,0.34514049609669,0.48369561667615,0.556035220832217,0.633871521727802,0.804130366367023,2120.74834173061,1.00018180897452
"sigma_depth",0.789755990470908,0.00143169870174332,0.115505831877626,0.595299996149235,0.706483057675422,0.779046525773837,0.858969524294212,1.05069358914457,6508.8544832722,0.999751204052389
"sigma_do",1.02503213826683,0.00129841097046642,0.126877048005878,0.81092167645508,0.934830309236466,1.01473206343987,1.10165255197737,1.30286942845996,9548.64568533303,0.999944360392799
"sigma_thermal",0.709915640202112,0.00135824631867929,0.107725306979881,0.523593631193512,0.633900871700395,0.700824855572301,0.774769475149634,0.941162693018527,6290.40209743101,1.00040562831825
"sigma_canopy",0.571340560229832,0.00255277536929358,0.125788944035721,0.313871204537715,0.488794406484188,0.571652508323682,0.652742520483014,0.824276788909906,2428.06182561465,1.00054296190885
"sigma_q",0.971871886927352,0.00145859402386532,0.126862185159687,0.756802310631017,0.881651826277653,0.959716189990622,1.04830061387782,1.25369710541378,7564.76629849223,0.999757992561071
"beta_burned",-0.661787134210635,0.00979853717589576,0.449019469421343,-1.55640366602582,-0.962034071643966,-0.661564420065669,-0.356398220291859,0.214313992925157,2099.94468638133,1.00338277587106
"beta_wet",1.71910029057302,0.0142633923503371,0.575624711433227,0.644676718617832,1.32572151384627,1.69961696190251,2.0946096105641,2.91884757531255,1628.67039533918,1.00043173704441
"beta_interaction",0.63790487287813,0.00626055159273613,0.414100569265404,-0.154518209366312,0.358750923183368,0.634656579269284,0.923484889494443,1.44137430988349,4375.08462009129,0.999945352611889
"beta_trout",1.50596074693324,0.00760588135866164,0.503553743374175,0.670166349389078,1.14145141023013,1.45334034597106,1.8218106927235,2.63619035310553,4383.21288597025,1.00002752805899
"alpha_trout",-1.26096251048323,0.0170476757026,0.828371323576738,-3.0500674239609,-1.76913612951617,-1.2091595151898,-0.695911915972484,0.23480558994042,2361.12925285855,1.00123994044535
"conduct_hat[1]",-0.536956142875418,0.00271560348696153,0.292943820678002,-1.12602923082093,-0.728577889883764,-0.536011433068814,-0.337589298087808,0.0254125781724539,11636.8642385632,0.999897880149806
"conduct_hat[2]",-0.552258923683162,0.00362593064871154,0.316127109450728,-1.16985877183535,-0.766028303559036,-0.54767666718589,-0.340234217538289,0.0644406365516678,7601.2408564941,0.999993023033718
"conduct_hat[3]",-0.712319326201801,0.00336647298206307,0.304383039950666,-1.32451858275775,-0.910993906415914,-0.706135695679305,-0.502492747142069,-0.12872655046248,8175.05406609176,0.999972967384244
"conduct_hat[4]",-0.126527766170631,0.00318129128333513,0.291045213247655,-0.696148469336623,-0.31930417328276,-0.128568870414871,0.0711311571129079,0.443918277843149,8369.78015702838,1.00053440134299
"conduct_hat[5]",-0.558034068028579,0.00271848564295587,0.292846835707822,-1.13608993127289,-0.7537569120858,-0.556022304875051,-0.360377841279134,0.00856315955298668,11604.5147263469,1.00011082728848
"conduct_hat[6]",-0.413253088799928,0.00287591775100695,0.287355472423533,-0.992290530715709,-0.596071271620068,-0.406035499806703,-0.217664889832381,0.13668314050076,9983.57354991515,0.99968917768937
"conduct_hat[7]",-0.585223035188592,0.00365369471733881,0.31055244203864,-1.20706371584601,-0.788639936509065,-0.58048623346278,-0.372633315849392,0.0133847620969039,7224.45986672548,1.00007914437506
"conduct_hat[8]",-0.852527269241918,0.0038326204447206,0.315566593031453,-1.48154342844167,-1.06629070945262,-0.847759945187912,-0.627511865918492,-0.257068264360876,6779.3868742586,0.999794215068374
"conduct_hat[9]",1.22386062508558,0.00561583264391823,0.365461592440206,0.529973038402949,0.96816531562998,1.21837392870952,1.47595217690051,1.94967324763154,4235.01712192716,1.00001267140709
"conduct_hat[10]",1.0188884286161,0.00351861355676124,0.31639486524858,0.429034718454749,0.798660858584658,1.01464663925082,1.22607982095579,1.66017363645556,8085.66437150385,0.999697125907239
"conduct_hat[11]",0.259942071927874,0.00270155265852371,0.283964772646958,-0.297105009966474,0.0776739276310688,0.257775500877548,0.446865627723436,0.817753335750168,11048.4679260226,0.999912845759207
"conduct_hat[12]",0.759075883436527,0.00263875593549487,0.2986411538455,0.191223626074643,0.556191593038321,0.749183302700283,0.954400842607778,1.36098162744191,12808.5764086052,1.00007320872385
"conduct_hat[13]",1.03587946107474,0.00259329975797654,0.301638425340349,0.442455438140736,0.835045111292753,1.03172391337862,1.22724488448103,1.64625607725478,13529.0683499991,0.999805521613871
"conduct_hat[14]",1.26795906184458,0.00302921195269506,0.318471105900162,0.666538311039722,1.05316534462595,1.25905037228992,1.47524857318477,1.9291017512741,11053.0147194523,1.0001337151904
"conduct_hat[15]",0.188288204988208,0.00325482776554966,0.293775754967716,-0.379908729128956,-0.00692077003327773,0.182786926043026,0.381294385351625,0.774068005040004,8146.59033831717,0.99971467520082
"conduct_hat[16]",0.696363173008004,0.00401946275925311,0.313034249759566,0.0944537666147022,0.489518618258392,0.689543049925511,0.905659199562449,1.32048385639864,6065.23588812673,0.999948744891394
"conduct_hat[17]",1.06791569841427,0.00373165538594208,0.321651494780469,0.459388930766435,0.845831474743623,1.05840043648996,1.28008989878523,1.72906436311127,7429.64541633523,1.00022849957404
"conduct_hat[18]",0.0940631979207395,0.00284102027423493,0.294112732488683,-0.494950861301354,-0.099024122624087,0.0971360443188396,0.284728543867744,0.664120451974911,10717.1420264086,0.999684260253566
"conduct_hat[19]",1.85752254852807,0.00727291982825707,0.431444600670508,1.03957761663952,1.5503500119028,1.85274048451122,2.1522384198244,2.70679821758838,3519.10703499896,1.00001393472569
"conduct_hat[20]",1.23668072547064,0.00362026129862696,0.341922519852142,0.573964728354116,1.00420636404649,1.23152550922655,1.46520908886123,1.92508573250776,8920.22020710884,0.999876581081067
"conduct_hat[21]",0.337131267910164,0.00410431579115234,0.315485441839106,-0.281634358079598,0.128116712915412,0.339930232730297,0.549295335727008,0.959985768964739,5908.49822941581,1.00001333803898
"conduct_hat[22]",-0.590083225732277,0.00292834858228699,0.295146480647407,-1.18438343864818,-0.783061130174962,-0.58790500171589,-0.395191389533815,-0.0207332920753707,10158.5020542616,0.999909768470889
"conduct_hat[23]",-0.284092308979249,0.00485674213057815,0.323455952465325,-0.936720504941629,-0.502206472989124,-0.27903422179613,-0.0605100762836312,0.327940345791093,4435.47570911586,0.999925530666036
"conduct_hat[24]",0.172241173726017,0.00650740734333561,0.357397562477587,-0.527129579887666,-0.0714887501571566,0.166101258074973,0.411559448502881,0.870811000686606,3016.38787435478,1.0001740067476
"conduct_hat[25]",-0.824290549836775,0.00338674170744882,0.307966474542679,-1.43867158529485,-1.0284438563061,-0.81975465896801,-0.605803969155837,-0.243496263207269,8268.80462820739,0.999802227365755
"conduct_hat[26]",0.156656656541017,0.00273577932175661,0.290177468397071,-0.420894625208723,-0.031924289088329,0.159831651310205,0.345742021146775,0.734518630782362,11250.3296912186,0.999682593925524
"conduct_hat[27]",-0.150247989930066,0.00449314886111125,0.311170125802791,-0.769590604332676,-0.35797315161321,-0.150104318689559,0.0558642386283682,0.460116085110702,4796.16567128534,0.999861589737563
"conduct_hat[28]",-1.11353376790365,0.00495135114810129,0.33440904350777,-1.77057316831641,-1.33493023258711,-1.11007283192963,-0.879729246867087,-0.483120806213822,4561.50938199586,1.00009686434893
"conduct_hat[29]",-0.989305353288588,0.00531177679359982,0.345429555115501,-1.6688733881451,-1.21948301357857,-0.986088447852952,-0.75491983059824,-0.328639853853858,4229.0162317272,0.999984533995607
"conduct_hat[30]",0.042199467179463,0.00304663666072563,0.286169834741883,-0.51061982342438,-0.148372447434324,0.0393293362083794,0.227182121353422,0.615695641209397,8822.79885129294,1.00003085446189
"conduct_hat[31]",-0.297538599242752,0.00404023322189613,0.306878690862012,-0.901692765960638,-0.50068080685205,-0.300435689004259,-0.0960871264370678,0.318367676818075,5769.26641970202,0.99997241346482
"conduct_hat[32]",-0.816988611610246,0.00318383124901252,0.301664463175445,-1.43106852762279,-1.01357692019349,-0.807412868338398,-0.607726926372308,-0.26483276772739,8977.35134583588,0.999843838919867
"conduct_hat[33]",-1.07744328627845,0.00511702046300986,0.351416575359771,-1.76558362511215,-1.32142645792956,-1.06932290768709,-0.828825534204798,-0.406189043775622,4716.39507082074,1.00016262381967
"conduct_hat[34]",-1.23054540725824,0.00566816796610981,0.365144698014973,-1.94230778328291,-1.48199939360434,-1.22758452160002,-0.979025415602278,-0.533271062633393,4149.96635056081,0.999859116822208
"conduct_hat[35]",-0.188003044583213,0.00333713785308459,0.294316576403237,-0.764310923241312,-0.386492030067277,-0.188055516469347,0.00611520759061182,0.397631730788903,7778.23663750751,1.00006123639155
"depth_hat[1]",0.432396503290668,0.00260657959668652,0.268581262544414,-0.0718033949135654,0.246709225923497,0.423465777681371,0.605950534384025,0.982379856461242,10617.1863283473,1.00011356561971
"depth_hat[2]",0.439074000839814,0.00297284586064969,0.276403112503315,-0.0803205962955135,0.251946296010925,0.429804626678494,0.6161467452672,1.00922975479937,8644.52380098097,0.999599305565718
"depth_hat[3]",0.565225267478901,0.00279519766491399,0.273113420502002,0.059863164066588,0.378886606144899,0.554442252540314,0.744107921920188,1.12731590764191,9546.87053620338,0.999701633070237
"depth_hat[4]",0.111680462942688,0.00285087000822128,0.255721659557146,-0.393984141746133,-0.0567347390189671,0.110025246546034,0.280106007472061,0.616262866499721,8046.00314802945,1.00022490462632
"depth_hat[5]",0.442630441052937,0.00244185080588426,0.260239213412455,-0.0452514624118447,0.267120138321722,0.433939377603562,0.608245250945625,0.988879284090272,11358.1401727717,0.999743825021484
"depth_hat[6]",0.33742000651302,0.00268238381333034,0.258622846713725,-0.140112251328476,0.164527866997494,0.325269947178378,0.503528804038921,0.871331707453375,9295.91055116141,0.999810292165502
"depth_hat[7]",0.462430691475195,0.0027939713791906,0.269447379120706,-0.050985181024533,0.277827469521101,0.453626421164542,0.63552011059548,1.01648211390293,9300.4512631939,0.9996341983686
"depth_hat[8]",0.685932655714829,0.00379937809652651,0.31437904229682,0.132257612589438,0.461219468859082,0.667101435007905,0.887218084386867,1.35781731061947,6846.7133204885,1.0002618204699
"depth_hat[9]",-0.933255695183555,0.00454087823935377,0.346884190256702,-1.6475149437152,-1.15791810550112,-0.918677894244645,-0.696329679773101,-0.302615707841783,5835.65084986344,1.00020208764574
"depth_hat[10]",-0.780965933584255,0.00384715984231206,0.316907750763065,-1.44235355080574,-0.98509840012226,-0.765468463793381,-0.55727408722296,-0.209119367287877,6785.55321131345,0.999740192161196
"depth_hat[11]",-0.187825518131237,0.00248624919350297,0.253396465305787,-0.70155568008495,-0.349190736348333,-0.180770315988841,-0.0199913568962057,0.297326130946176,10387.518122782,0.999898768695474
"depth_hat[12]",-0.579517842727861,0.00286910179276577,0.291132568599853,-1.18663996391512,-0.765422885206214,-0.564312518096397,-0.380575495089873,-0.0435120077678686,10296.5011061683,0.999977781186308
"depth_hat[13]",-0.791336671828334,0.00314232709008489,0.303846266982588,-1.42180084126771,-0.98687721435646,-0.778525560654073,-0.580824697055599,-0.233282447999046,9349.85834324921,1.00010185317191
"depth_hat[14]",-0.972707349832606,0.00352585565766483,0.332157028252449,-1.67480173750949,-1.18495306956348,-0.955480405613879,-0.746237530968585,-0.364833406759821,8874.78487295708,0.99979213461895
"depth_hat[15]",-0.132903047275965,0.00279057465337855,0.261077765698529,-0.669062526660401,-0.296696655900298,-0.128362887139344,0.039745026690876,0.372682378003477,8752.91042869491,0.99970336542445
"depth_hat[16]",-0.529435206881828,0.00378580406272465,0.293197486995412,-1.13932144742966,-0.720164977620402,-0.513510954566635,-0.330077357633091,0.00377978980253363,5997.96906271545,0.999656635559039
"depth_hat[17]",-0.810533137844591,0.00321153718804558,0.302449775728963,-1.43971439284395,-1.00352835715112,-0.790516779082433,-0.607514622241799,-0.249468891350896,8869.12187954817,1.00048539994277
"depth_hat[18]",-0.0610194234442231,0.00250977057714949,0.258115468103573,-0.588189468484939,-0.225221874227219,-0.058861218974204,0.108351200309389,0.442500126718658,10576.9393830824,0.999750838865198
"depth_hat[19]",-1.4180803852008,0.00544806169807186,0.406641669461831,-2.27008603895633,-1.68415060847667,-1.40287271464483,-1.13498335118894,-0.665158042120128,5571.08423345365,1.00000747939696
"depth_hat[20]",-0.945352844313918,0.00341183285674277,0.337885279911875,-1.6412760736556,-1.1733254855802,-0.925335967579098,-0.707981142597912,-0.336923656235368,9807.60687764503,0.999962306442749
"depth_hat[21]",-0.255669194178528,0.00358164714917078,0.279954003313764,-0.837874753724431,-0.438824562011392,-0.249693191515553,-0.0649385382272842,0.277099213655109,6109.52951852604,0.999937908919682
"depth_hat[22]",0.469224534872298,0.00266793458982124,0.263090588315464,-0.0306573808581241,0.292954628240806,0.464786285613695,0.635743266035896,1.00972358467111,9724.34299531741,0.999785980095962
"depth_hat[23]",0.241699850277062,0.00414479280149785,0.285902087485931,-0.283850156599764,0.0493758907743554,0.227782237564816,0.425353310940316,0.832684537210479,4758.05001220078,0.999858976430407
"depth_hat[24]",-0.113777663803693,0.00519146205273108,0.298223314889036,-0.700072228081974,-0.310888722902219,-0.107243936595693,0.0825090843411746,0.47255116175106,3299.92309585835,1.0000829886671
"depth_hat[25]",0.650370410731533,0.00271980421576989,0.280600229704376,0.139446358688572,0.458015041566149,0.635080478482323,0.826304381713737,1.2515923220076,10643.8993511723,1.00005772639991
"depth_hat[26]",-0.100845328440466,0.00244961909888213,0.253380720344229,-0.588581726825893,-0.265190274606972,-0.102924528586865,0.0654208288519731,0.400144322362328,10699.1681770841,0.999867496881356
"depth_hat[27]",0.136564834853228,0.00371548186803782,0.269157510637311,-0.378265096678775,-0.0421087500384901,0.127695678311386,0.310039095426619,0.681294325354206,5247.86571393424,0.999753690143505
"depth_hat[28]",0.880051041879552,0.00409789657019886,0.323028435377378,0.297080996858726,0.657124933722599,0.858496697568079,1.08664041249719,1.56861638828131,6213.83221419471,0.999759526633673
"depth_hat[29]",0.788824891841566,0.00463437412850798,0.337132198104404,0.17429006132093,0.55627448801435,0.768917941042055,0.999644116238748,1.50791276570637,5291.98107330687,1.0004931135395
"depth_hat[30]",-0.0200816407942644,0.00257538095885849,0.254237382887555,-0.552183250869429,-0.178455754763305,-0.0118731891832676,0.145194180301586,0.475268714650549,9745.31446722176,1.00004194729133
"depth_hat[31]",0.253204592990924,0.00359064601340715,0.274584707254557,-0.2674734103745,0.0657684763449552,0.245642327777692,0.435469729398487,0.806088882270021,5848.00193854216,1.00016932689977
"depth_hat[32]",0.655057797432127,0.0032508492532267,0.296030098995999,0.133403896882592,0.449583266521752,0.636452670091978,0.844163857012563,1.28851958566312,8292.35867460598,0.99971239464591
"depth_hat[33]",0.843811702399795,0.00390974005881546,0.312078559318514,0.281512974454132,0.623112406486738,0.829215578251748,1.04463893196265,1.5097436462288,6371.35929730381,0.99991659079386
"depth_hat[34]",0.97392659263916,0.00484176714484478,0.36018723352518,0.31963761328872,0.719383478136046,0.957827232339759,1.20914946395683,1.72892586074033,5534.12332698769,1.00034553420028
"depth_hat[35]",0.161233734757393,0.0031904596937454,0.260764413894579,-0.343495794799479,-0.0145293419789707,0.155361989802961,0.335508093391799,0.683027498210738,6680.21011133828,1.0000368852577
"do_hat[1]",0.121489993822709,0.00200892227927955,0.210111719619145,-0.271380182295783,-0.0256028987354785,0.114930721315567,0.252491876737123,0.564702790015107,10938.9159137758,0.999651983252513
"do_hat[2]",0.123885288996692,0.00203929403049365,0.211424634854241,-0.267315173888132,-0.0192208030551884,0.116937292717408,0.257569796353382,0.559012789726289,10748.5896353386,0.999627512633832
"do_hat[3]",0.157735678463986,0.00205168441028976,0.217911294195174,-0.24176813207497,0.00941457242700964,0.149841085203496,0.293759057446899,0.615177380692603,11280.7600893026,0.99969402638364
"do_hat[4]",0.0285156534076106,0.00185215477809712,0.191494934156731,-0.338280855481845,-0.0994788310577747,0.0258591172972333,0.153735475789403,0.404213495837764,10689.5648521625,0.999542167453653
"do_hat[5]",0.12544524635806,0.00198250880898153,0.211077317552409,-0.269250838226043,-0.0179341027987233,0.118166928584737,0.261641254001036,0.560237609796334,11335.8184368394,0.999668114811064
"do_hat[6]",0.0938187503330835,0.00196344769215303,0.204286906917908,-0.289438690191722,-0.0454241380791124,0.0879153278515858,0.225158036353763,0.5097671055806,10825.36115466,0.999702701205507
"do_hat[7]",0.127454774341819,0.00198395158477797,0.210160819103274,-0.265639648357358,-0.0132915260023398,0.119576421733527,0.26318698010012,0.557072309317697,11221.2532906375,0.999809954122966
"do_hat[8]",0.19342031862223,0.00231550638449221,0.237115442630152,-0.233602152889829,0.0319481577435543,0.175403709304051,0.339062387452622,0.709084391357105,10486.4312238115,0.999846947077852
"do_hat[9]",-0.277428039674433,0.00308228980334422,0.268234327541936,-0.869475005891032,-0.440812206682537,-0.25625877200133,-0.0919204114662173,0.18229119241126,7573.24093146059,0.999818476086624
"do_hat[10]",-0.233300127230039,0.00301977827213312,0.247066162456666,-0.761441766405135,-0.385092027871415,-0.215745542351941,-0.064971218547543,0.205212960827716,6693.85695345572,0.99991276424539
"do_hat[11]",-0.0605215024635555,0.00191988086873196,0.19335590071677,-0.45827126460159,-0.185372948949451,-0.0563428482343719,0.0697807889520874,0.314078294552911,10142.9970309076,0.99988196152316
"do_hat[12]",-0.176307503828338,0.00256997323026697,0.226666912269427,-0.6625227874922,-0.316549244967886,-0.164954220313547,-0.0194684626665725,0.234415901159464,7778.91557225335,1.00001920087281
"do_hat[13]",-0.236748619652314,0.0028208589009695,0.245858623515805,-0.766282468822472,-0.389692062806871,-0.221224238945333,-0.0662689930447428,0.201602411963195,7596.40594440775,1.0001380863484
"do_hat[14]",-0.291368144984309,0.00339183996649393,0.274503993555287,-0.89392061030386,-0.458218332130208,-0.268797109030449,-0.103631238970365,0.182254362852547,6549.77871687071,1.00007119211616
"do_hat[15]",-0.0480852907041655,0.00197781677358895,0.194710553840188,-0.441141182459216,-0.172027753048559,-0.0445423186116598,0.0806398594738706,0.326312203509596,9691.85421094919,0.999761445623371
"do_hat[16]",-0.167415137823717,0.00275487622642109,0.227701153367623,-0.658511456778236,-0.305595835419723,-0.154938259899816,-0.0126689026450372,0.244002707378627,6831.66053879767,0.999940243579952
"do_hat[17]",-0.24401395902743,0.00292950994401911,0.252121492649905,-0.797209080762235,-0.40031537202147,-0.225414789720697,-0.0707717221321451,0.197409362132735,7406.78581600412,0.999920588006818
"do_hat[18]",-0.0216657962678173,0.00187480269082329,0.193418263641378,-0.410424563344029,-0.148374604337435,-0.0201667397334691,0.107280223235449,0.348841839041541,10643.4843050398,0.999711704395335
"do_hat[19]",-0.420004328802853,0.00404808410556536,0.340128556152823,-1.18297866427397,-0.62733702044367,-0.381348408477923,-0.17699162055075,0.137203217932516,7059.7144767584,0.999958668649772
"do_hat[20]",-0.278348719032111,0.00301758614302311,0.263323565182392,-0.839970081817498,-0.440011041354231,-0.259185597291759,-0.0976447236367975,0.189384855242319,7614.82802176702,0.999829809716038
"do_hat[21]",-0.081840860065039,0.00227606446688885,0.203623880121294,-0.494055593402782,-0.214589901611925,-0.0778144028363714,0.0553390280550878,0.303474234341613,8003.65389591312,0.999830119553383
"do_hat[22]",0.135214486984621,0.00209965899258445,0.214379000351014,-0.258936673952488,-0.0115842424351834,0.126701571696066,0.268339545661275,0.591463104496072,10424.7812416373,0.99967716410492
"do_hat[23]",0.0646442892727618,0.00210994948148352,0.201098825012846,-0.318345854894648,-0.0697442998306281,0.0586065501367317,0.192918486180465,0.47687135485857,9083.9545360012,0.999674430705257
"do_hat[24]",-0.0351191935221739,0.00223202679881592,0.198559900000292,-0.431686652129732,-0.16369842344245,-0.0332270699032605,0.094527031292621,0.351439715673214,7913.78562489297,0.999582779333315
"do_hat[25]",0.187289970117228,0.00225373145492384,0.231810921931963,-0.23342456681211,0.0295697447247052,0.171625646660995,0.332408060182544,0.679537364425358,10579.4589111976,0.999786144856368
"do_hat[26]",-0.0411281371928206,0.00194242640424928,0.1932253300845,-0.432189113572148,-0.167387204439168,-0.0404672285816368,0.0882192466470952,0.333609034377026,9895.52794899326,0.999780225391311
"do_hat[27]",0.0369762962537477,0.00196950315003483,0.195983495321551,-0.340057514960141,-0.0944555006971703,0.0358005378585743,0.163767377658081,0.426331753177138,9902.06193413672,0.999577302406664
"do_hat[28]",0.250135625467301,0.00256721993785068,0.258206870299897,-0.205915076069264,0.072344695738081,0.228439825472856,0.408434646767561,0.81469475545065,10116.014272532,0.999719785607786
"do_hat[29]",0.223379991319186,0.00255624554646069,0.249826310033951,-0.221772087852789,0.0509450516357165,0.205689445935941,0.377145007562419,0.757577817770292,9551.49184965367,0.999914526733942
"do_hat[30]",-0.00881701988743449,0.00187607281580658,0.191935880253048,-0.390879754884638,-0.135615685777713,-0.00743988721188189,0.118914842027403,0.364033305384419,10466.776638326,0.99959597259475
"do_hat[31]",0.0692785920344571,0.00199660150663781,0.200474816895343,-0.314348866424134,-0.0686124810179207,0.0653468394072207,0.20112681171164,0.472901654519413,10081.7717762622,0.999656294536218
"do_hat[32]",0.18672998587672,0.00234087801251997,0.231472129621497,-0.235375497894952,0.0281948136990463,0.174995779910615,0.331855229653734,0.676025479825136,9777.77073376435,0.999615617942793
"do_hat[33]",0.242958585037147,0.00257788184656047,0.257573768565624,-0.209920694611999,0.0634878444276899,0.226092343776596,0.401090023642319,0.801191869927835,9983.37185855914,0.999750389483633
"do_hat[34]",0.278234082668626,0.00286404933422711,0.274673781287488,-0.193028666403707,0.0860473739591823,0.255790687558353,0.443133703561783,0.887186207842779,9197.57681000699,0.999853580522921
"do_hat[35]",0.0434524291905397,0.00187397883318503,0.195337520564616,-0.332665042627524,-0.0876847884102338,0.0417306727193434,0.169815124434664,0.438248660419777,10865.3064388484,0.999550090486199
"thermal_hat[1]",-0.426193349049517,0.00267041767626264,0.273759060714649,-1.00717607240123,-0.600988474774144,-0.415187224668886,-0.238140947830421,0.0785099100964461,10509.416793444,1.00006547913161
"thermal_hat[2]",-0.433645914419119,0.00315797941707072,0.281210866962727,-0.996229574733596,-0.613999114610218,-0.426281654452695,-0.243862108209615,0.106343297790942,7929.49644090079,0.999693396433227
"thermal_hat[3]",-0.569211085204173,0.00284773073810924,0.273001418955916,-1.12472438956328,-0.74719128472698,-0.561470243925366,-0.377919340511561,-0.0684155723600543,9190.34812857929,1.00000553266734
"thermal_hat[4]",-0.0805226340478302,0.00293292771316197,0.264380347328281,-0.604583377630742,-0.253239042287884,-0.0814637339522325,0.0938374109468964,0.44070184722418,8125.60336291847,1.00049965632258
"thermal_hat[5]",-0.442031513058036,0.00253036739453575,0.268646810996516,-1.0022668045445,-0.613482223711058,-0.436087482660674,-0.259316394962095,0.0612524470527273,11271.8762884608,0.999800607490274
"thermal_hat[6]",-0.325739504126319,0.00278268756183167,0.269744080965222,-0.881876278273121,-0.498865144366797,-0.317949297689351,-0.144802320018582,0.180956401699123,9396.69117220972,1.00000281303995
"thermal_hat[7]",-0.46634519854925,0.00311101331179504,0.284532724055424,-1.05305229975649,-0.650294407497849,-0.457232952107473,-0.275083343321706,0.0696071102511887,8364.89905902922,0.99968171907964
"thermal_hat[8]",-0.69392941950425,0.0035727145654678,0.301853285261406,-1.32315782564832,-0.890076019188094,-0.678817677938717,-0.480469724460914,-0.151691304266764,7138.30619224471,1.00030270981052
"thermal_hat[9]",1.05266165750815,0.0047613248451072,0.341682673956139,0.419464365369445,0.814760144408487,1.04566790915863,1.27654288458359,1.74225559473733,5149.79912569872,1.00002209832223
"thermal_hat[10]",0.887076132771171,0.00357571759786338,0.317446883416783,0.301285461807549,0.664460345748619,0.875168901244153,1.09203754388071,1.54327460465775,7881.62398170891,0.999633877295836
"thermal_hat[11]",0.241507501076962,0.00236536171968394,0.257222133630004,-0.257321663725156,0.071589363266869,0.238988477697355,0.410329280053976,0.751771770826622,11825.5553345288,0.999923715961927
"thermal_hat[12]",0.668795194203226,0.00283090098413334,0.292472292841573,0.118959093778323,0.470566793507422,0.655507716712846,0.862344359693291,1.2765403666426,10673.8255556471,0.99982230270728
"thermal_hat[13]",0.896789318041571,0.0027563092398625,0.294344512857977,0.344797082046215,0.69595607587301,0.888691680583096,1.0848957231314,1.50645423317489,11403.9684297916,0.99995019077066
"thermal_hat[14]",1.09698628827889,0.00340705934279215,0.332537610669458,0.493111138442201,0.86867069260693,1.08219983026031,1.30992470955729,1.77700056687706,9526.25380240272,0.999687131278818
"thermal_hat[15]",0.183235583277701,0.00280245713008568,0.264814695677372,-0.329959117325598,0.00628087384370239,0.17912514651608,0.355683445254055,0.720347945395263,8929.06961457383,0.999557009921239
"thermal_hat[16]",0.61890101526965,0.00383804147136381,0.305978439328782,0.0529163144928233,0.407829707072168,0.605363004330179,0.813218446162788,1.25588012382669,6355.68440628058,0.999761990979929
"thermal_hat[17]",0.926238635926665,0.00333942845558371,0.31496106122849,0.335405545774824,0.708714573182672,0.915763721335801,1.12875979472827,1.57895749568325,8895.48113865261,0.999995755279064
"thermal_hat[18]",0.0998450403883963,0.00250175063814084,0.267469488985332,-0.450299730341927,-0.0698751627750711,0.102637009962088,0.275044966542179,0.622304819530329,11430.3744415538,0.999655431324266
"thermal_hat[19]",1.58298048726477,0.00590558796855661,0.408025380345926,0.817147784219613,1.30236266992389,1.57477814490078,1.84811263561799,2.40701226478508,4773.62248464596,1.00007894957685
"thermal_hat[20]",1.05886950552612,0.0027712327048687,0.310842166366815,0.494855857620755,0.842718264393943,1.05038703208343,1.25715609454823,1.71124926090626,12581.5417374689,0.999936712517572
"thermal_hat[21]",0.31727900206691,0.00370289987777245,0.293162985967006,-0.241317699442562,0.11604271788071,0.311865053126652,0.514684466871411,0.90234034389797,6268.07716321825,0.999739646462788
"thermal_hat[22]",-0.471894103519256,0.00274202831844748,0.275216063814009,-1.02320584592317,-0.650556047959083,-0.463551650650237,-0.287658666114015,0.0482595452033151,10074.0403740913,0.99963412838822
"thermal_hat[23]",-0.211063706400546,0.00436268242033166,0.289022115696099,-0.805639164835846,-0.399226889001521,-0.205414085020211,-0.0139674334727728,0.33390961179563,4388.89258525609,1.0000309903903
"thermal_hat[24]",0.167433587546594,0.00559290432972386,0.314023343851121,-0.45256330502331,-0.0386844105401587,0.1638197908195,0.373256157675398,0.80297240191632,3152.45638462385,1.00023071588328
"thermal_hat[25]",-0.663035636064553,0.00277540896531104,0.280642550271901,-1.25318880045262,-0.84220441282445,-0.653368632125922,-0.472113295939772,-0.136378702796295,10224.7585865763,0.999840466998829
"thermal_hat[26]",0.160507309539518,0.00262176265775787,0.264976179417025,-0.351476999537549,-0.0150501785881423,0.157424751308152,0.330960869210852,0.69813600906712,10214.7306876601,0.999969553266621
"thermal_hat[27]",-0.104235714023322,0.0039882106764386,0.282021074259043,-0.682479761093466,-0.280879301086264,-0.104128153262482,0.0849150566364157,0.440089797932405,5000.42527364573,0.999865014900702
"thermal_hat[28]",-0.911843868194663,0.00419865835257275,0.323323136468609,-1.58815737343939,-1.11782900910009,-0.905099813909436,-0.688309041632837,-0.316517097246172,5929.9699379081,0.999912495569679
"thermal_hat[29]",-0.809528956612214,0.00483482926337501,0.331208349225161,-1.49434797294376,-1.01828248851999,-0.795344639480617,-0.580147940791748,-0.200389682735442,4692.88884920465,1.00017969997334
"thermal_hat[30]",0.0625127661334816,0.00262873906368351,0.255978420504486,-0.440565846402822,-0.102780056639459,0.0541327367479241,0.225959520384725,0.585649099403456,9482.2576585998,1.00017876512288
"thermal_hat[31]",-0.22941420771979,0.00369970503197778,0.282425277664677,-0.796720416070007,-0.414441751263169,-0.225824677923248,-0.043482302931366,0.312295287938702,5827.37448769141,1.00020600437892
"thermal_hat[32]",-0.667531726048158,0.00334122835551739,0.298856001818993,-1.28679182047969,-0.859819129844888,-0.655433380700828,-0.461967898797608,-0.123482185708534,8000.39900667908,0.999833891503091
"thermal_hat[33]",-0.883486910012582,0.00439535475610298,0.339667924055672,-1.59075057018871,-1.10263947886343,-0.869762541466544,-0.642441952971657,-0.262406450842911,5972.01936195588,0.999909483674724
"thermal_hat[34]",-1.01166373811372,0.00503160508949017,0.3543060207646,-1.75714568470343,-1.24673769296328,-0.995422045597202,-0.76154538865986,-0.371888836157504,4958.42752049866,1.000145223865
"thermal_hat[35]",-0.126997620732969,0.00329974448857578,0.263986020369023,-0.640654785829733,-0.302532864656263,-0.131099710293353,0.047428037606915,0.402368577913418,6400.31330241758,1.00014580390238
"canopy_hat[1]",0.489907949639334,0.00369213070438827,0.308731708097438,-0.0899733243720233,0.276442976953248,0.48461076371687,0.691043208613692,1.12448982680099,6992.11137535881,1.0000346937138
"canopy_hat[2]",0.504344564079528,0.00450924949706825,0.330893884282028,-0.121212314935078,0.282057207293717,0.489634582515106,0.723916564790473,1.18231682572129,5384.79221682275,0.999851036393155
"canopy_hat[3]",0.646506093654237,0.00274476731884722,0.289544202375945,0.0935690403139163,0.451528580441101,0.640662880145471,0.839423831679277,1.22244537443834,11128.0400134935,0.999985845131955
"canopy_hat[4]",0.0870678204769409,0.00339356186589096,0.292385373179676,-0.479277692572459,-0.108158477512997,0.0815360181798719,0.281362649801799,0.670010276998245,7423.34669250737,0.999922436357003
"canopy_hat[5]",0.503009659516741,0.00306715308654664,0.29393103924178,-0.0702463406303377,0.301783857984138,0.498122325049252,0.698762810623126,1.08915045411908,9183.74876880188,1.00017102063987
"canopy_hat[6]",0.367398330195625,0.00343126905264735,0.292002867393451,-0.175695226030177,0.1706143697193,0.360617223577223,0.558584206862631,0.952169616866146,7242.10280748768,0.999697837478771
"canopy_hat[7]",0.521242371919778,0.00276577525797331,0.29433975230611,-0.0523639107636983,0.325768959070527,0.516226591628804,0.714500755454284,1.11592593933962,11325.6742365502,0.999866233030627
"canopy_hat[8]",0.782922216122438,0.00310489647380843,0.300246396705615,0.230540595188124,0.574141939145518,0.774350867396083,0.976512107007342,1.40356460098688,9351.07111703651,1.00000303560821
"canopy_hat[9]",-1.22827801510601,0.00309997514211677,0.318374270039543,-1.87832113223601,-1.43487115008317,-1.22044524720433,-1.01609241639587,-0.617513104490298,10547.7420835431,0.999970749102898
"canopy_hat[10]",-1.06194985658095,0.00611786245457381,0.367881202579001,-1.80122531254434,-1.31059672534942,-1.04928495913523,-0.801767342504111,-0.3845060188532,3615.89472408446,1.00009357953995
"canopy_hat[11]",-0.304498394220391,0.00292948630703483,0.281712698187782,-0.864936642731243,-0.493809767197809,-0.302532677653835,-0.111613064612337,0.242721205707498,9247.61842747668,1.000229012193
"canopy_hat[12]",-0.799409616683561,0.00399285157398735,0.320264859974926,-1.45665110231249,-1.01229452498464,-0.791988464753543,-0.579988728094109,-0.195436875918731,6433.57319719884,1.00021144909432
"canopy_hat[13]",-1.0676877284251,0.00413940836481099,0.325042536229546,-1.70894579645721,-1.28484957262959,-1.06132493639012,-0.845608213937869,-0.44955796549451,6166.00468214524,1.00040758129583
"canopy_hat[14]",-1.30352735842956,0.00586988427672685,0.374776424089512,-2.05173944807066,-1.56433545381736,-1.29083429928582,-1.04110446604372,-0.597930226701014,4076.48123511901,0.999869682638405
"canopy_hat[15]",-0.237678202967209,0.00354107272616656,0.294080253644663,-0.836783196019195,-0.428783596292779,-0.233444482201213,-0.0369005088100836,0.31754975889713,6897.02874291613,0.999729241512977
"canopy_hat[16]",-0.747278268202415,0.00590645665014213,0.351610154745023,-1.45807903468788,-0.983396665237538,-0.73533271485792,-0.500770313731453,-0.0952323521085501,3543.7965166423,1.00004014921302
"canopy_hat[17]",-1.08830389199862,0.00301189968752968,0.313463821060628,-1.72293816623085,-1.29056704934816,-1.08562215326499,-0.872607509622387,-0.490512487792832,10831.6305790344,0.999877431554356
"canopy_hat[18]",-0.139407619911377,0.00279235875391492,0.289431586577721,-0.705182364738358,-0.327649690754583,-0.138529786893686,0.0513245913186578,0.437426664212869,10743.5898883483,0.999906991914753
"canopy_hat[19]",-1.84677013529677,0.00355497276226974,0.35733926078606,-2.57388414384059,-2.07655465529318,-1.84520158155025,-1.61422605946742,-1.14977589383966,10103.8970895366,1.00004558265544
"canopy_hat[20]",-1.26097305587206,0.00441515298381576,0.357780039520615,-1.97011610416883,-1.50048734653568,-1.25573341778788,-1.01605432959992,-0.559725067343118,6566.60212214354,0.999742072336986
"canopy_hat[21]",-0.393480318917648,0.00481828764324688,0.326940397341913,-1.0549968987502,-0.61563234817895,-0.388021173311492,-0.166893750531712,0.227728027043122,4604.17397953397,0.999781992196172
"canopy_hat[22]",0.54360071051703,0.00397547243159103,0.312195784170406,-0.0572329184151237,0.33237339907874,0.535872917691842,0.748033820874172,1.18772859292222,6167.03731191093,0.999967049123151
"canopy_hat[23]",0.254289973022854,0.00591976661928498,0.341734567793327,-0.347666421207128,0.016369025778888,0.229804858075164,0.472338269020334,0.979066334929574,3332.4884458219,0.999723395678074
"canopy_hat[24]",-0.185137155477379,0.0063755993749077,0.344096417851616,-0.831171161369299,-0.418673186108001,-0.197343562129343,0.0296551199326408,0.535241698758434,2912.85096223838,0.999997961956623
"canopy_hat[25]",0.761548068950835,0.00333371312737975,0.304656916100422,0.192787249638617,0.547053103575139,0.75700811691017,0.964627264201897,1.37210166372634,8351.52206406989,0.999904869267062
"canopy_hat[26]",-0.204264874149938,0.00290629591423804,0.289537708446332,-0.786753074765917,-0.393170376808686,-0.203163562708456,-0.0146518162670549,0.362853034094318,9925.00200043299,0.999695102290347
"canopy_hat[27]",0.121662066207501,0.00503386331539861,0.319811991812354,-0.479419519516566,-0.0980513712333333,0.107721173880888,0.328362410584506,0.791224750648958,4036.32985759741,0.999777740040787
"canopy_hat[28]",1.0348051430513,0.00292820264505784,0.304287395074986,0.462203011217715,0.833560579329277,1.02603026403845,1.23190923244892,1.65516172803425,10798.5555688545,1.00032095751072
"canopy_hat[29]",0.90896944385297,0.00378152312111384,0.3099040623968,0.322651222713538,0.692632766389969,0.898109218752335,1.10864637322252,1.54469082396461,6716.15975912298,0.999975582780207
"canopy_hat[30]",-0.0819503303207895,0.00286875333037623,0.281793225662997,-0.645079075568023,-0.269074157472441,-0.0805659013883632,0.10431330645005,0.465482422206702,9648.83062106837,0.999818883186261
"canopy_hat[31]",0.261532841507866,0.00453690044189667,0.31546470029101,-0.356279009480783,0.0476863261422516,0.259138435968162,0.471522501769017,0.88963622898589,4834.85040704398,0.999755995624492
"canopy_hat[32]",0.753817554050989,0.00317530942370239,0.298513693079985,0.190904944685185,0.552848662717802,0.748014415989787,0.94679934086785,1.36992717343092,8838.04910441152,0.999811779060214
"canopy_hat[33]",0.996918799554911,0.00307012380795916,0.3133407411587,0.404692451977864,0.784372023235282,0.990784388283358,1.19915087534805,1.63466946522646,10416.5032502965,1.00032012877606
"canopy_hat[34]",1.14441427960623,0.00357362077888268,0.318705014254913,0.546410465737855,0.92660850925333,1.13560327812653,1.34932482805579,1.79841107225995,7953.54721216932,1.00014190184114
"canopy_hat[35]",0.14929753012804,0.00389701955527952,0.299624426447923,-0.425174221962045,-0.0522930905958587,0.144733248096681,0.348482969980697,0.738303537334692,5911.38521739875,0.999797017686044
"q_hat[1]",0.257835675733116,0.00215499208954033,0.241424568882991,-0.190965023634821,0.0953886679623101,0.250423208522951,0.405447623809968,0.765080838945944,12550.8046075772,1.00057540898226
"q_hat[2]",0.263021348605064,0.00253560358495901,0.24886154334542,-0.194142652205346,0.094073690208561,0.253119464052885,0.420823517753843,0.786961201179077,9632.80715569454,0.999962830424695
"q_hat[3]",0.348034756127107,0.00307744160248836,0.262530130712073,-0.133197921223979,0.168122378354681,0.336702218139365,0.516428432857477,0.909846350563468,7277.44058726534,1.00057654164093
"q_hat[4]",0.0489151102673658,0.00213617704165136,0.223389340925599,-0.385725241907506,-0.0966451636498424,0.0477458080818751,0.189241291974844,0.508312545555706,10935.7961768918,0.999635155280369
"q_hat[5]",0.267200458878733,0.00237397354740857,0.240797042952545,-0.170841567647599,0.101873554311963,0.25359201032762,0.420855143149664,0.771873163260896,10288.4641334787,1.00007874298106
"q_hat[6]",0.195685213934627,0.00235976587481479,0.232036346686459,-0.231833457457216,0.0377182510052609,0.185197511825833,0.342518591322603,0.691549326941766,9668.83625447738,1.00023534328627
"q_hat[7]",0.281361667594336,0.00288462824516889,0.249034542245908,-0.181502634699747,0.111068385865562,0.271136247532411,0.43882089015529,0.806559284650175,7453.14338892543,1.00010693334122
"q_hat[8]",0.427959075906533,0.00354471043977757,0.298108400180835,-0.0958101992829906,0.224316098209483,0.405773118536231,0.612193264624287,1.06611203318382,7072.72706520092,1.00058313297209
"q_hat[9]",-0.631891052369693,0.00522224986309689,0.36959121962925,-1.40502347122762,-0.865040257212717,-0.610839764637931,-0.375533201120365,0.029413143496269,5008.73432065876,1.00012335532259
"q_hat[10]",-0.522387640166085,0.00342591807185342,0.320576616227475,-1.19368064043412,-0.723478230726583,-0.500945532835121,-0.303634814211531,0.0594481414991305,8756.0802874838,1.00013868836374
"q_hat[11]",-0.135616489572706,0.00222847901047105,0.226296269827773,-0.608782121828276,-0.276643272974099,-0.129679368267471,0.0110842823969343,0.302967592378554,10311.876302278,1.00037369850724
"q_hat[12]",-0.390871622464663,0.00301287326782887,0.276924069035285,-0.97435764538254,-0.566140824772787,-0.372714547388747,-0.201648047613152,0.117605319755614,8448.11234489342,1.00048102117582
"q_hat[13]",-0.527635512414868,0.00346008473283712,0.309686897738621,-1.18010211170955,-0.726908190812837,-0.512969349309676,-0.31491465768977,0.0478850907239595,8010.73185463578,1.00006778765084
"q_hat[14]",-0.645643050860637,0.00398693483992774,0.353157635548954,-1.39802833949696,-0.868364631799579,-0.631870070446438,-0.408270196578482,0.0102246024881128,7846.19188987857,1.00018941463591
"q_hat[15]",-0.0941850037970037,0.00217679660963009,0.221814480798821,-0.552241220202127,-0.233494116856737,-0.0882023636339461,0.0475261312990678,0.332938387004061,10383.5076017824,1.00001411992646
"q_hat[16]",-0.351847737670517,0.0028368509414459,0.267453311482609,-0.923312035093011,-0.518306474705453,-0.338985090759605,-0.169146565915862,0.136235478033758,8888.38637669748,0.99993660953423
"q_hat[17]",-0.54408662620516,0.00405036129117923,0.318498631311329,-1.20648954602342,-0.74335614873847,-0.530835188352616,-0.327650028723965,0.0477409550472967,6183.40386312746,1.0003678350514
"q_hat[18]",-0.0529968130946307,0.00214770299773119,0.225369567941237,-0.506080086721377,-0.201429236600952,-0.0477576752209211,0.0943452422928615,0.386678373104612,11011.3888050425,0.999901130330615
"q_hat[19]",-0.954236983019355,0.00720493346143311,0.489930398950965,-1.96216699397695,-1.26946089185481,-0.934140685496391,-0.614746154373687,-0.058683515630418,4623.90417809836,1.00010912464296
"q_hat[20]",-0.626490297211111,0.00402782622402568,0.34709771196178,-1.35818704114602,-0.848015775518,-0.612609708356317,-0.393302070985616,0.0174220883176712,7426.12151532039,1.00005305171171
"q_hat[21]",-0.181677435219227,0.00275594805001061,0.2478558770646,-0.707947491382372,-0.334812820730852,-0.170096380770394,-0.0138703035389728,0.274021050247414,8088.2839394514,1.00015412547408
"q_hat[22]",0.284513726096732,0.00228857245632846,0.248643887065872,-0.159065587763434,0.113261478483174,0.271302882963772,0.443976805054803,0.81332625266091,11803.9195127458,1.00008951919509
"q_hat[23]",0.125656090554078,0.00253381716852201,0.233739091556747,-0.316631662662507,-0.0302756424325351,0.119403649995486,0.274764009324719,0.610028385462378,8509.65894639681,0.999738984392011
"q_hat[24]",-0.105855548597308,0.00385366470358293,0.252796277385431,-0.635947260696778,-0.259978645565701,-0.0942684165774186,0.06413538923898,0.365360525462914,4303.21948953158,0.999699308911238
"q_hat[25]",0.40377998263737,0.00299198747524383,0.27595151486454,-0.0964147343045813,0.213696330161612,0.388543785210205,0.582528461030442,0.979982972654692,8506.40434361186,1.00018208190742
"q_hat[26]",-0.0839360986999696,0.00225634714173662,0.223373412497699,-0.534781266526987,-0.229547089911149,-0.0783460908264363,0.0644607829917222,0.346634624840079,9800.56523228205,0.999736607416667
"q_hat[27]",0.0615669171695822,0.00262191971095887,0.231701614391929,-0.386419241233096,-0.0915401463619931,0.0585410842410086,0.21281468349301,0.541008388871134,7809.43010974505,0.999932216727911
"q_hat[28]",0.559747199164044,0.00462120717795907,0.33823425839938,-0.0415442271418171,0.325348040068819,0.538320126987275,0.775084374863059,1.27480522282512,5357.03283608467,1.00049470735961
"q_hat[29]",0.498747536280239,0.00448282439241234,0.324241541560168,-0.078231196216359,0.275595715559264,0.480118013996405,0.699448166343099,1.19071388610573,5231.59189485841,1.00073956325186
"q_hat[30]",-0.029995719038075,0.00238715527957565,0.222106697396558,-0.469946104362685,-0.169757548051596,-0.0288804785347082,0.112620688934001,0.407983106165505,8656.8913947627,0.99974355992765
"q_hat[31]",0.143604513372371,0.0025150023331489,0.235381928683279,-0.299801631501702,-0.0148564348707894,0.133339195264971,0.296154821654872,0.628880372869935,8759.30098197968,0.999986741614716
"q_hat[32]",0.403038302440257,0.00326171352064298,0.279228533875309,-0.0909340896339044,0.214896347556269,0.386203421854817,0.572418366479645,1.00286117121961,7328.71721275321,1.00046974210773
"q_hat[33]",0.539518424023224,0.00464615676344907,0.331179258427772,-0.0505328453151088,0.307139699316852,0.518085857284158,0.749753452240501,1.24412369196908,5080.87535300882,1.00061564812951
"q_hat[34]",0.620009450244159,0.00514892502453672,0.36524655792767,-0.0341684169144071,0.367654103233083,0.590518178477858,0.85205042958294,1.38767439486973,5031.98256644113,1.00085019511987
"q_hat[35]",0.0812515856747561,0.00223511153588875,0.224653756603233,-0.351605403226414,-0.066409607454568,0.0786962252642313,0.22645217344398,0.537791935132,10102.5025843271,0.999731377172442
"stream_quality_hat[1]",1.71910029057302,0.0142633923503371,0.575624711433227,0.644676718617832,1.32572151384627,1.69961696190251,2.0946096105641,2.91884757531255,1628.67039533918,1.00043173704441
"stream_quality_hat[2]",1.71910029057302,0.0142633923503371,0.575624711433227,0.644676718617832,1.32572151384627,1.69961696190251,2.0946096105641,2.91884757531255,1628.67039533918,1.00043173704441
"stream_quality_hat[3]",1.71910029057302,0.0142633923503371,0.575624711433227,0.644676718617832,1.32572151384627,1.69961696190251,2.0946096105641,2.91884757531255,1628.67039533918,1.00043173704441
"stream_quality_hat[4]",1.69521802924051,0.0157106390584826,0.661553839146029,0.405637105006327,1.25126967021839,1.68463577465289,2.1378545531322,3.02955130718003,1773.13860721485,1.00146591621616
"stream_quality_hat[5]",1.71910029057302,0.0142633923503371,0.575624711433227,0.644676718617832,1.32572151384627,1.69961696190251,2.0946096105641,2.91884757531255,1628.67039533918,1.00043173704441
"stream_quality_hat[6]",1.69521802924051,0.0157106390584826,0.661553839146029,0.405637105006327,1.25126967021839,1.68463577465289,2.1378545531322,3.02955130718003,1773.13860721485,1.00146591621616
"stream_quality_hat[7]",1.69521802924051,0.0157106390584826,0.661553839146029,0.405637105006327,1.25126967021839,1.68463577465289,2.1378545531322,3.02955130718003,1773.13860721485,1.00146591621616
"stream_quality_hat[8]",1.69521802924051,0.0157106390584826,0.661553839146029,0.405637105006327,1.25126967021839,1.68463577465289,2.1378545531322,3.02955130718003,1773.13860721485,1.00146591621616
"stream_quality_hat[9]",-0.661787134210635,0.00979853717589576,0.449019469421343,-1.55640366602582,-0.962034071643966,-0.661564420065669,-0.356398220291859,0.214313992925157,2099.94468638133,1.00338277587106
"stream_quality_hat[10]",-0.661787134210635,0.00979853717589576,0.449019469421343,-1.55640366602582,-0.962034071643966,-0.661564420065669,-0.356398220291859,0.214313992925157,2099.94468638133,1.00338277587106
"stream_quality_hat[11]",0,NA,0,0,0,0,0,0,NA,NA
"stream_quality_hat[12]",0,NA,0,0,0,0,0,0,NA,NA
"stream_quality_hat[13]",-0.661787134210635,0.00979853717589576,0.449019469421343,-1.55640366602582,-0.962034071643966,-0.661564420065669,-0.356398220291859,0.214313992925157,2099.94468638133,1.00338277587106
"stream_quality_hat[14]",-0.661787134210635,0.00979853717589576,0.449019469421343,-1.55640366602582,-0.962034071643966,-0.661564420065669,-0.356398220291859,0.214313992925157,2099.94468638133,1.00338277587106
"stream_quality_hat[15]",-0.661787134210635,0.00979853717589576,0.449019469421343,-1.55640366602582,-0.962034071643966,-0.661564420065669,-0.356398220291859,0.214313992925157,2099.94468638133,1.00338277587106
"stream_quality_hat[16]",-0.661787134210635,0.00979853717589576,0.449019469421343,-1.55640366602582,-0.962034071643966,-0.661564420065669,-0.356398220291859,0.214313992925157,2099.94468638133,1.00338277587106
"stream_quality_hat[17]",-0.661787134210635,0.00979853717589576,0.449019469421343,-1.55640366602582,-0.962034071643966,-0.661564420065669,-0.356398220291859,0.214313992925157,2099.94468638133,1.00338277587106
"stream_quality_hat[18]",0,NA,0,0,0,0,0,0,NA,NA
"stream_quality_hat[19]",-0.661787134210635,0.00979853717589576,0.449019469421343,-1.55640366602582,-0.962034071643966,-0.661564420065669,-0.356398220291859,0.214313992925157,2099.94468638133,1.00338277587106
"stream_quality_hat[20]",-0.661787134210635,0.00979853717589576,0.449019469421343,-1.55640366602582,-0.962034071643966,-0.661564420065669,-0.356398220291859,0.214313992925157,2099.94468638133,1.00338277587106
"stream_quality_hat[21]",0,NA,0,0,0,0,0,0,NA,NA
"stream_quality_hat[22]",1.71910029057302,0.0142633923503371,0.575624711433227,0.644676718617832,1.32572151384627,1.69961696190251,2.0946096105641,2.91884757531255,1628.67039533918,1.00043173704441
"stream_quality_hat[23]",1.71910029057302,0.0142633923503371,0.575624711433227,0.644676718617832,1.32572151384627,1.69961696190251,2.0946096105641,2.91884757531255,1628.67039533918,1.00043173704441
"stream_quality_hat[24]",1.71910029057302,0.0142633923503371,0.575624711433227,0.644676718617832,1.32572151384627,1.69961696190251,2.0946096105641,2.91884757531255,1628.67039533918,1.00043173704441
"stream_quality_hat[25]",1.71910029057302,0.0142633923503371,0.575624711433227,0.644676718617832,1.32572151384627,1.69961696190251,2.0946096105641,2.91884757531255,1628.67039533918,1.00043173704441
"stream_quality_hat[26]",1.69521802924051,0.0157106390584826,0.661553839146029,0.405637105006327,1.25126967021839,1.68463577465289,2.1378545531322,3.02955130718003,1773.13860721485,1.00146591621616
"stream_quality_hat[27]",1.71910029057302,0.0142633923503371,0.575624711433227,0.644676718617832,1.32572151384627,1.69961696190251,2.0946096105641,2.91884757531255,1628.67039533918,1.00043173704441
"stream_quality_hat[28]",1.71910029057302,0.0142633923503371,0.575624711433227,0.644676718617832,1.32572151384627,1.69961696190251,2.0946096105641,2.91884757531255,1628.67039533918,1.00043173704441
"stream_quality_hat[29]",1.69521802924051,0.0157106390584826,0.661553839146029,0.405637105006327,1.25126967021839,1.68463577465289,2.1378545531322,3.02955130718003,1773.13860721485,1.00146591621616
"stream_quality_hat[30]",1.71910029057302,0.0142633923503371,0.575624711433227,0.644676718617832,1.32572151384627,1.69961696190251,2.0946096105641,2.91884757531255,1628.67039533918,1.00043173704441
"stream_quality_hat[31]",1.69521802924051,0.0157106390584826,0.661553839146029,0.405637105006327,1.25126967021839,1.68463577465289,2.1378545531322,3.02955130718003,1773.13860721485,1.00146591621616
"stream_quality_hat[32]",1.69521802924051,0.0157106390584826,0.661553839146029,0.405637105006327,1.25126967021839,1.68463577465289,2.1378545531322,3.02955130718003,1773.13860721485,1.00146591621616
"stream_quality_hat[33]",1.69521802924051,0.0157106390584826,0.661553839146029,0.405637105006327,1.25126967021839,1.68463577465289,2.1378545531322,3.02955130718003,1773.13860721485,1.00146591621616
"stream_quality_hat[34]",1.69521802924051,0.0157106390584826,0.661553839146029,0.405637105006327,1.25126967021839,1.68463577465289,2.1378545531322,3.02955130718003,1773.13860721485,1.00146591621616
"stream_quality_hat[35]",1.71910029057302,0.0142633923503371,0.575624711433227,0.644676718617832,1.32572151384627,1.69961696190251,2.0946096105641,2.91884757531255,1628.67039533918,1.00043173704441
"stream_quality[1]",1.81348808400808,0.0157469579424248,0.750179413437446,0.466531712138752,1.29476579945718,1.76909601637766,2.29248433118698,3.3940076314135,2269.53533542284,1.00005435287955
"stream_quality[2]",1.83122239688596,0.0155708403704066,0.757155846773117,0.466026925779977,1.30897352291308,1.79128241473156,2.32147488024561,3.41082801087806,2364.53886006535,1.00056142858903
"stream_quality[3]",2.09085198137031,0.013556335369832,0.698086404720371,0.806313900961234,1.61071887168005,2.0579088893592,2.53703552780785,3.55949241530186,2651.75716971018,1.00025407364502
"stream_quality[4]",1.10171886445955,0.0146583163721899,0.711173364585808,-0.204453138729782,0.610179964183248,1.06816112027733,1.55223768150572,2.58882881537829,2353.87167924912,1.00102019849127
"stream_quality[5]",1.83486429256013,0.0143040562504791,0.6998168380292,0.551602458864056,1.35292946136148,1.80549789391649,2.28207560433148,3.30742251843625,2393.59327893735,1.0001807851687
"stream_quality[6]",1.59715726480527,0.0156320805416468,0.735025501445942,0.253730131132629,1.08706425814591,1.5713100711919,2.06762970773623,3.15053545633141,2210.91092671882,1.00059108423895
"stream_quality[7]",1.8681211550466,0.0133370201516795,0.703941058861148,0.540061007939987,1.38317953472099,1.83778836330041,2.32097461627761,3.32737486356425,2785.83236404082,1.00059664866225
"stream_quality[8]",2.33389874362655,0.0150619735689395,0.736877362557761,0.967840742387175,1.82751189974156,2.30578713632901,2.81700396930495,3.85203711234561,2393.46272006925,1.00119424768627
"stream_quality[9]",-1.24947347361098,0.0124556304576895,0.664543887519027,-2.55944675872872,-1.68953264957112,-1.24204536009669,-0.801668196007057,0.028178735194508,2846.53092129072,1.00110716268187
"stream_quality[10]",-0.950541387469627,0.0135230748649561,0.674912414244944,-2.31986230552596,-1.40496227889839,-0.921887385665619,-0.478911905545659,0.299476904003465,2490.82908615706,1.00184009355909
"stream_quality[11]",0.391397878206701,0.00984274402829796,0.561365176031708,-0.690428740691424,0.0106324257386923,0.383052013588133,0.763670581894838,1.5244071857892,3252.80893306298,1.00047748929853
"stream_quality[12]",-0.482115691656017,0.0104919632379341,0.581645467803487,-1.66451053082193,-0.862365968499103,-0.468645750018067,-0.09040168715548,0.631330804405699,3073.28740668212,1.00133063684489
"stream_quality[13]",-0.960424193186161,0.0114644881633414,0.626394754108762,-2.21030147718709,-1.37455440671828,-0.94968122542625,-0.5374866706742,0.267456582481851,2985.2924557005,1.00110188180514
"stream_quality[14]",-1.37575816369106,0.0131882984347931,0.678045856940166,-2.74675477306874,-1.82505578218949,-1.36273544732013,-0.901962740136387,-0.0946938110254262,2643.2643646749,1.00118544694509
"stream_quality[15]",0.503650117390046,0.010360875968178,0.609531146623152,-0.70246290223577,0.0990756450261007,0.49763966404669,0.910662189492071,1.68539574587111,3460.9781372982,1.00061808887476
"stream_quality[16]",-0.396435593469307,0.0125791795106053,0.660645638358865,-1.75074451789409,-0.827578693755415,-0.377832182300725,0.0580887376178754,0.862189126736461,2758.24293646337,1.00164477179107
"stream_quality[17]",-0.99860109015185,0.0113773115926353,0.631095911376156,-2.25773634665326,-1.4048691152327,-1.00329364076751,-0.57003800487501,0.218188010495538,3076.88616058073,1.00161616699753
"stream_quality[18]",0.680436482519774,0.00995518132161608,0.581224673411644,-0.46816071406859,0.285905668983511,0.677727484458638,1.06475151450109,1.80543479258064,3408.70749159658,1.00093037320533
"stream_quality[19]",-2.3419963238517,0.0124622577455361,0.691537227574132,-3.73519519323252,-2.8020715390076,-2.34118509844711,-1.86906011127652,-1.01703378667627,3079.19838783179,1.00242071000493
"stream_quality[20]",-1.30281028349547,0.0126519653658153,0.678387422889139,-2.65051031051755,-1.75207904706091,-1.29395428848223,-0.8450792855783,0.0360310617729543,2875.01150188917,1.00075053822172
"stream_quality[21]",0.237937079347114,0.00996654856063699,0.592946320455668,-0.930379145414977,-0.167313052835462,0.244281828776487,0.638019618945159,1.39377197223805,3539.49401641693,1.00009797531275
"stream_quality[22]",1.9057833981152,0.0155580914238541,0.745356810350168,0.536403846369758,1.38831827011547,1.87024977071138,2.3964895224947,3.48272954395456,2295.17502545174,1.00023567171678
"stream_quality[23]",1.3910525989749,0.0181894761657961,0.798348394654736,-0.0128190135513915,0.831999954012337,1.32409457716133,1.89061882062117,3.10773827626515,1926.39138979841,1.00082681612618
"stream_quality[24]",0.61393520369058,0.0182654563035181,0.787434489536997,-0.788562123644866,0.0653351540097536,0.567723126137161,1.12175191586575,2.30227420117504,1858.52245879645,1.00055205994581
"stream_quality[25]",2.29321426288586,0.0147128261038153,0.721253199942109,0.943753422141837,1.7942905333129,2.26586236306896,2.77294837928387,3.76598320991113,2403.16340561387,1.00035423859367
"stream_quality[26]",0.58731042660789,0.0119283277589447,0.669092294046456,-0.674402563374077,0.128063830118399,0.573572470847485,1.01913740979948,1.97007252635292,3146.39271968562,1.00102782779905
"stream_quality[27]",1.15782945562395,0.0167491034713158,0.758497410487684,-0.222445254710722,0.635954188278014,1.11684955581626,1.63562870775037,2.79182222104532,2050.80833487313,1.00032303262124
"stream_quality[28]",2.77717972598924,0.013785418384602,0.718084930954317,1.47168884952031,2.27527337923023,2.74272881385184,3.24374552944087,4.26486793082935,2713.38689720998,1.00032933589811
"stream_quality[29]",2.55697829289698,0.0151141187325118,0.743055416773818,1.18316730702353,2.044519264133,2.53481663358368,3.03522643801144,4.09278973927211,2417.00055291392,1.00140954505112
"stream_quality[30]",0.802405721154471,0.0131974596131545,0.654653758673223,-0.429027621458329,0.357852283982522,0.775299132221201,1.23244635423526,2.12626507759666,2460.60922639508,1.00068323702546
"stream_quality[31]",1.41107806455816,0.0168065812694499,0.771828817181514,-0.0265379331294062,0.881414272744659,1.38178665849731,1.91490743644183,2.9790693368956,2109.03224208155,1.00084020669121
"stream_quality[32]",2.28191161838092,0.0157071501415101,0.747960177699164,0.876363827818392,1.76033487163318,2.25091407532776,2.76698449775477,3.8207512791432,2267.57762005626,1.00052340311668
"stream_quality[33]",2.70870870828105,0.0139099171000996,0.732127203933371,1.34787479567476,2.19463607612589,2.67261611027277,3.18215107089675,4.25298853772598,2770.28216078085,1.00055825805298
"stream_quality[34]",2.97356215227792,0.0152268872745404,0.75956912514476,1.55034085756101,2.44804917781767,2.93351426614946,3.46869069503186,4.56869289081699,2488.35501390086,1.00045591578475
"stream_quality[35]",1.21014231776893,0.0150554414108054,0.708223850424108,-0.0836413480082248,0.715331590984577,1.17654526454742,1.66141416818389,2.68684138404222,2212.86087406727,1.00078707202466
"trout_logit[1]",1.37907232447656,0.00958077001106442,0.947857434937197,-0.275000602538714,0.739086672681133,1.28888265146516,1.93753198753105,3.4644490621849,9787.80283029943,1.00010385987079
"trout_logit[2]",1.36187984919902,0.00941876469647548,0.923718189220234,-0.336049254653263,0.751579813050392,1.30335038365473,1.9245850824839,3.33628700517997,9618.1400477302,1.00006221831321
"trout_logit[3]",1.82236134467,0.0120671707084925,1.03141492215536,0.101535555972396,1.10610156262335,1.70479905420527,2.40591346639169,4.17585608123685,7305.60029946588,1.00041696956722
"trout_logit[4]",0.333354857801323,0.00845254727338519,0.849038044743908,-1.26929331571795,-0.223474634620752,0.312552539693354,0.853027096137934,2.09569225292276,10089.7193296037,1.0002226131932
"trout_logit[5]",1.42843233915788,0.0101777672516607,0.960428723865204,-0.184092345845527,0.769434607593524,1.33614513798965,1.97614923604281,3.64728799175568,8904.82215381032,1.00017555396001
"trout_logit[6]",1.06502890003754,0.00916065422642202,0.907920284044509,-0.521858847549876,0.462375567512142,0.994331608445814,1.60021368328831,3.0970354110329,9822.9618234412,1.00022910604548
"trout_logit[7]",1.50023647546785,0.0123822282912717,1.01234336912973,-0.212166878031949,0.810473546881943,1.38581520556344,2.08850343634907,3.78392877397655,6684.33290789128,0.999988375459188
"trout_logit[8]",2.18902106085003,0.0139478783773109,1.14446476979415,0.341577786593031,1.37793477045113,2.04362574666251,2.85533668404427,4.82349311669058,6732.6889885369,0.999815858622685
"trout_logit[9]",-3.17552665008604,0.0186811641558985,1.43670808795274,-6.53797584658701,-3.99685234991104,-3.00569387047492,-2.14254024994292,-0.897455345777062,5914.65203659436,0.999713834723568
"trout_logit[10]",-2.6604505431364,0.0156530911238801,1.27573670677972,-5.5757225326012,-3.39782951725101,-2.50546561073841,-1.74760607246654,-0.631620487127126,6642.35184416658,1.00022907638175
"trout_logit[11]",-0.70352286674078,0.00993887011599943,0.895055720574647,-2.6861721634928,-1.22415737031871,-0.619231331370308,-0.115499277587288,0.865535872591323,8110.09823901335,1.00009274565594
"trout_logit[12]",-1.98905204332816,0.0119480664158792,1.1011022637683,-4.46707830980874,-2.64389438841609,-1.86232270757706,-1.21500544706563,-0.181258686448406,8492.97909127527,1.00020869462581
"trout_logit[13]",-2.70300845565103,0.0141729202218686,1.26026428956067,-5.59986969379778,-3.44319756408941,-2.54783177121269,-1.80255321748746,-0.710301862641878,7906.86958691676,0.999939870476445
"trout_logit[14]",-3.29803665296513,0.0169337914387326,1.40828141030056,-6.44937141057493,-4.12301886058799,-3.11985584181782,-2.28793819862615,-1.02856480216972,6916.24676171373,1.00007774052085
"trout_logit[15]",-0.535942994110406,0.0105795746724181,0.908932005419797,-2.52562107798336,-1.07293979106773,-0.468823633405101,0.0668934365334987,1.12478175499548,7381.18984838868,0.999775423296275
"trout_logit[16]",-1.84326443005092,0.0155572255376828,1.15212153091568,-4.46106260126835,-2.51343777244351,-1.69637152278476,-1.03562048207634,0.0411597787005987,5484.44000371172,1.00031521291088
"trout_logit[17]",-2.77729065067274,0.0151644117334783,1.29729434271624,-5.83937936189768,-3.5147101150778,-2.59614076399186,-1.8553930529137,-0.730481813911661,7318.564644155,1.00023790600751
"trout_logit[18]",-0.278570431410162,0.0090719921788193,0.8749801815051,-2.09928715922732,-0.80745316378667,-0.254295167215829,0.281126010337223,1.39469903440879,9302.31621084079,0.99975245260892
"trout_logit[19]",-4.80492335170964,0.0243578862710055,1.88055367000942,-9.07634396109287,-5.93980757727914,-4.57713043671572,-3.44299675178841,-1.83014850302349,5960.63142592247,1.00001836591892
"trout_logit[20]",-3.20462716832088,0.0165668188024296,1.3926320173991,-6.41274789727498,-4.01403407818874,-3.05112902812614,-2.19523476921837,-0.95627480883594,7066.33962474243,0.999761020662646
"trout_logit[21]",-0.856711254306251,0.0118078869452227,0.904919930934277,-2.72963281965446,-1.43427320440825,-0.825361384540071,-0.251964897715675,0.853152922837013,5873.21547878745,0.999774390807992
"trout_logit[22]",1.51942528846561,0.00980463769292515,0.970368478216457,-0.145332302341268,0.85500535530304,1.42820801997265,2.07633511646815,3.68218196174084,9795.13127181299,1.00003801400396
"trout_logit[23]",0.68947492254838,0.0122563285687468,0.902787921081315,-1.04151161632053,0.0988846197513017,0.665053513880597,1.27186824855582,2.53365232817015,5425.63644198574,0.999605501260447
"trout_logit[24]",-0.45731928633998,0.0149027125192751,0.993705540681664,-2.58984070090639,-1.05673341534804,-0.39931890547307,0.20575486740164,1.34938146713938,4446.15680529638,0.999693119134313
"trout_logit[25]",2.11584860875387,0.0119846960345319,1.09883164144464,0.35834354781511,1.33884878445393,1.99061008498269,2.73645759255452,4.66171132188565,8406.36545007707,1.00000794222687
"trout_logit[26]",-0.435372908388674,0.00884528594456615,0.883667937203254,-2.30862541878149,-0.969434535014323,-0.397091197375435,0.139139135491901,1.21607097015741,9980.5492203716,0.99986163498692
"trout_logit[27]",0.354405401282034,0.0108927662336534,0.882568346924087,-1.39977670266547,-0.206922771904348,0.356543992745624,0.920567512689672,2.07230509116281,6564.78229173444,0.99987734179368
"trout_logit[28]",2.85401392784641,0.0164595788149175,1.28636743362387,0.823201925743369,1.93888681224353,2.70025924564969,3.57870485352903,5.91913223880601,6107.91012159683,1.00044803730361
"trout_logit[29]",2.53637392896895,0.0171794752082207,1.25926603503998,0.515405292868318,1.64661791167504,2.38142173623437,3.25130487827029,5.42950036720435,5372.97962091495,0.999803497503518
"trout_logit[30]",-0.0888099456611136,0.00849224920866245,0.827989433703797,-1.77379080193074,-0.606755044685858,-0.0897883064415411,0.4249785272504,1.55639343237568,9506.13830936952,0.999901649910815
"trout_logit[31]",0.776470673470152,0.0109775745491176,0.906235148421556,-0.890148896911443,0.173988125899398,0.729895550277099,1.32806937289913,2.75025228829378,6815.049497615,0.999992145304089
"trout_logit[32]",2.09799252164973,0.0129114835151023,1.10584494872083,0.34522350744935,1.32888461177518,1.95400850196449,2.69837440656908,4.65792615103581,7335.60920567062,1.00026328350993
"trout_logit[33]",2.75870769769373,0.0166115098188399,1.28495114863125,0.707270694508461,1.83961857813815,2.60092605254418,3.49129360126735,5.66960534687311,5983.4961979904,1.0006474802219
"trout_logit[34]",3.15138426805778,0.0188458641922201,1.38773082643245,0.94001459385142,2.17008776068842,2.98593185604934,3.9511586390853,6.33962241048927,5422.23526107343,1.00010971503733
"trout_logit[35]",0.484311350913161,0.0095080888714561,0.864318266903997,-1.14099331990323,-0.0795700397046799,0.451555230440579,1.01638120851125,2.33338811920111,8263.44077047023,0.999727316076975
"conduct_rep[1]",-0.538876566568856,0.00700804978474868,0.645318838670963,-1.82765617641678,-0.955213483428168,-0.545656452386594,-0.119933071253735,0.729700387037207,8479.18928612263,0.999866952531733
"conduct_rep[2]",-0.55709231038996,0.00751280820593309,0.664452583550975,-1.87224021093686,-0.99094628182015,-0.56815665122451,-0.130504676764626,0.795990026106787,7822.10038192169,0.999935292811468
"conduct_rep[3]",-0.709115430981066,0.0073424344126905,0.648005524361409,-1.96899097410567,-1.13539386436944,-0.729218124122627,-0.297178616688966,0.607826027900232,7788.92039079239,0.99982767262462
"conduct_rep[4]",-0.124291472153073,0.00725641126360733,0.639626717595,-1.40385641573243,-0.537050511765166,-0.126113540202896,0.297497136187667,1.11782573743534,7769.79239523951,1.00011091291256
"conduct_rep[5]",-0.558108172206736,0.00681643793923209,0.645257196878356,-1.78396603330373,-0.977537061145599,-0.579555621869342,-0.141209502090042,0.738922678481217,8960.88170861581,1.00010736717114
"conduct_rep[6]",-0.420569715253189,0.00733584480530558,0.646545376072577,-1.74204902676976,-0.841938433083048,-0.410981965121263,0.0144404990484977,0.843142008369774,7767.7949046215,1.00033200723044
"conduct_rep[7]",-0.569116473211825,0.00790073854095899,0.655219116982106,-1.86086591178512,-1.00989939623784,-0.583312208578539,-0.14435150246914,0.764109200940153,6877.61309091134,0.999954598302095
"conduct_rep[8]",-0.862501035032087,0.00720808963472308,0.658262859701574,-2.14629360715913,-1.30014221960158,-0.87000814889032,-0.444277544937474,0.451483714546354,8339.85206684896,0.999854717068672
"conduct_rep[9]",1.21498034074259,0.00881673145461374,0.67822753772302,-0.182227002929914,0.779010844822291,1.23984986833541,1.66237240014411,2.48129383277187,5917.4638364642,0.999765813614201
"conduct_rep[10]",1.01274811308027,0.0070090650376886,0.650984531702953,-0.221280403557389,0.576086872879312,0.995229228602566,1.42874102776416,2.36270767098692,8626.23248857094,0.999861377526205
"conduct_rep[11]",0.25555799959098,0.00705173431863946,0.637266046416004,-1.03051931996411,-0.162327500915186,0.262242593962688,0.670477030180194,1.50359497940022,8166.75781560145,0.999751448429977
"conduct_rep[12]",0.766448093809987,0.00697632837168918,0.651166120869362,-0.493385642168861,0.336833270402628,0.755544307241241,1.18391585654922,2.08479631026673,8712.23868084459,1.00044376700413
"conduct_rep[13]",1.03231197269702,0.00720431769521531,0.653011965858282,-0.258510489628073,0.612636844168021,1.02728019572073,1.45611133253664,2.32518190828465,8215.92690365541,0.999881108601442
"conduct_rep[14]",1.27895230358927,0.00723890816339295,0.661588882034427,0.00144386103567237,0.842791333113196,1.27609906228896,1.70068557535351,2.58456411264745,8352.76499436542,0.999998226149995
"conduct_rep[15]",0.193626566996732,0.00693756892164202,0.65602516916025,-1.09944114271761,-0.235095734560787,0.188651859661115,0.617673204386345,1.49500868842794,8941.8294554947,0.999991777005461
"conduct_rep[16]",0.698013889520904,0.00737792649153487,0.647323631792132,-0.543683194071657,0.265663442440501,0.695003272270328,1.11623758166293,1.99947209782125,7697.93564942282,0.999592414517838
"conduct_rep[17]",1.06763285507337,0.00744830790589692,0.663491813066615,-0.270538835470523,0.643783621519516,1.0760973546116,1.50042271750864,2.37044803072193,7935.16375368934,0.999706115939916
"conduct_rep[18]",0.0928194142735398,0.00693915704766281,0.642226521360859,-1.17112579320442,-0.320175609853447,0.0929857525393088,0.514451391344075,1.37628653038554,8565.70353778802,1.00054512794156
"conduct_rep[19]",1.8593418062675,0.00890158646015564,0.711892959383755,0.363516426959303,1.40480985278984,1.88821041350394,2.3441992414298,3.19187700119175,6395.79546413059,0.999762820869284
"conduct_rep[20]",1.23154937958917,0.00740168154172674,0.663916530077842,-0.10316643885083,0.812023682591166,1.23800451261287,1.6660687626322,2.5376926420025,8045.74330195294,0.999721391874185
"conduct_rep[21]",0.331013331491553,0.00746127972274499,0.656879266504551,-0.906583246474886,-0.109971755483606,0.302419064616872,0.753171778565875,1.69520488764482,7750.76312556141,0.999713610643148
"conduct_rep[22]",-0.576506413512045,0.00702793863054079,0.642147364981524,-1.87324547471993,-0.995397171606253,-0.563526927192468,-0.166091876387326,0.699621330099286,8348.59682938757,0.999872802294154
"conduct_rep[23]",-0.275281319460198,0.00821216163847583,0.663870297918796,-1.61749911416757,-0.70189468525053,-0.264601989666114,0.170098844482549,0.996889775910485,6535.08888627414,0.999771102090466
"conduct_rep[24]",0.162927745395833,0.00913878878852215,0.676272016619604,-1.23737897077036,-0.259041268402745,0.180538485696713,0.602046059594762,1.47639616371372,5476.02666087476,1.00024979261958
"conduct_rep[25]",-0.812969484987226,0.00717321396292895,0.656956889338848,-2.08894487531152,-1.2375474465341,-0.810347283606482,-0.385678358933154,0.493848348118711,8387.76341551406,0.99985019166794
"conduct_rep[26]",0.153627688520141,0.00714563697072458,0.643910745835611,-1.11261088921381,-0.265109700671029,0.150439901250746,0.571512734010038,1.42925851675195,8120.25091079814,0.999788673915878
"conduct_rep[27]",-0.150212623203777,0.00793101021262658,0.654402685698067,-1.50051748010683,-0.563166155084849,-0.140376228802028,0.289834167273835,1.09705586791832,6808.21289534894,1.00004774244991
"conduct_rep[28]",-1.11608572837647,0.00818326240885861,0.657641994047824,-2.37945661462038,-1.55234909017286,-1.12864408470432,-0.695237717146289,0.207516572909847,6458.41754919478,1.00090481835095
"conduct_rep[29]",-0.992554356541067,0.00796974683634934,0.678155804294318,-2.31242126264927,-1.44227935687663,-0.997096300906545,-0.558878207258246,0.393404627620563,7240.52261611529,0.999856803336867
"conduct_rep[30]",0.0480546670710949,0.00724728523543267,0.636217231936762,-1.25470642703859,-0.353096573876084,0.0619040513102892,0.462669360458047,1.30260093666366,7706.55259581038,1.00004737145044
"conduct_rep[31]",-0.295718082500853,0.00748691481947532,0.646343891171866,-1.61451288101109,-0.714850325283062,-0.272697838185178,0.13686123335083,0.93104620832938,7452.83511037924,0.999904993118866
"conduct_rep[32]",-0.812943399683529,0.00714719670959313,0.64559515928873,-2.08650384546793,-1.23262621668536,-0.815720255303643,-0.394386985125789,0.473265953017526,8159.22783462125,0.999992593171115
"conduct_rep[33]",-1.06879339986078,0.00789896791949471,0.663219481428836,-2.32163647770848,-1.52319927073562,-1.08076263926397,-0.644990382385281,0.28188055940213,7049.7521622085,0.999676740173745
"conduct_rep[34]",-1.21926468843897,0.00839840193794771,0.68157248232821,-2.5302184707179,-1.67032570742229,-1.22997924470784,-0.787151259818433,0.160664122454844,6586.13736949446,0.999627140999674
"conduct_rep[35]",-0.183632754169778,0.00698659111391436,0.641295206605757,-1.47830380967005,-0.591937519249851,-0.181403568735112,0.237798978600043,1.0922851379135,8425.29921316493,1.00077544428077
"depth_rep[1]",0.436647328952252,0.00909084507975388,0.853438419754553,-1.27339035236563,-0.115762958726022,0.431335850937613,1.00486891870034,2.10420447597149,8813.24546107723,1.00052965416472
"depth_rep[2]",0.438698145433365,0.00968111339234155,0.853348332000315,-1.24445459498418,-0.120005601872999,0.440984695670313,1.00385179515101,2.13718798549073,7769.66106427935,1.00015865114201
"depth_rep[3]",0.554101260283827,0.00924376332762291,0.836366445135336,-1.09121971258261,-0.0108194153404222,0.554117821033373,1.11154023619603,2.17738860357105,8186.44910850452,1.00032474321818
"depth_rep[4]",0.110625104799406,0.00910678958549295,0.829391439770628,-1.49422447391018,-0.449656189426037,0.0978715947380234,0.66577614663077,1.74632993120967,8294.46717680786,0.999733077809496
"depth_rep[5]",0.447016442936515,0.0090890743892821,0.838289697735857,-1.19725361236771,-0.10853249478969,0.448083133122375,1.00287646404927,2.08712109747995,8506.46152335954,0.999950254006536
"depth_rep[6]",0.345613909629824,0.00943132530543693,0.833612165933892,-1.29276787138249,-0.213946145365517,0.335322288519344,0.907801125798706,1.96014966159529,7812.36703467324,1.00021535509795
"depth_rep[7]",0.460670695245172,0.0092380192932104,0.847299034403543,-1.23756510818656,-0.0918029437186424,0.464734753107755,1.02303177528848,2.14174641707741,8412.31822707698,1.00043427163226
"depth_rep[8]",0.701432235616094,0.010088657321779,0.865434621636151,-1.02672852498584,0.138771120389736,0.718188563576676,1.26822095968201,2.41271608357126,7358.71170533492,0.9999826280999
"depth_rep[9]",-0.928497402297835,0.00967218494925613,0.870548685504862,-2.61259722644098,-1.50486878130411,-0.936177152992707,-0.359205227126454,0.804893351832656,8100.96849811811,1.00021781206961
"depth_rep[10]",-0.786746848599806,0.00996834280161762,0.869909238666036,-2.49959868748886,-1.34414561343338,-0.789299704045618,-0.216347505788497,0.939237691254542,7615.56198497281,0.999708724131588
"depth_rep[11]",-0.170564737306554,0.00910159101976489,0.823179771514924,-1.83065858071274,-0.709908912171781,-0.175377327393572,0.38454231989568,1.44229076132998,8180.02717159266,0.999736015740894
"depth_rep[12]",-0.578990692141851,0.00931500441333714,0.838901691005411,-2.18339154698974,-1.13792892446713,-0.587755812769185,-0.0309401917870326,1.09782383463008,8110.65651801755,1.00015775942802
"depth_rep[13]",-0.785266783719623,0.00942900613683757,0.850855968669368,-2.44779113725502,-1.34637852084287,-0.784206178042382,-0.224701401547518,0.88344632049497,8142.92177347093,0.999779260970531
"depth_rep[14]",-0.990803839140582,0.00924925202080022,0.858476256366044,-2.70348332328504,-1.55275725584331,-0.992491929075389,-0.426248800762812,0.690323784761318,8614.76330991051,0.9999925996335
"depth_rep[15]",-0.12818507630992,0.00949973691120869,0.843669161484549,-1.78487032323496,-0.678122822271337,-0.142110843717843,0.435302774319425,1.49871972525289,7887.16985028032,0.999946932543635
"depth_rep[16]",-0.535305415222476,0.00926373921283303,0.845365549031196,-2.25966056780922,-1.0801952706077,-0.528636514565537,0.024975937996881,1.08462322270716,8327.53466492507,0.999740118324587
"depth_rep[17]",-0.810504557303377,0.0093313739058665,0.838712832206899,-2.42426543832693,-1.38838212218967,-0.817473324584212,-0.252393979285048,0.87084822531089,8078.58672834432,0.999821996774239
"depth_rep[18]",-0.0488585042398228,0.00913779340256823,0.827386860609672,-1.69086072355987,-0.596343194116897,-0.0510996272518033,0.503237547696582,1.57174161472629,8198.5031882216,1.00014987584472
"depth_rep[19]",-1.40928268314973,0.0102788450433203,0.897315340321611,-3.17930971133307,-1.99544584571987,-1.40188105533177,-0.819169451082138,0.366070261938473,7620.81724407471,0.999965610857809
"depth_rep[20]",-0.947641791558759,0.00950230115297687,0.859772949539125,-2.63791259838955,-1.51412005955107,-0.960209159491406,-0.382314439169534,0.773245729525978,8186.72069109065,0.999748503680393
"depth_rep[21]",-0.243825335818517,0.00943433550775123,0.842353002345508,-1.9125548477323,-0.788331201820105,-0.244527376901327,0.300863185465625,1.43166555091926,7971.96939554877,0.999709726019528
"depth_rep[22]",0.464789220482055,0.00956436777292751,0.850031934887281,-1.21279054307333,-0.10387207698817,0.459533905217674,1.02686277027124,2.14308589484723,7898.74237694611,0.999658316230545
"depth_rep[23]",0.242538262342274,0.00944383118369478,0.841442677193428,-1.40701499067139,-0.310057620769763,0.235189777159217,0.803240372013204,1.89561702175238,7938.75940589084,1.00013072086095
"depth_rep[24]",-0.129774265580597,0.0101571597863786,0.843801969075304,-1.74634738925427,-0.696788989644058,-0.138973225795819,0.427397809621414,1.55527752136628,6901.38888193735,1.00066168832564
"depth_rep[25]",0.653157427821835,0.00936457819090107,0.840569012731588,-0.996381458883211,0.103869188085221,0.663141022544382,1.19691497723774,2.31574522145089,8056.94337336694,1.00007189572475
"depth_rep[26]",-0.101631372908356,0.00930685982279156,0.837151295897535,-1.76246820550398,-0.652223346418025,-0.0926050498203405,0.443451393711034,1.55648188110858,8090.98809614215,1.00018708882636
"depth_rep[27]",0.125683939438722,0.00969889634693286,0.841156268911239,-1.50096108807684,-0.430360434197745,0.114669852961703,0.679283779731594,1.8145296955585,7521.57405683501,1.00052220324721
"depth_rep[28]",0.870197808098645,0.0096087505884334,0.870567052545503,-0.83681483160341,0.295166590051897,0.87088101432599,1.4563900016989,2.56270818758287,8208.62871154639,1.00031647656638
"depth_rep[29]",0.794379629678632,0.00986892643804562,0.868695274530477,-0.920185475462282,0.215674775760074,0.80950757561469,1.37460673223776,2.47466764667016,7748.09781080909,1.00007553101619
"depth_rep[30]",-0.00887451679865334,0.00916225737136402,0.84725131976442,-1.72078573017963,-0.555229205420053,-0.0121730571349265,0.547118045884341,1.66033578595727,8551.05173139058,0.999929020822825
"depth_rep[31]",0.262298303568787,0.00955879032659051,0.843469245887183,-1.40032159394406,-0.280737151208768,0.24873238194678,0.813382159576665,1.94673591883863,7786.32690880941,0.999895119326257
"depth_rep[32]",0.649745886788769,0.00946998355240275,0.852881514508994,-1.06634694095704,0.0909943256548783,0.661633417055913,1.21162577514186,2.34155474693046,8111.0850195953,0.999622442120077
"depth_rep[33]",0.838487133464871,0.009536671532957,0.856955464008367,-0.824143763641556,0.271631526153136,0.83212045489556,1.40029592787489,2.54446334737555,8074.63416586569,1.00010744562887
"depth_rep[34]",0.973892801641844,0.0102267858972109,0.882564580369697,-0.766636325483762,0.388958434823811,0.983374052919389,1.55166265230753,2.70153655228799,7447.57114145052,0.999670199126228
"depth_rep[35]",0.165937343638537,0.00913717379252729,0.848484874849991,-1.49725911397364,-0.401078775657354,0.159199537190719,0.733074741523614,1.82106138059672,8623.12018320112,0.999870291659023
"do_rep[1]",0.116813803371483,0.0116684283282019,1.05171610275198,-1.90934189722065,-0.600190769283891,0.118877014793861,0.813092989129846,2.16227093272015,8124.0450110039,0.999846171731439
"do_rep[2]",0.13809465162729,0.0114769081719898,1.03852471073479,-1.92213228700046,-0.556716919951104,0.134925734784563,0.834839256609743,2.18891171473708,8188.11353008504,0.999793472868488
"do_rep[3]",0.164001274917299,0.0116864540220055,1.05166301047699,-1.95638674430109,-0.524630421287213,0.1631965702163,0.858140360107232,2.20070171640107,8098.1849000455,1.00001964831087
"do_rep[4]",0.0266769075136805,0.011819649403944,1.06297700813441,-2.10507824214374,-0.67154575038756,0.0458103820238686,0.730790315239809,2.15003024811902,8087.95176739198,1.00008831453909
"do_rep[5]",0.151009882009131,0.0114162041797887,1.0493915260164,-1.93965594294772,-0.551135043900662,0.135923050054994,0.833682104806808,2.22018922014582,8449.51245835117,1.00000826628796
"do_rep[6]",0.118133382557254,0.0117108481424202,1.05617840735005,-1.90771430710666,-0.599091350235688,0.103877368565562,0.809910018654477,2.24595421645145,8133.88204533085,0.9998375452737
"do_rep[7]",0.124438111158047,0.0116581589344666,1.04996890962929,-1.9305281289692,-0.557957244617767,0.110794131742779,0.808757035346627,2.19191949466818,8111.34615548839,0.999837408029565
"do_rep[8]",0.178224127851932,0.0116812866150588,1.07080497324583,-2.02836716702897,-0.534731802854459,0.193518811910981,0.889210627215407,2.30248622798501,8403.09743099449,0.999807041555909
"do_rep[9]",-0.281472744423126,0.012175491118708,1.07668705799513,-2.42196439366163,-0.993771700922455,-0.283106175282852,0.444125852746505,1.81880785505866,7819.98660382915,1.00000925033876
"do_rep[10]",-0.230178022920813,0.0120289591523362,1.04988736588533,-2.30795389868416,-0.936584513247796,-0.230241097996279,0.462166960078314,1.84472073865296,7617.79565830665,0.999824661653197
"do_rep[11]",-0.0602552013124436,0.0120128570292862,1.05494787134271,-2.1336807636007,-0.760415256500752,-0.0603497536655592,0.645781177569357,2.01275497123976,7712.04195585074,0.999899452640078
"do_rep[12]",-0.182724960708426,0.011763533925897,1.05734595679298,-2.26939537320918,-0.885322251503043,-0.174975044554897,0.533073066314537,1.91675095275912,8079.01843636025,0.999610825265786
"do_rep[13]",-0.235093506605835,0.0118065329086911,1.06358587677838,-2.33866075457569,-0.932481401842275,-0.247400491352494,0.458049265757676,1.86048673016913,8115.22115313158,0.999712704835513
"do_rep[14]",-0.306803752602205,0.0117586430443762,1.06259481806837,-2.40426562556492,-1.02250101026576,-0.30191605358151,0.408194310921446,1.78211761394685,8166.21808381707,0.999951822596645
"do_rep[15]",-0.0458336806847153,0.011884992646692,1.03648395813067,-2.09776483817986,-0.734673438192872,-0.0394417648381943,0.65158212289556,1.96576127438869,7605.49236884047,1.00033592795194
"do_rep[16]",-0.162678638854499,0.0118566439363795,1.04676573515549,-2.22734525732436,-0.85657801521369,-0.168094835852187,0.528296068040474,1.90620194802653,7794.26989572404,1.00030070856985
"do_rep[17]",-0.242399267964938,0.0121389216256694,1.06974187599078,-2.33870284816209,-0.942744538536314,-0.242985707779678,0.469943722588948,1.85314287998587,7766.00702557112,0.999834442612135
"do_rep[18]",-0.0306034592348108,0.0114822195653692,1.04794018672308,-2.09113298047008,-0.725403033180664,-0.0251627003325425,0.670971473884653,2.02286972630426,8329.54532435503,1.0006780176721
"do_rep[19]",-0.429660030880536,0.0121354232551426,1.09566230004818,-2.60192876716724,-1.14500079711044,-0.405827639933623,0.287474849293845,1.70790881305071,8151.61351858616,0.999962303169714
"do_rep[20]",-0.276277296012736,0.012369883886988,1.07212015596561,-2.39613571411061,-0.982434935379536,-0.280543224825123,0.430964169258595,1.84646484405704,7512.00166760832,0.999746298819979
"do_rep[21]",-0.0467482286392332,0.0116442701838613,1.05931544926236,-2.11203385716683,-0.752433188719149,-0.0345954204208351,0.64991149056456,2.10429982988311,8276.1063830042,1.0000212004347
"do_rep[22]",0.123595030892134,0.0115385258101068,1.05006330886722,-1.91842200091461,-0.58529026428743,0.128244161653339,0.83528083752563,2.19180707448044,8281.90635781041,0.999907639012666
"do_rep[23]",0.0548742595919217,0.0117844128105105,1.05797581517869,-1.99526622232457,-0.648541479787145,0.0639342272255358,0.74985286475905,2.18062723362658,8060.01008175611,0.999605837585928
"do_rep[24]",-0.0106555982643924,0.0120148227957706,1.04504140599984,-2.06206853457377,-0.699601542526925,-0.00210539376692179,0.670743793536635,2.04208847016369,7565.40629638842,1.00042549697419
"do_rep[25]",0.198781450736309,0.0117234830825323,1.04982252857869,-1.86385588844444,-0.491808940009678,0.197000448875178,0.881696250805716,2.33410798050199,8018.96751866744,1.00028123902993
"do_rep[26]",-0.0521276612228826,0.0116251903670638,1.0522504480684,-2.10731470409604,-0.73963555135557,-0.064461132850021,0.647569785346847,2.01459899040832,8192.90826182582,1.00036814612206
"do_rep[27]",0.0275262507170027,0.0116726987348972,1.0585810218028,-2.02939314804804,-0.696298846924468,0.0460912891775761,0.725086840479287,2.14414221144147,8224.42706948115,0.999590334133598
"do_rep[28]",0.244843276138525,0.0126272152204927,1.08529591923586,-1.88090203167497,-0.472088518876694,0.238320551845114,0.962108115733845,2.40953684921684,7387.22240919866,1.00005966969245
"do_rep[29]",0.214014652367569,0.0117163934540866,1.06301989762969,-1.91264975719012,-0.479929626726691,0.208916886053225,0.924658631455826,2.33052574228666,8231.80155770047,1.00004751681864
"do_rep[30]",0.0106583653589266,0.0116582663564804,1.05052547517662,-2.06822977757827,-0.706198912364962,0.0293479540383153,0.698377042965757,2.07560082979359,8119.79809136966,1.00013090005044
"do_rep[31]",0.0631841433457265,0.0116169597660883,1.05865942445494,-2.07609825755412,-0.632115881752432,0.0596628647684888,0.761956299232126,2.17268108762198,8304.76916758386,0.999921892598967
"do_rep[32]",0.19940143944856,0.0118472286766036,1.06939749514113,-1.94000687100879,-0.504581884843886,0.197740310327373,0.918969356833528,2.28056415339848,8147.88296718564,1.00061121485115
"do_rep[33]",0.210646233780375,0.0118040869349081,1.0547183786328,-1.84198396942331,-0.509508107456723,0.223951150706468,0.915096069841933,2.23522894541852,7983.77389110222,1.00000146489442
"do_rep[34]",0.269992354425825,0.0125213884773664,1.05847896140755,-1.79376361928336,-0.42308090198081,0.276916589555226,0.960817978968444,2.37322076612631,7145.9419026808,0.9998187297565
"do_rep[35]",0.0412967748255539,0.0117680136910632,1.05063595397544,-1.97433908323529,-0.650436801313285,0.0471491268745374,0.738229104471877,2.13040945575766,7970.73164219838,0.999746007749597
"thermal_rep[1]",-0.414064776549795,0.00857630103646695,0.771587657092985,-1.92472494898099,-0.920259591603771,-0.407584096263255,0.0866502544296004,1.09705614053321,8094.13623552613,1.00000350334405
"thermal_rep[2]",-0.424190993795575,0.00894028802015718,0.778933491850487,-1.97234796037002,-0.939446135419606,-0.419721736571931,0.0959154045511192,1.12184648472702,7590.97803495938,0.999831171755483
"thermal_rep[3]",-0.571899891375473,0.00813695346462976,0.75581861073616,-2.06598409088258,-1.05842125435622,-0.571984557535035,-0.0810658874906293,0.952619329910513,8628.0270580259,0.999829637082582
"thermal_rep[4]",-0.0741724047364877,0.00855769783897088,0.775922193355602,-1.62885064844314,-0.577531955739623,-0.0657160348110236,0.434542872439317,1.47632540427413,8220.9584240347,0.999967018616379
"thermal_rep[5]",-0.435428647897797,0.00858290642049067,0.775769917449795,-1.95717741924248,-0.940822681263369,-0.43745683899239,0.0801747598066853,1.08283168493686,8169.53080014626,0.999744093167657
"thermal_rep[6]",-0.328061932749519,0.0083739847767134,0.770661986676281,-1.84623141500818,-0.845059074421713,-0.328507049551282,0.183830719327992,1.17436893341727,8469.61250565954,1.00037968858926
"thermal_rep[7]",-0.471933056091773,0.00855101959510194,0.769030903236817,-1.96691912328504,-0.983797124906785,-0.468757777138479,0.0392291962315133,1.0681116745419,8088.19812419531,1.00040335853809
"thermal_rep[8]",-0.695807347031258,0.00885408711550616,0.767421275578796,-2.21683640739184,-1.20645408920126,-0.706672282549477,-0.184146646003858,0.819397553890379,7512.42395688289,0.999875968016291
"thermal_rep[9]",1.06015853277369,0.00932809409585464,0.793916200887099,-0.48967610864211,0.525472714520241,1.0560885443317,1.58463190179729,2.61648828291072,7243.75064713675,1.00037474226025
"thermal_rep[10]",0.884271301537318,0.00879553535705446,0.787877152597215,-0.654939328718941,0.352610893158235,0.888766080827137,1.39651454891829,2.44679757419876,8024.02837633139,0.999723961764923
"thermal_rep[11]",0.251921159212612,0.00788417741854918,0.755645317127461,-1.25305825946587,-0.246561856648128,0.252855153141232,0.743773741709878,1.75663138929154,9185.93172532229,1.00051841919274
"thermal_rep[12]",0.660728595453396,0.00836443246773756,0.770379741582422,-0.8708779394974,0.142643264316169,0.667951039421376,1.17322510876096,2.16401974997106,8482.75159053043,1.00007212635605
"thermal_rep[13]",0.902523932785177,0.00856555989003594,0.772897412271456,-0.633833332647055,0.391742921378687,0.893479159840939,1.40944043107999,2.44742380247157,8142.02055577587,0.999726427375194
"thermal_rep[14]",1.10105337861502,0.00892416182315607,0.804394571327051,-0.479444449811867,0.55843896394886,1.09483669256467,1.63480051857413,2.66668605319227,8124.6261882344,0.999997257223876
"thermal_rep[15]",0.175804505612831,0.00826868458196628,0.765936052376569,-1.31449945951151,-0.337445533930473,0.170555410028959,0.674944776888035,1.71076263462849,8580.49164990084,0.999947337975856
"thermal_rep[16]",0.625526310883716,0.00860365131672362,0.78262976845464,-0.938620076939304,0.110212207833684,0.632261228063533,1.14735669360442,2.13664222254241,8274.60217993925,0.999988386940219
"thermal_rep[17]",0.92740975285154,0.00887999893680802,0.781768961906421,-0.597062265559868,0.409128682224051,0.915834385859446,1.43962476753616,2.47820112154681,7750.5231939861,0.99994869212334
"thermal_rep[18]",0.0960018920367229,0.00825749305361735,0.763350717660078,-1.39483339519848,-0.402967959823594,0.0926683087226263,0.591562263536121,1.60982121595781,8545.78185219772,1.00040781945894
"thermal_rep[19]",1.57289560121181,0.00960606760642592,0.830076689488822,-0.0917415690809774,1.02658648199805,1.57520331901669,2.11605887557205,3.20520060503558,7466.98292782541,1.0002356380645
"thermal_rep[20]",1.04970448811414,0.00899013105817586,0.779374983845884,-0.489684440191609,0.537908071802688,1.05623341888076,1.55688334634199,2.59895799749526,7515.55189208855,1.00034717572043
"thermal_rep[21]",0.3196300595724,0.0087964384090838,0.782987746337055,-1.24152207751899,-0.193354969550114,0.317238960379833,0.831547122938124,1.86662127423585,7923.1193598232,0.999815751228908
"thermal_rep[22]",-0.471631084265504,0.0084290459457341,0.766568172889312,-1.98681271338375,-0.979916789003087,-0.471427582139397,0.0352610917532639,1.05001473412153,8270.7467970316,0.999739182321281
"thermal_rep[23]",-0.21615560475837,0.00945832670181417,0.771576048420994,-1.77266577123798,-0.719656991190882,-0.208345217309213,0.298014588012905,1.28038311851022,6654.70569161765,0.999629056489339
"thermal_rep[24]",0.170957172553021,0.0101486925411075,0.791030145924345,-1.41095319560855,-0.341592434866867,0.172027689604871,0.691562526134752,1.73373870664903,6075.27411730892,1.00086896492982
"thermal_rep[25]",-0.663974454179236,0.00880624794965228,0.776218460936809,-2.23206381594289,-1.16541549025593,-0.655100884133721,-0.168748877079972,0.849363435680723,7769.37557928542,0.999812070104787
"thermal_rep[26]",0.157980124747978,0.00827017997089977,0.766482693243019,-1.3570373883613,-0.347663182315825,0.161989975793872,0.660874461977468,1.66613628252426,8589.636494891,0.999684019926619
"thermal_rep[27]",-0.120583201046744,0.00847911785928047,0.76460041226959,-1.66689201137711,-0.619331087489133,-0.116793863132085,0.393055607741987,1.35725550288746,8131.44468012776,0.999821820280426
"thermal_rep[28]",-0.921328076144163,0.00860908338384857,0.793804189600014,-2.41798818428852,-1.45382339755212,-0.92866748865733,-0.393583615000537,0.648985121697626,8501.84034227684,1.00036315499912
"thermal_rep[29]",-0.820062052972982,0.00953487087536899,0.799833788617002,-2.37958847999531,-1.34186097811191,-0.829516028966697,-0.299555606506625,0.760999599625875,7036.71337592777,1.00009054028672
"thermal_rep[30]",0.0568715412741176,0.00819564601187972,0.760580853761669,-1.45659737667234,-0.433358706558302,0.0689824748671168,0.551635502445323,1.55915078636819,8612.40398628507,1.00067228373718
"thermal_rep[31]",-0.220123530895406,0.00876686964777592,0.768627091943949,-1.74472075258806,-0.72481419683234,-0.224166562050838,0.28222490011537,1.315754387296,7686.74152558146,1.00016644143813
"thermal_rep[32]",-0.659902814699204,0.00888975115076878,0.776018212236077,-2.18477225563676,-1.17044595248533,-0.658525176137712,-0.150543233984079,0.88223921501877,7620.1692855043,0.999872733670565
"thermal_rep[33]",-0.884871338080461,0.00903262247708446,0.799372487251178,-2.41608274245003,-1.41939299727233,-0.89577951926983,-0.358112314679369,0.684468666445906,7831.96386767991,1.00013571930909
"thermal_rep[34]",-1.01107486630921,0.00903335599303936,0.79864962425417,-2.53697742557152,-1.53376331761803,-1.02038251662428,-0.501153673008084,0.630357449015727,7816.53599634741,0.999895883731568
"thermal_rep[35]",-0.117994050240754,0.00835772501658299,0.762341857053787,-1.6648796871921,-0.61289097383602,-0.119700442768886,0.389308020626286,1.37860504093924,8320.00094212315,0.999900087398986
"canopy_rep[1]",0.481437493602687,0.0075488901299548,0.66227675265344,-0.897020979205336,0.0555987666478733,0.501625322385057,0.922414119402199,1.73875108134564,7696.84626745766,0.999828386417539
"canopy_rep[2]",0.489796743479756,0.00738857831557857,0.669742020909534,-0.900505171289107,0.0604235051649562,0.508315138085874,0.944368805668652,1.73923895376961,8216.62250142438,0.99988451232239
"canopy_rep[3]",0.646639361468685,0.00741816467495604,0.652365400492241,-0.639962929601102,0.225635876420649,0.646654849740808,1.0753024362402,1.91318339424976,7733.72809077455,0.999805582518132
"canopy_rep[4]",0.0882488108152906,0.00723614389217969,0.650317997856566,-1.25477647836985,-0.324709500244413,0.106742474436449,0.516927627320375,1.3406811099162,8076.75963327026,0.999945549683351
"canopy_rep[5]",0.505960184323588,0.00724317937336695,0.657798107073978,-0.806534801271943,0.0863026696377632,0.518855681613649,0.924882237288156,1.80336674897914,8247.58420024288,1.00020558544908
"canopy_rep[6]",0.363955751392805,0.00746851468134287,0.654690425163565,-0.96392046275347,-0.0529540318563769,0.37665135976302,0.796830178928643,1.62784717148372,7684.28565173509,1.00023671045625
"canopy_rep[7]",0.514311363268344,0.00716590534477968,0.656255256664177,-0.791997705058048,0.0937534512978455,0.517845596092122,0.938932161664888,1.82058910150424,8386.93845096593,0.999659798980277
"canopy_rep[8]",0.786396918594705,0.00723361677015097,0.660913187612474,-0.47985188567785,0.355166433570543,0.768046458661363,1.20856462106578,2.10649321064891,8347.91161644658,0.999865450504048
"canopy_rep[9]",-1.22674977990492,0.00764874543483344,0.667604120585141,-2.5911479865969,-1.65850356427824,-1.21293860397911,-0.784071284084621,0.0647552339225614,7618.29179849484,0.99984637062021
"canopy_rep[10]",-1.06305036954324,0.00895049379936089,0.694591811074248,-2.34176571838655,-1.54085942881385,-1.08941549528355,-0.623399062899777,0.389155878679417,6022.34076366367,1.00026144762684
"canopy_rep[11]",-0.304134685245141,0.0072201977232356,0.651234034741524,-1.56444894435363,-0.74068630844312,-0.31032772703603,0.107487033936079,1.03907157495007,8135.34542152846,1.00006179385572
"canopy_rep[12]",-0.794645325706233,0.0074897949887336,0.659229674090756,-2.09795509180861,-1.22152813115071,-0.803287028901478,-0.375198231793959,0.531183860500501,7747.00142157205,1.00002827847743
"canopy_rep[13]",-1.06728003354388,0.00804054273093763,0.672299326632138,-2.35012633373868,-1.51805256069726,-1.08820978582162,-0.635943348464224,0.308653659280264,6991.24664500708,0.999933506122177
"canopy_rep[14]",-1.31238977094783,0.0088604870420989,0.694953670977746,-2.62699455413155,-1.78259193610506,-1.33006497480021,-0.860184747873347,0.0793700849817267,6151.71939262519,0.999679550423637
"canopy_rep[15]",-0.24390052111109,0.00734286700047701,0.642007846132212,-1.49842520534704,-0.665874482055487,-0.245177761341257,0.165360872487224,1.04380048294487,7644.50461915024,1.00053836647099
"canopy_rep[16]",-0.753320706708274,0.00877904752936277,0.683584618812633,-2.0290288401367,-1.22611459721474,-0.781759166398073,-0.312811467353931,0.669892117228466,6063.03065175885,0.999833139188659
"canopy_rep[17]",-1.09240912028616,0.0069741145485979,0.660457470668713,-2.39676011797802,-1.51637598308869,-1.08619398402377,-0.65803874706102,0.225332342593188,8968.32961056758,0.999762463138764
"canopy_rep[18]",-0.131295021210515,0.00691915634757666,0.651936202855501,-1.4324587774699,-0.554092899816155,-0.134087030766131,0.292089306983824,1.17573022632825,8877.77039931291,0.999984732326893
"canopy_rep[19]",-1.84093646669367,0.00737754587215006,0.688316812003803,-3.18134420121426,-2.29185112891097,-1.85785092721114,-1.39517154967732,-0.466523890589424,8704.68214700881,0.999986316099636
"canopy_rep[20]",-1.25938523929368,0.00774782660580281,0.682636553220662,-2.55926751772847,-1.71114755898412,-1.27332097443761,-0.826750414715844,0.131866897294343,7762.81603069472,1.0000136698227
"canopy_rep[21]",-0.392922403860345,0.00853686145564144,0.670905128433407,-1.68198876183573,-0.837249203325071,-0.404031092323266,0.0483358819812665,0.962019884982393,6176.26265350544,0.999699625633299
"canopy_rep[22]",0.537769510602587,0.00755171364382897,0.663991553821859,-0.818637346639287,0.122652917603945,0.540925996126259,0.975948412676454,1.79573936823502,7730.971695135,0.999815526422709
"canopy_rep[23]",0.25216118447745,0.00859686694251721,0.672786897195514,-1.13191557308387,-0.18943788286952,0.262517342981331,0.721806992382344,1.5144580145423,6124.55641726318,0.999737106461053
"canopy_rep[24]",-0.186290193580973,0.00896464564977444,0.686298102290496,-1.62347952162831,-0.625868003424949,-0.156053018395752,0.280890698303558,1.07729564143617,5860.83291962902,0.999700179279038
"canopy_rep[25]",0.770345974139688,0.00738848930818435,0.660893249663716,-0.561335608243208,0.343302495010787,0.775490936842581,1.2064268299268,2.05442824902865,8001.13012729344,1.00049302608264
"canopy_rep[26]",-0.20568644348877,0.00744829553657539,0.652397218931742,-1.5034900961423,-0.631404193641855,-0.216931687266631,0.211430371320686,1.13577933950979,7672.03192249724,0.99993080740232
"canopy_rep[27]",0.122907988541459,0.00793849054963658,0.662444999639983,-1.21139333637535,-0.317452898470263,0.146856294543649,0.573907867627321,1.39155147305018,6963.43920429253,0.999821360635104
"canopy_rep[28]",1.03174041865549,0.00711203240103018,0.650874784709246,-0.248650217511874,0.609862205508565,1.03251677244768,1.4606804545001,2.32181820462159,8375.43632103491,1.00028419795729
"canopy_rep[29]",0.912458584321855,0.00733180607985869,0.658291211201594,-0.37825082000357,0.470619004087139,0.899028428871068,1.34551218605049,2.21977657454665,8061.4687419176,0.999777039234002
"canopy_rep[30]",-0.0765076044896786,0.00709279784747487,0.654769198164475,-1.40820069224743,-0.500732115283409,-0.0685131843962858,0.356076539975571,1.1924172575528,8521.9958372744,0.999769286441643
"canopy_rep[31]",0.257164253741335,0.00789829666471949,0.678023200990215,-1.10609464940642,-0.1820655054228,0.278048618116375,0.711446976519781,1.54552357980109,7369.23194375737,0.999634370838271
"canopy_rep[32]",0.748473354661022,0.00738290067657778,0.66119750548726,-0.586033228091757,0.320907834961546,0.74766639424565,1.18044523442676,2.02281411945587,8020.62776291589,0.999934191803653
"canopy_rep[33]",0.994068972049422,0.0073699387890193,0.659899513749294,-0.285338865649068,0.560271249720073,0.983906095627608,1.41733152019314,2.32908815987409,8017.29483493391,0.999946337252192
"canopy_rep[34]",1.14935976857366,0.00726567765127097,0.669102580129309,-0.149603207757999,0.714424603564166,1.13727144415336,1.58544402691754,2.48275181206568,8480.72844088979,0.999665154763796
"canopy_rep[35]",0.148830688762913,0.00737449852255498,0.658985702906428,-1.20323830596279,-0.271004740207697,0.156751628554791,0.585003818782002,1.41877140956435,7985.22207928775,0.999587966732115
"q_rep[1]",0.257210556711615,0.0114349536778602,1.00237505161128,-1.72234880632796,-0.405515674113572,0.267925729047213,0.928004886233365,2.19637215358442,7684.07647330079,0.999974862618111
"q_rep[2]",0.260058195094005,0.0110784722394812,1.01181617403793,-1.73920259128673,-0.405917166251477,0.253244315206654,0.920168417279015,2.26832639900305,8341.48719086019,0.999514443632842
"q_rep[3]",0.371565518324877,0.0111023554725777,1.01495542692778,-1.68326903998555,-0.297085020927651,0.375997498288598,1.03782804047698,2.38866861242422,8357.25557118445,0.999835925166554
"q_rep[4]",0.0444913083381339,0.0110904388149387,0.992236197924652,-1.88188984388822,-0.625418759917851,0.035911537511725,0.706176808990463,2.0345618709275,8004.47168535317,0.999890052929108
"q_rep[5]",0.271381969531031,0.011339398620902,1.01653175747256,-1.69495101174197,-0.407646640918928,0.277593339646339,0.92993166677105,2.28586966585154,8036.40576983803,0.999670793100853
"q_rep[6]",0.201088746073921,0.0111424223385865,1.00216401863147,-1.77443287148826,-0.468873618560179,0.201250811796093,0.855063709706899,2.17742795481142,8089.43854912777,1.00120369324081
"q_rep[7]",0.296214822724986,0.0112342962864701,0.993500478503582,-1.67186729030083,-0.373041613176601,0.2982762512967,0.95542768547681,2.2143503144078,7820.67816430336,0.999687197767029
"q_rep[8]",0.412014493063692,0.0113838396037329,1.01990892523457,-1.56981908944813,-0.2601822379334,0.400600449222917,1.09332402983563,2.39143311601181,8026.8518739169,1.00000493996954
"q_rep[9]",-0.641739717879497,0.0121150953477844,1.05813692896847,-2.6857023295732,-1.34002498004026,-0.649590343009828,0.0595928347065649,1.39763571325268,7628.34050147274,0.999643671831274
"q_rep[10]",-0.532689344852747,0.01152727007468,1.03516600138476,-2.61759554412817,-1.21094070498669,-0.528729896497506,0.149976890979914,1.50682027056497,8064.30718625928,0.999865663735584
"q_rep[11]",-0.136420251791161,0.0112336596124837,1.00494795209525,-2.10247380899952,-0.79849092699937,-0.138614609362791,0.522475289971444,1.86523251250604,8002.84892268912,0.999900055646404
"q_rep[12]",-0.369290671064858,0.0113446311200817,1.02019102125088,-2.3976025775152,-1.04462741646341,-0.364767433193737,0.30599872082799,1.63088075638185,8086.90303723238,1.00066959755162
"q_rep[13]",-0.516250252094051,0.0111241403111882,1.02351882077081,-2.53523909788449,-1.19070806858242,-0.505187307251301,0.148502050151545,1.50614126557249,8465.61960343292,1.00006452384643
"q_rep[14]",-0.643513273979582,0.012008504115844,1.05585739326425,-2.71069310167775,-1.34174520996437,-0.654962702124658,0.0623709698816148,1.42508907310939,7730.94721466698,1.00004380891138
"q_rep[15]",-0.107851887784369,0.0113903007484936,1.00170210051781,-2.05456028451843,-0.788439795559262,-0.115242393413038,0.558635029253145,1.86128083473497,7734.04663253563,1.00009887270758
"q_rep[16]",-0.351301333306877,0.0114264327636634,1.0060736524547,-2.37931139075916,-1.02678298722595,-0.341325285780652,0.322855021688052,1.58941379112753,7752.43644124288,1.00003252130383
"q_rep[17]",-0.543311236468942,0.0113761637294536,1.03244548438804,-2.59173048123423,-1.22264284123559,-0.536553938754626,0.157019065245614,1.52092396763694,8236.49786894414,0.999608650876725
"q_rep[18]",-0.0487162976936882,0.0112860773683349,1.00466333776444,-2.01151719124658,-0.711489021466404,-0.0439873439364925,0.603012606987078,1.92837470334006,7924.19332247659,1.0001556795566
"q_rep[19]",-0.964711020003167,0.0128052714295574,1.09690462383239,-3.14713755642237,-1.68669797068757,-0.966703410789335,-0.245705436784777,1.21408880153082,7337.70347350137,1.00055803808829
"q_rep[20]",-0.631468763310083,0.0115163051038474,1.02639478378383,-2.65045813341103,-1.30856889295249,-0.633500726208658,0.0354432968253199,1.42637476314324,7943.32895209229,1.00010886451566
"q_rep[21]",-0.167046667378251,0.0115052239420498,1.003715450656,-2.14164379753167,-0.830978107102961,-0.167520610033565,0.497398909314719,1.77808481820317,7610.81326199473,0.999709211367787
"q_rep[22]",0.282886396920592,0.0115496827763705,1.01257605831904,-1.67345575376869,-0.364577410847285,0.278028049771063,0.959614999060127,2.24292567318013,7686.26222901282,0.999805423194217
"q_rep[23]",0.128304712895188,0.0112237138007849,1.00561440562219,-1.82406211771368,-0.539106369464806,0.117326156525343,0.781865426965572,2.15452819936684,8027.67541848414,0.999967207768905
"q_rep[24]",-0.0946097299117536,0.0118838689334669,1.00488463556059,-2.01791600367741,-0.767846391274053,-0.107473383155462,0.559551524766518,1.92717463766559,7150.17556120681,1.00019195954236
"q_rep[25]",0.414036122410788,0.0113869527533908,1.00673527489407,-1.55384641583729,-0.252114821682234,0.403956138780052,1.06697308472749,2.42432311750335,7816.55764047615,1.0004507294321
"q_rep[26]",-0.0717431787423015,0.0114071043121361,1.00447441035807,-2.02702601368453,-0.743448113511953,-0.0616797448842593,0.606064971381863,1.86736590548883,7754.02021058554,0.999924660178316
"q_rep[27]",0.0674095937188927,0.01112504605992,0.99676212141344,-1.89370659845241,-0.588551231859362,0.0890668876735076,0.73336778657832,2.04218271049611,8027.48339723513,1.00035217699854
"q_rep[28]",0.571342258474409,0.0122271853666205,1.04686239811275,-1.51316562197355,-0.124280328874502,0.579665399092397,1.27933852639596,2.59262468569529,7330.37528209693,0.999769353188384
"q_rep[29]",0.508049008423415,0.011361017211421,1.02996715716718,-1.50655214340663,-0.17637428098959,0.515021514426635,1.19825214450062,2.5215698465538,8218.873902644,0.999900366630547
"q_rep[30]",-0.0141407974723546,0.0111855794680206,1.00477755723658,-2.00673978905517,-0.672903250343586,-0.0147109528862889,0.645391445338984,1.93582290394401,8069.05873908092,0.999802945101897
"q_rep[31]",0.156423801089037,0.0113838165222217,1.00870356107438,-1.81127642529191,-0.524058275247528,0.158003635630195,0.819666719586803,2.15042351392642,7851.47646527654,0.999867339047781
"q_rep[32]",0.399873893830165,0.0111715993939435,1.00098130507971,-1.55569077943277,-0.278611576352227,0.391833307196742,1.04953872657501,2.40244129262864,8028.25623443384,1.00030125484619
"q_rep[33]",0.527884186795336,0.0113919986124524,1.03445133061487,-1.46970089880168,-0.187526989163386,0.539712735647652,1.23274193023098,2.5262920216909,8245.56231868304,0.999730024624134
"q_rep[34]",0.654317053358877,0.0122375097018413,1.05651534144318,-1.41234923273922,-0.0411361959818637,0.654008389235651,1.35019546098654,2.73855700913414,7453.59029894568,1.00012537810815
"q_rep[35]",0.084877712133611,0.0113414627976001,1.00469717082361,-1.84564872979276,-0.587562333296568,0.0832577534474682,0.734030683965755,2.09715319097884,7847.51606678224,0.999777025592686
"trout_rep[1]",0.755375,0.00460045878699726,0.429891509818223,0,1,1,1,1,8732.03458656369,0.999982293837131
"trout_rep[2]",0.769625,0.0047049730598383,0.421099186582724,0,1,1,1,1,8010.40589818001,1.00032532692266
"trout_rep[3]",0.821625,0.00418399340391697,0.382852035824767,0,1,1,1,1,8372.97779039637,1.00015700829089
"trout_rep[4]",0.566625,0.00550980859439559,0.49557220296446,0,0,1,1,1,8089.85714498662,1.00030598245485
"trout_rep[5]",0.7665,0.00475248167543973,0.423084063769382,0,1,1,1,1,7925.24017304673,1.00036800850263
"trout_rep[6]",0.721875,0.0049744287572157,0.448103318385376,0,0,1,1,1,8114.65180742434,0.999781203163868
"trout_rep[7]",0.777375,0.00461662455341423,0.416034547805977,0,1,1,1,1,8121.00314059957,0.999693757093812
"trout_rep[8]",0.86375,0.00399609851668967,0.343075283401837,0,1,1,1,1,7370.6618751579,1.00033882581262
"trout_rep[9]",0.0818749999999999,0.00327022058145441,0.27419132368704,0,0,0,0,1,7029.96756660251,0.999854163594352
"trout_rep[10]",0.101374999999999,0.00341799676718012,0.30184349928774,0,0,0,0,1,7798.66668161149,0.999647138166052
"trout_rep[11]",0.358125,0.00538830471992336,0.479479115189298,0,0,0,1,1,7918.35729841418,1.00046472031253
"trout_rep[12]",0.162125,0.0041573842505061,0.368588478602234,0,0,0,0,1,7860.37342621365,0.999911537585048
"trout_rep[13]",0.1035,0.00344295684764329,0.304629857234531,0,0,0,0,1,7828.55802486423,0.999709212256582
"trout_rep[14]",0.0687500000000001,0.00279766255150504,0.253044346765914,0,0,0,0,1,8180.92891993377,0.999840684691023
"trout_rep[15]",0.386625,0.00557614418905359,0.487006936649323,0,0,0,1,1,7627.85280026125,1.00029298706121
"trout_rep[16]",0.182125,0.00457776988972811,0.38597163903359,0,0,0,0,1,7108.90763897011,1.00011521711156
"trout_rep[17]",0.0977499999999998,0.00334623702024146,0.296994887574524,0,0,0,0,1,7877.42991162579,1.00005192273371
"trout_rep[18]",0.437875,0.00548992654734384,0.496156483160266,0,0,0,1,1,8167.78455078644,1.0000167502252
"trout_rep[19]",0.0282500000000001,0.0018752242073207,0.165696618617203,0,0,0,0,1,7807.65995356316,1.00036813326385
"trout_rep[20]",0.075625,0.00293009068829818,0.264413688563652,0,0,0,0,1,8143.39956879154,1.00013957454701
"trout_rep[21]",0.3205,0.00531524797916663,0.466697949290514,0,0,0,1,1,7709.47355485517,0.999984032234698
"trout_rep[22]",0.785875,0.00452539537616617,0.410239590288616,0,1,1,1,1,8217.92327013262,0.999588502428968
"trout_rep[23]",0.648375,0.00556592686490231,0.477507446062473,0,0,1,1,1,7360.12695202126,0.999951022362191
"trout_rep[24]",0.409,0.00582143572523524,0.491679996188923,0,0,0,1,1,7133.5361362345,0.999622170494854
"trout_rep[25]",0.856625,0.00389750752082635,0.350476766163517,0,1,1,1,1,8086.20118027454,0.999974413868213
"trout_rep[26]",0.40625,0.00545735529590724,0.491163000068795,0,0,0,1,1,8100.03375607192,0.999965273270591
"trout_rep[27]",0.578375,0.00574911149256246,0.493850023140319,0,0,1,1,1,7378.85022029362,1.00010397544604
"trout_rep[28]",0.9085,0.00329931131993287,0.288336855548804,0,1,1,1,1,7637.54393807448,0.999824645646965
"trout_rep[29]",0.886875,0.00376791106375461,0.316765334134917,0,1,1,1,1,7067.63330408605,1.00010723871275
"trout_rep[30]",0.481625,0.00549092592472908,0.499693477115075,0,0,0,1,1,8281.6370031012,0.999820812388038
"trout_rep[31]",0.657,0.00526360229501955,0.474741163579244,0,0,1,1,1,8134.81432228149,1.00095985030724
"trout_rep[32]",0.852999999999999,0.00400820910704413,0.354128050053211,0,1,1,1,1,7805.84485469572,1.00106526332802
"trout_rep[33]",0.9005,0.00347060012102295,0.299350883360834,0,1,1,1,1,7439.64020789032,0.999911233932687
"trout_rep[34]",0.9335,0.0029278074637314,0.24916964239016,0,1,1,1,1,7242.77894869491,1.00028498292632
"trout_rep[35]",0.594125,0.00564789865733141,0.491091265147161,0,0,1,1,1,7560.50192620232,0.999585409372946
"log_lik[1]",-5.26952349008852,0.0112680764328878,0.710768696104527,-7.04043736724709,-5.57408754098941,-5.15036059918676,-4.80528516415575,-4.25578424192526,3978.844953758,1.0013171057254
"log_lik[2]",-8.18322776102057,0.01207163060298,0.901731624438784,-10.2376799482333,-8.69418528584709,-8.08442468228884,-7.56085001959942,-6.70218059871865,5579.85260861303,1.00023752925092
"log_lik[3]",-5.03248214928058,0.0107388914855552,0.698078799617717,-6.77774861997389,-5.33031367827859,-4.92128926173757,-4.58542097496755,-4.0256752138061,4225.61562575433,1.0006654703548
"log_lik[4]",-6.25895127822017,0.0114036064725825,0.775979742922673,-8.25758820924161,-6.60406317485182,-6.12222951083334,-5.75114356886591,-5.13701925259129,4630.3767047819,1.00034569390251
"log_lik[5]",-5.86547204135199,0.0108659125720005,0.727274779238295,-7.63184767267293,-6.23493025093714,-5.77248960764952,-5.36631577377772,-4.73085391203113,4479.86205867528,1.00128262782889
"log_lik[6]",-6.12335385265995,0.0112028215829279,0.718083760753585,-7.88452205184332,-6.44486705539483,-6.01023106650385,-5.65445591328437,-5.05586721557004,4108.61428666436,1.00062788187343
"log_lik[7]",-8.48278105251011,0.0129533839013756,0.928584651602109,-10.6163968923082,-8.99521614782548,-8.37738585168823,-7.85356764413131,-6.97768357938536,5138.97527407921,1.00041860498404
"log_lik[8]",-7.7120975363387,0.0128563808140588,1.04097542792669,-10.0732869196131,-8.31487782757299,-7.60292407889857,-6.97881936800439,-5.97967219231132,6556.06876764284,1.0000604932139
"log_lik[9]",-6.00417997815754,0.0171353289963637,0.984281651230922,-8.21768896700361,-6.56798617966747,-5.892909578028,-5.31300297352081,-4.41698802932588,3299.5436936744,1.00083991396888
"log_lik[10]",-7.23058565722113,0.011693830605811,0.913466368616155,-9.24338672126165,-7.75172430910094,-7.15102769256803,-6.6000939160443,-5.70531020101168,6101.99051082343,0.999901776925723
"log_lik[11]",-6.06492335228884,0.0114386599325085,0.756226303654164,-7.95291376479205,-6.41274799519339,-5.95378556415291,-5.56324433632991,-4.94449165956805,4370.72277451348,1.00017247270483
"log_lik[12]",-5.284334547142,0.0112543585249005,0.753423008204204,-7.19777887020462,-5.62012871772883,-5.16388814767757,-4.7851632949755,-4.17901826066874,4481.63274845756,1.00106138430597
"log_lik[13]",-5.23677816500706,0.0108812826900012,0.746924089095373,-7.08157565200223,-5.60234616165107,-5.13263695584004,-4.72744710216441,-4.11167511056827,4711.86399007689,1.00074142551966
"log_lik[14]",-5.77058445423937,0.0117644624186129,0.900146425736463,-7.88978417972113,-6.23417142549842,-5.65426232531592,-5.16294902370551,-4.38043694958769,5854.3967257679,1.00035608831522
"log_lik[15]",-8.09422185198434,0.0134402782515053,1.04014863681941,-10.6502785995427,-8.59573800120554,-7.93129683327638,-7.38432213717803,-6.56395590051898,5989.27547269067,0.999789491325465
"log_lik[16]",-10.1909324283498,0.0152515253256497,1.19563382181489,-12.8080644686349,-10.9436055793246,-10.0954192801621,-9.3612409024376,-8.10642004400938,6145.67830009691,1.00001893348436
"log_lik[17]",-5.36148079022927,0.0111714076679032,0.785936789209047,-7.27035749781506,-5.72806106678018,-5.25426666524439,-4.83429284385452,-4.19267205998763,4949.47842841424,1.00044204225366
"log_lik[18]",-7.33028456322229,0.013793019724521,0.953578691786196,-9.67200251220924,-7.80021357098167,-7.18639425294843,-6.6884937785497,-5.90002415555042,4779.63091378716,1.00060309456701
"log_lik[19]",-8.38311213589924,0.0215059874650999,1.69886037731237,-12.2451225821541,-9.38097664969336,-8.2253529127212,-7.18459615151186,-5.54121780252256,6240.17254047665,0.9996505506125
"log_lik[20]",-10.2846700683158,0.0203656131119209,1.44621813221483,-13.3877177491014,-11.174165699748,-10.1859611125333,-9.25672452986376,-7.71445026474574,5042.81024205188,1.00011746043611
"log_lik[21]",-8.42730706700685,0.0121541171680717,0.888042337985958,-10.4160940683129,-8.91156635918717,-8.34317027552359,-7.8307609661294,-6.96774506683011,5338.51547102658,1.00043838504625
"log_lik[22]",-6.08605850576689,0.0111823956931638,0.761959713004448,-7.96426541746108,-6.46680680491394,-5.97941234847225,-5.57594549938494,-4.91523940363095,4642.95321374279,1.00030810798185
"log_lik[23]",-8.80362882400865,0.0140074712520138,0.943787783799683,-10.9197805880504,-9.34593152375406,-8.70261248420238,-8.16028623117923,-7.21667551708493,4539.72163327037,1.00001386262384
"log_lik[24]",-8.13976588790011,0.019832992312106,1.21381617140785,-10.8279771756945,-8.84246054940296,-8.03909258383412,-7.3003694795832,-6.09864608379371,3745.66860890197,1.00018968563692
"log_lik[25]",-5.34510555494137,0.0108127807791244,0.749294781606257,-7.17657516658674,-5.70054216962431,-5.22756915071252,-4.84597989727934,-4.22707701664669,4802.09358867163,1.00033368482821
"log_lik[26]",-10.0709244701274,0.0150774369575942,1.21653691784698,-12.8662210861922,-10.7509704666911,-9.93295525919184,-9.22304139159763,-8.08926524393638,6510.21817516948,1.00025214905739
"log_lik[27]",-6.68835591007159,0.0122723546148573,0.836139467229664,-8.70246780701728,-7.09302126533357,-6.56597801730073,-6.13965624179477,-5.44609232750979,4641.96279098654,1.00040798890307
"log_lik[28]",-5.72704156552934,0.0162331486784866,1.00357186863641,-8.15450875450322,-6.25275420785598,-5.58706615283714,-5.0293522383204,-4.18600398967171,3822.00653510194,1.00036587969201
"log_lik[29]",-8.39990040878732,0.0197052180522311,1.24373392677057,-11.1189034642362,-9.15844826163614,-8.26449665466401,-7.5143595847656,-6.31467359168237,3983.75363242997,1.00051334526788
"log_lik[30]",-6.5240391328361,0.0111928224302702,0.839849790826591,-8.61024844853106,-6.89141334541657,-6.38565635862405,-5.98117123714239,-5.29841206407636,5630.20241801275,1.00063972579427
"log_lik[31]",-6.65951624833752,0.0128754782380392,0.816947124896776,-8.62422675288976,-7.06841900777497,-6.55384999205262,-6.11588972494255,-5.38982984416691,4025.88309064459,0.999964398257963
"log_lik[32]",-6.29513977259383,0.0108312077527036,0.813642718745755,-8.27184785173499,-6.69821411749498,-6.17647929634909,-5.7519145302825,-5.06165662309005,5643.04758458132,1.00013988875147
"log_lik[33]",-7.48560765247571,0.0156077279037026,1.12743756400277,-10.0844373771304,-8.12002269684364,-7.35651195012651,-6.69970853164314,-5.6566723896113,5218.01869455522,1.00024663782304
"log_lik[34]",-6.67247409284583,0.0216249976420627,1.25366731719888,-9.52696724164218,-7.40477818214307,-6.5192480957729,-5.77033094817318,-4.71597856498183,3360.87585409711,0.999860843907099
"log_lik[35]",-7.69838256445273,0.0126822266576668,0.952677452493228,-9.85210519011425,-8.21855928644013,-7.58319441317402,-7.04750273789958,-6.17863072439247,5642.87918449355,1.00052708272849
"lp__",-81.4574497130998,0.175878221432459,7.16929308503599,-96.104365316767,-86.1137616506963,-81.2346243681826,-76.5619372219219,-67.8893345887853,1661.6078665079,1.00022857825338
