"","mean","se_mean","sd","2.5%","25%","50%","75%","97.5%","n_eff","Rhat"
"stream_quality_raw[1]",-0.31692333058054,0.00710455323047426,0.318202539759142,-0.953208151552958,-0.523552142307984,-0.313108278952184,-0.0963355588926793,0.284247260187848,2006.01297760184,1.00081157285116
"stream_quality_raw[2]",0.229267305874756,0.00786333477968088,0.429586289922315,-0.597314384893153,-0.047626379530428,0.227203629220984,0.514057411767227,1.08047660962962,2984.60796089947,1.00132253463206
"stream_quality_raw[3]",0.905631415564527,0.00807779654588059,0.278261479009992,0.362911620522902,0.717083163096814,0.903931651738156,1.08759032190566,1.46359186686003,1186.64375329161,1.00138971486231
"stream_quality_raw[4]",-0.412125058410466,0.00808358080196287,0.430468350872839,-1.27931166889795,-0.694834412211712,-0.398780400800311,-0.118452988279672,0.419115848363464,2835.79534619908,0.999921987906892
"stream_quality_raw[5]",-0.187744650820447,0.0071262072770085,0.307680730121049,-0.798108669414817,-0.392370660343634,-0.182418693470124,0.025082922595345,0.39344282894777,1864.16218629572,1.00096314724983
"stream_quality_raw[6]",-1.07597430268222,0.00813871038717863,0.459176039971953,-1.97311729100018,-1.38808835542562,-1.0776247159046,-0.768940210739647,-0.163843640277248,3183.07775445805,1.00037058160713
"stream_quality_raw[7]",-0.301057923521954,0.00803646682156556,0.45287316869426,-1.21756518875231,-0.590951401987195,-0.28903699483439,0.000463641489175661,0.56404224974389,3175.57862191923,1.00079904816523
"stream_quality_raw[8]",0.173799854992815,0.00916435675072286,0.431179397069683,-0.677111427484238,-0.119429740531217,0.169415029757279,0.461266066226138,1.02831316978886,2213.66565788643,1.00132505833171
"stream_quality_raw[9]",-0.411068409572712,0.00938036747787943,0.445275753017638,-1.29776924369841,-0.703089443923105,-0.397181309043681,-0.10782959925702,0.433395385178264,2253.29674297354,1.00219140655195
"stream_quality_raw[10]",-0.483170044418375,0.0073809011325496,0.432725902721046,-1.35467782076707,-0.765638559928342,-0.478196651703949,-0.188654882004956,0.339445695466138,3437.21746020949,1.00104451167259
"stream_quality_raw[11]",-0.698664027015964,0.00801098581462533,0.447128548492776,-1.61899707542997,-0.988209189835777,-0.686374827551866,-0.391363424110296,0.150798437721125,3115.24978121687,1.00104884481997
"stream_quality_raw[12]",0.739989533986449,0.00776434476307795,0.427561503806832,-0.094948497764575,0.445497758506821,0.743902865942429,1.02864901487465,1.57874670667052,3032.40754964484,1.00077712869461
"stream_quality_raw[13]",0.21396619627743,0.00790934507322879,0.443208168253809,-0.68252973346518,-0.0769774540532973,0.220799820864387,0.514017091850576,1.07135773798864,3140.03482249282,1.00106539614465
"stream_quality_raw[14]",-0.665826658854615,0.00791844045825166,0.442292232693031,-1.54798795178682,-0.957181195090557,-0.661658250436022,-0.3693982216611,0.198368697831361,3119.89023125327,1.00073266450898
"stream_quality_raw[15]",0.365301153533876,0.00938562486154062,0.439933243038646,-0.489692342355754,0.0654589327309855,0.352050832281923,0.661264089139757,1.24795439885756,2197.08660807303,1.00166887631752
"stream_quality_raw[16]",-2.04082224487243,0.00944965622533472,0.507626081941359,-3.07567071066301,-2.37236106268669,-2.03508852148108,-1.69627318431188,-1.06417793607211,2885.7309515929,1.00039252050549
"stream_quality_raw[17]",-0.91605389985034,0.00811835581224501,0.461680455942153,-1.81539548374566,-1.2248426419813,-0.915139964569595,-0.610008230647599,0.0109033119546688,3234.05064749971,1.00001761370726
"stream_quality_raw[18]",0.28851146885827,0.00938381728198909,0.393899864252072,-0.504570170622985,0.0309501974919085,0.301886209218622,0.552716850460416,1.03971623501295,1762.02707217702,1.00239143938465
"stream_quality_raw[19]",0.399790736222572,0.0072612291501173,0.268050615168854,-0.122934986659527,0.219325321417243,0.397507274757895,0.58135227752187,0.928311804135252,1362.74102862798,1.00150631728781
"stream_quality_raw[20]",-0.3724097111001,0.00788256726320226,0.420279064447168,-1.20807500762573,-0.656089646410608,-0.375062775708484,-0.0956981478788755,0.470174900002125,2842.75965348456,1.00064763416496
"stream_quality_raw[21]",-1.16555091746906,0.00785314683201392,0.448654720659279,-2.05221516208246,-1.46262869880152,-1.16740486308686,-0.852137894730723,-0.312317494275982,3263.90153169,1.00009264680041
"stream_quality_raw[22]",1.12683243749652,0.00858703966026914,0.293273539971841,0.564872728496596,0.929113808065483,1.12441743278154,1.31648775215123,1.72286215775558,1166.43038761871,1.00147181282833
"stream_quality_raw[23]",-0.402436280527242,0.00833128378200224,0.442002998849238,-1.28056945482692,-0.697967998945982,-0.399005564625891,-0.106490762572055,0.462653245435866,2814.66411568347,0.999981202244404
"stream_quality_raw[24]",-0.585137406675861,0.00798340685473877,0.425494411288529,-1.40643073377064,-0.872569519719544,-0.580024725061428,-0.307233485470152,0.277009384584759,2840.60727614008,1.00127148339555
"stream_quality_raw[25]",1.05582412547802,0.0084509057267621,0.288969977372057,0.493117292124178,0.859613719178604,1.05298473152917,1.24486075694481,1.64061303336486,1169.22726453652,1.00146072309048
"stream_quality_raw[26]",1.20198217550618,0.00879065114712238,0.318250170300623,0.586508471466251,0.983438486093838,1.19954954059928,1.41883788704144,1.82924491415658,1310.67555073467,1.0004404067505
"stream_quality_raw[27]",-0.691209331849108,0.00760933240504471,0.365909653730266,-1.43431649947947,-0.928969187845242,-0.679590120092793,-0.436558846553222,-0.0161083272395652,2312.3556050325,1.00083128081472
"stream_quality_raw[28]",-0.362130422840315,0.00820273494347743,0.390466985878396,-1.13803221929447,-0.621835980340149,-0.355925734182063,-0.092795495838224,0.380335893222631,2265.9550128812,1.00002177647962
"stream_quality_raw[29]",1.15224081230189,0.00873455677333491,0.317164651057398,0.53917381748983,0.935226766900023,1.15338492088982,1.3623578175701,1.77856374450572,1318.52330935142,1.00035033474886
"stream_quality_raw[30]",1.14359811330504,0.00865558855510613,0.316343485213442,0.53236666988348,0.928849377615415,1.13962729275044,1.3573867084947,1.76773614407968,1335.74815211562,1.00026050089147
"stream_quality_raw[31]",1.63545097101852,0.00970015120181363,0.346432253042052,0.966292461119905,1.39871931862307,1.63543648339349,1.86642473699176,2.32492149487203,1275.49755002977,1.00071491831073
"stream_quality_raw[32]",-0.300873309605222,0.00713996374021733,0.319623304448519,-0.931156171610599,-0.515073812423689,-0.29681731288243,-0.0767505539572988,0.303515934721791,2003.94068144499,1.00091198984873
"beta_conduct",-0.823564741632867,0.00318961142315801,0.129745696906325,-1.1119055854068,-0.902366363873165,-0.813135729409297,-0.734172983068614,-0.595332458195995,1654.66610313509,1.00051221914408
"beta_depth",0.57012561474934,0.00252640054113515,0.135336238379186,0.326030545862558,0.477633613058379,0.563173462241772,0.653134471468612,0.856653636361924,2869.61603960999,1.00027314568611
"beta_do",0.166627067895531,0.00162665076808112,0.118371555404048,0.00795712092776731,0.0735698521369669,0.146504866779441,0.236694742886825,0.443411949224769,5295.4889164983,0.999751513854366
"beta_thermal",-0.626479977966106,0.00271395593011247,0.142166631368353,-0.942515921545956,-0.711333536627295,-0.616094332210136,-0.530347115906099,-0.371407053540335,2744.03573948941,0.9998331571326
"beta_canopy",0.681480170161379,0.00277552833621155,0.141542762501308,0.429909211768318,0.584979171563975,0.67032691556566,0.769803853402711,0.989778265674258,2600.66255092889,1.00121879275955
"beta_q",0.456870942188025,0.00260308375456749,0.160781599260797,0.159404999566277,0.349222767801698,0.451962120678019,0.562121482179495,0.79138428704307,3815.01636040571,1.00040531577078
"a_conduct",0.346821824701424,0.00771368116092137,0.251539943830869,-0.147385393825874,0.180547049474163,0.345792455038634,0.508527294287841,0.863029293376669,1063.38505374912,1.00466699410073
"a_depth",-0.246266806188271,0.00556027212661264,0.217838911081209,-0.692288815039668,-0.386920681556883,-0.240857953528833,-0.101257919520894,0.168794444062442,1534.89552817994,1.00347535584047
"a_do",-0.0125712131183215,0.00291218992818425,0.191134139457802,-0.403799758150728,-0.134599673884187,-0.009614017420086,0.112759466642359,0.361170351143904,4307.61757374594,1.00078960482884
"a_thermal",0.331987657031902,0.0061774081004012,0.229996394721588,-0.104386871863663,0.177365961232538,0.323395794907987,0.479781785310343,0.798749213906874,1386.21141309774,1.00291391751037
"a_canopy",-0.332424564857934,0.00646194195055014,0.238749080064307,-0.817380876960344,-0.483932197678056,-0.331533122208847,-0.172120856318644,0.132009206603838,1365.07750212238,1.00316644485772
"a_q",-0.149376553839603,0.00462427727667063,0.223238322311678,-0.604886958271973,-0.295546084071278,-0.145866902683384,0.00205498717378875,0.278212045863057,2330.50353563915,1.00171145917554
"sigma_conduct",0.412947912605646,0.00176526909941126,0.0907736859488193,0.259974805982396,0.3482466036044,0.405410786502469,0.469183756550767,0.614609440335098,2644.22315125285,1.00022488527537
"sigma_depth",0.71226606780327,0.00124057658176381,0.0970267820419668,0.553005845179396,0.643723811322887,0.702316744794994,0.770336676481442,0.924275732270926,6116.96644785511,1.00059488244293
"sigma_do",0.984774044154283,0.0015579264681268,0.126499995788562,0.774460763740113,0.896229041468051,0.9727478443847,1.05860272727091,1.26573708727323,6593.06125332126,1.00034714666781
"sigma_thermal",0.708124705669366,0.00130440964983819,0.0984675202795522,0.543993232582581,0.638688340304943,0.698216121936148,0.766366565443398,0.927613272909662,5698.46645848872,0.999644138478924
"sigma_canopy",0.693569262260931,0.00151322488060447,0.107357336819956,0.511959615226398,0.619033125027757,0.68284952028309,0.756903951748716,0.932264999828493,5033.34283382458,0.999843230013506
"sigma_q",0.914582790990626,0.00147928667266746,0.122367865487786,0.710923554838303,0.828366874222339,0.899803189917414,0.986310577675551,1.19142803894428,6842.74064985972,1.00028237482756
"beta_burned",-0.33316660889533,0.00746773134108325,0.296582640018556,-0.913679424635652,-0.536723300036488,-0.329280097014388,-0.126478574773662,0.232294873233883,1577.29919856932,1.00192223367379
"beta_wet",0.957166625459561,0.00833201774982571,0.329169732306001,0.315374721033707,0.729928579815484,0.955866450323445,1.17545567848211,1.60565935096069,1560.77182165746,1.00141035535675
"beta_trout_presence",1.98874911297307,0.00860166044007712,0.60449831859031,0.92064827383012,1.56925398814771,1.95550217085724,2.378913910448,3.27732569158166,4938.84737976842,1.00055826623102
"alpha_trout_presence",-1.17429282041027,0.0183131427091116,0.767792400123884,-2.77060454829936,-1.64662773727261,-1.13824495975756,-0.665130676265042,0.211028462340441,1757.76923278585,1.0014047159408
"beta_trout_abundance",2.40915028152354,0.0102050798755031,0.439956751530159,1.68498557469481,2.0965081808755,2.35969158669731,2.67198140164102,3.406102534184,1858.60523834793,1.00074399835447
"alpha_trout_abundance",-0.407434014590601,0.0230836642417084,0.846845925850268,-2.14966084616487,-0.948097177329066,-0.370248124922605,0.168191805212293,1.15156411473062,1345.85820798314,1.00195244632766
"conduct_hat[1]",-0.168308691095728,0.00210927617742593,0.191454553383248,-0.518392663469087,-0.300428199253162,-0.175789626600618,-0.0454383856216365,0.236911474552841,8238.81031386965,0.999753030932299
"conduct_hat[2]",-0.615770396292605,0.00390905987453123,0.310809763901052,-1.22163889967399,-0.823794266843429,-0.624315301225065,-0.409278376609613,0.00494299291441738,6321.8569120638,1.00014417713421
"conduct_hat[3]",-1.16031591412267,0.0016296522302259,0.14256368230801,-1.429932223615,-1.25435098644165,-1.16202540282375,-1.0719937052468,-0.869660084911074,7652.93347277083,0.999775178887632
"conduct_hat[4]",0.176791991095974,0.00280878286120567,0.278512784669034,-0.363024099627282,-0.00828542062312754,0.171040594634897,0.356846023164285,0.733057337845822,9832.27321762384,0.999762777755795
"conduct_hat[5]",-0.274188735967538,0.0021101670310808,0.181937710103772,-0.605219930513306,-0.401570434335372,-0.281125395967246,-0.16086079512179,0.107245323071668,7433.81556303746,0.999947711938764
"conduct_hat[6]",1.49282546465714,0.00403276330419207,0.322067705375874,0.840015216274119,1.27775117716671,1.4994566614706,1.70803380826079,2.11302600809159,6378.0642955617,1.00006698348254
"conduct_hat[7]",0.855291102901126,0.00354119750576832,0.308228841479779,0.267218952188045,0.644059098744012,0.846489155012062,1.05753055587608,1.48487296800666,7576.10959624293,0.999830875558629
"conduct_hat[8]",0.206416895626721,0.00266666002128744,0.28263625413147,-0.355763539257515,0.0240424219833159,0.206098106992905,0.390764785521121,0.766094549960963,11233.6383222893,0.999983830067799
"conduct_hat[9]",0.676787237607285,0.00311782256069832,0.292797988609827,0.118901964024948,0.474739310696522,0.670030911069146,0.867846820193092,1.26521484811926,8819.28520493053,0.99979055614267
"conduct_hat[10]",1.00657675573838,0.0027360922344342,0.293486187008117,0.42895982838197,0.81370227415001,1.0078977106156,1.20177711766882,1.58661230998459,11505.7216924691,0.999655407197327
"conduct_hat[11]",1.1792695629049,0.0032192213428561,0.305063445961639,0.606321856559766,0.975024773916969,1.17037452024169,1.37409212114572,1.80900755278392,8980.04817869091,0.999820705557778
"conduct_hat[12]",0.0144249783757058,0.0027748269051379,0.284819944806047,-0.546348315112493,-0.173609927865279,0.0122775221606899,0.198359421103737,0.578754745762066,10535.8360098755,0.999763056488975
"conduct_hat[13]",0.437181933527892,0.00404211061957596,0.30670458314991,-0.13696366351387,0.226570260439866,0.427988593932014,0.636070609446761,1.07039859879803,5757.37002531828,0.999592607711333
"conduct_hat[14]",1.15757739141224,0.00307869308993311,0.302192499970082,0.551042658584291,0.959554594728269,1.16326406112018,1.35606113037823,1.74454175313689,9634.61953139674,0.999841350435271
"conduct_hat[15]",0.0511045572512282,0.00274015157557523,0.288836644543691,-0.526011587592286,-0.138542208515767,0.0532848081693787,0.240003709069141,0.619497909416667,11111.057828318,0.999730861602915
"conduct_hat[16]",2.27705962968486,0.00528052839936166,0.370468030038772,1.51272264264561,2.02792083462719,2.29495477146896,2.5363398802815,2.95182273661713,4922.05776981039,1.0001985330161
"conduct_hat[17]",1.36233430575658,0.00386441910572511,0.329429125394549,0.700562399661235,1.14567796998941,1.37030496227227,1.58468840002277,1.98729565004055,7267.00644405243,1.00014407194662
"conduct_hat[18]",0.11215043460476,0.00314496969564465,0.250151079493129,-0.325804170712257,-0.0681707696382063,0.098848554439368,0.273776139945647,0.639473983922835,6326.62120567302,0.999749001559825
"conduct_hat[19]",-0.749458138981094,0.00147275100738065,0.136987648028209,-1.01356007969493,-0.839454340706204,-0.751547770100265,-0.661590437674963,-0.468869572795329,8651.75398242689,0.999739344670149
"conduct_hat[20]",-0.120137512759711,0.00323242322360349,0.29319164082142,-0.711688737187112,-0.31421636599061,-0.114736884752689,0.0744084319989991,0.450492520235855,8227.09915042206,0.999606724952222
"conduct_hat[21]",0.526677308448106,0.00414894671903506,0.3224054877186,-0.109134501913989,0.307825847551883,0.531191629892616,0.749459751670848,1.12946459805798,6038.50090218169,0.999939850213232
"conduct_hat[22]",-1.33985059174589,0.00184887443834572,0.157430156913468,-1.64395241273467,-1.44163139060516,-1.34291682354054,-1.23882866953726,-1.02493207622151,7250.38419627715,0.99979430225629
"conduct_hat[23]",0.16811391743059,0.0029764274988228,0.291862208185175,-0.39392929561158,-0.024760200242103,0.16260527141587,0.35357876190736,0.763305960097612,9615.35031261282,0.999842058625484
"conduct_hat[24]",0.0533051505760091,0.00351809416913044,0.293760174238641,-0.529042969759797,-0.145823466035532,0.0591649889377315,0.252910190555286,0.616556244194695,6972.21729949631,1.0000451163101
"conduct_hat[25]",-1.28223692411701,0.00179292421497712,0.152047534304815,-1.56791619931336,-1.38439862592703,-1.2855113718803,-1.18520332104177,-0.971353212468214,7191.75523170499,0.999674390968291
"conduct_hat[26]",-1.13057175043478,0.00156712695326404,0.141152246484051,-1.40611079892802,-1.22137460511956,-1.13199746421028,-1.04202556953897,-0.84071156484396,8112.73385094154,0.999674172558837
"conduct_hat[27]",0.136828633759533,0.00243920717606404,0.237049312967748,-0.293062641628971,-0.0314679049287864,0.127873976310054,0.29283579292682,0.631420622891467,9444.52289703106,0.999803719220025
"conduct_hat[28]",0.141653456110593,0.00262722769538959,0.233570597847408,-0.293292671929712,-0.0171071897072865,0.131643578045318,0.291797233819797,0.625590125913757,7903.89054504785,1.00048367309855
"conduct_hat[29]",-1.08980463655905,0.00153550003951547,0.137752839292733,-1.35881241009778,-1.17959707668487,-1.09041131688798,-1.00222309226746,-0.815015800847428,8048.2499255546,0.999837971329429
"conduct_hat[30]",-1.08321488456496,0.00155819775575098,0.138289462854738,-1.35213791559219,-1.17251122271425,-1.08612367739223,-0.995405999337517,-0.802981802695855,7876.49552254062,0.999563503198919
"conduct_hat[31]",-1.48208391187945,0.00209727887748602,0.172462621640455,-1.81693493410621,-1.59638120193797,-1.48429130645995,-1.37148444559765,-1.13236360251019,6762.03791262483,0.999717159947834
"conduct_hat[32]",-0.180019228512682,0.00210844779894961,0.196513342228557,-0.543790286959386,-0.315406213965069,-0.189865608567609,-0.0528528845803297,0.22977275100024,8686.77109696318,0.999825162147238
"depth_hat[1]",0.111773846213799,0.00167682332977054,0.181782234425269,-0.252812140307462,-0.00469540745206565,0.112949578426553,0.233039650494581,0.465019202192686,11752.4458626749,0.99974569304392
"depth_hat[2]",0.41839476389447,0.00286853191633511,0.256050561317786,-0.0633547043427296,0.245495708423521,0.411407826005394,0.580341345554507,0.94695579130391,7967.68382019283,0.999962766632861
"depth_hat[3]",0.799819540924773,0.00248725206427701,0.215975025899171,0.372176365908274,0.658602111256772,0.799502967993115,0.944044785163641,1.22010039362943,7539.9327017421,0.999746152815552
"depth_hat[4]",-0.129648743832674,0.00230881995808854,0.231470639967639,-0.606302850895327,-0.276467620633908,-0.123736120219366,0.0196336018677194,0.315358417021259,10051.0559122863,0.999754734713565
"depth_hat[5]",0.183660466898213,0.00178165971687381,0.176885349488449,-0.167013431382109,0.0641388833963332,0.183169725115915,0.299886124025215,0.528988726074693,9856.76055244986,0.999809180507644
"depth_hat[6]",-1.03724702001213,0.00356454925079624,0.305378956879642,-1.65845151975806,-1.23544611997825,-1.02747175429644,-0.830806743986236,-0.459270910643871,7339.54225702619,1.00018267373173
"depth_hat[7]",-0.601341184076258,0.00337831055232476,0.275536984576117,-1.16740775578112,-0.776479053033593,-0.588965382761262,-0.410875756964959,-0.101593474749857,6652.1290070412,0.999927363860012
"depth_hat[8]",-0.148623282054557,0.00214369846407581,0.233406376410679,-0.621124772370162,-0.298702712871243,-0.145623627203618,0.00426449330528663,0.308463976251073,11854.9039354442,0.999996699431596
"depth_hat[9]",-0.477216701154948,0.00302242802899304,0.25599842525099,-1.01218968281527,-0.640971193528746,-0.462745482553997,-0.302122013484293,-0.00839236873252868,7174.02112854367,0.999763374858105
"depth_hat[10]",-0.703900357615964,0.00281294220677648,0.269592989418768,-1.26084410011917,-0.879560629814239,-0.697281760185231,-0.519227558089388,-0.196283899833118,9185.34705238393,0.99989215523568
"depth_hat[11]",-0.824717355903725,0.00349527513689447,0.293129179398537,-1.44033572927064,-1.01289998341038,-0.805662004068874,-0.624037181375348,-0.295333481885016,7033.23889299669,0.999776807272742
"depth_hat[12]",-0.016096800634951,0.00219759753057368,0.232424519762085,-0.476465064924513,-0.166957829908535,-0.016180265917783,0.13565496196288,0.437090271371151,11185.813337132,0.999984007952832
"depth_hat[13]",-0.31010250370963,0.00322983907655164,0.255681109811023,-0.849417196423872,-0.47609526928326,-0.295946120167216,-0.136671129238386,0.164194333418718,6266.65110813464,0.999683637079172
"depth_hat[14]",-0.803454139307434,0.00274414174935477,0.270421130021046,-1.37277129350408,-0.97601235678406,-0.792875617123572,-0.621036570097611,-0.297220380669705,9711.09413753075,1.00004740807178
"depth_hat[15]",-0.0403763587329845,0.00220472994314001,0.236602248408457,-0.519398481825326,-0.190737181842432,-0.0396535596109281,0.112213655187166,0.421481075324964,11516.6702966716,0.999796458878611
"depth_hat[16]",-1.57659561662936,0.00481984313026414,0.378718012387034,-2.34876916290277,-1.81522925094022,-1.56700454031471,-1.32760858495159,-0.83921949043897,6173.99275219253,1.00023079773683
"depth_hat[17]",-0.948325968110876,0.003523399969195,0.308833431204053,-1.57760896821461,-1.15137715695351,-0.939237182945645,-0.740191657900368,-0.364757376742183,7682.89186653358,1.00015604810974
"depth_hat[18]",-0.086651728888306,0.00254694860665387,0.21365649614168,-0.538744194518764,-0.219117963754323,-0.0795229020845762,0.0600611475815948,0.310704679354212,7037.06950301737,0.999651421658272
"depth_hat[19]",0.514213311541224,0.00184721006907832,0.178179434633943,0.167414462855945,0.395841746849244,0.51265546518251,0.631079820964755,0.871254900701566,9304.27587038021,0.999725088378904
"depth_hat[20]",0.0834310542011073,0.00253460915168056,0.240468110288264,-0.368383793766088,-0.0778850845387198,0.0743966317188267,0.237001888972033,0.57840215506829,9001.0460530503,0.999674087764454
"depth_hat[21]",-0.364662533992086,0.00297027628516827,0.256778400155715,-0.878600214926016,-0.532092214878479,-0.366936865417888,-0.192546928941124,0.129298841650974,7473.48697108403,1.00028072310643
"depth_hat[22]",0.924520452521547,0.00286671361684033,0.237525282271133,0.454172269568425,0.770415923311233,0.924874430548779,1.07989838428673,1.38577557649698,6865.16638148642,0.999690032308931
"depth_hat[23]",-0.117972993900306,0.00232769825456746,0.237035079512741,-0.59140403603899,-0.272917123484697,-0.114526303544182,0.0344473974348088,0.347894932293417,10369.83592009,0.999789302978542
"depth_hat[24]",-0.0367751345065299,0.00270893414630929,0.237217507766095,-0.488958200927431,-0.197098448656817,-0.0404276247306129,0.115828046152632,0.439716407200942,7668.25563817863,0.999990876385108
"depth_hat[25]",0.884729625262001,0.00276199648828724,0.231266658265029,0.42751885909055,0.733729013842302,0.885548362896262,1.03968806026813,1.33582283286792,7010.99739733975,0.999664597380953
"depth_hat[26]",0.779437165977743,0.0024668272097916,0.213530567339911,0.357862357720845,0.639354459169737,0.777257234668255,0.91979387799213,1.19350143047458,7492.77424404454,0.999725303836154
"depth_hat[27]",-0.100814072036895,0.0020455101044515,0.204214641957267,-0.518712146362216,-0.230082684496489,-0.0937184797724614,0.0350941285162919,0.284619096708292,9967.13857134915,0.99987359873844
"depth_hat[28]",-0.0998083131132251,0.00202027559794887,0.200529580513542,-0.511730922025248,-0.230935061864939,-0.0965000845011008,0.0349929375989196,0.286405889953786,9852.25523400312,0.999864754365506
"depth_hat[29]",0.751214297973322,0.00237884586256807,0.209070981310128,0.34034319219893,0.617161349970139,0.750949633479998,0.887530690022639,1.1594563872964,7724.22488989962,0.999688318952454
"depth_hat[30]",0.746241717673532,0.00235881292268251,0.207610192105403,0.333325468013292,0.6100472592875,0.745971657719776,0.88133160548409,1.14724760919156,7746.58595038388,0.99968634010811
"depth_hat[31]",1.02339692727126,0.00314730349126296,0.25705774225167,0.511678936615966,0.856000759947758,1.02479768511009,1.19326827799198,1.51741554406693,6670.89539440528,0.999672808985097
"depth_hat[32]",0.120360913039976,0.00183148105414558,0.184781325563532,-0.243736211580538,0.000229771694891079,0.118048293598719,0.243221678151465,0.486245829151498,10179.1448786066,0.999791151722755
"do_hat[1]",0.091808747240237,0.00215025594406161,0.183101593562315,-0.268762426201171,-0.0258463969226614,0.0895495046978531,0.209974720495335,0.459237057218073,7251.1006647033,1.00022470651852
"do_hat[2]",0.181894259649088,0.00253306814970682,0.213087019708575,-0.223812907490495,0.0396487195274553,0.173220642298668,0.315553681760638,0.618791075643852,7076.52820735874,1.00004522415269
"do_hat[3]",0.294506308523234,0.00297235084416002,0.24701062023807,-0.159851383781872,0.122770215597498,0.282320779103892,0.45591177037929,0.812622687504786,6906.07215293615,1.00025590343531
"do_hat[4]",0.0211868874647323,0.00230736254894643,0.189716820275166,-0.360316054711417,-0.100701193081229,0.0244442805806336,0.143370438638672,0.394159872609065,6760.51834589956,1.00006519493629
"do_hat[5]",0.112761215945428,0.00219018914727471,0.186248147688995,-0.256471253911807,-0.00801385001909571,0.111485816645187,0.235256087208836,0.477396557608283,7231.37159778556,1.00022840534487
"do_hat[6]",-0.242469377682824,0.00358533441747015,0.2745844674117,-0.833757489149046,-0.413359877034207,-0.222114420868236,-0.0500047338423311,0.235108944550733,5865.33190570562,0.999817330120175
"do_hat[7]",-0.116269290776667,0.00296270685517802,0.222051852259469,-0.589394684101987,-0.249289767664813,-0.105909198753319,0.0310677648434282,0.291942917746457,5617.34937156195,0.999980222413368
"do_hat[8]",0.0167434003634477,0.00228645962689624,0.189534284196004,-0.365300480358226,-0.103252639256118,0.0173220389443942,0.141079211067887,0.386477429241206,6871.45148194457,1.00013177861311
"do_hat[9]",-0.0829341308515379,0.00273692994543589,0.21275613080031,-0.533207177357733,-0.213208687033632,-0.0745199306403224,0.0585990663827987,0.315169146560601,6042.78029782786,0.99979537359279
"do_hat[10]",-0.146948120073228,0.00302371468027727,0.233676540017924,-0.65155612559555,-0.287441809120557,-0.13470896020754,0.0124998703138941,0.276834212993344,5972.39619607826,0.999853098891068
"do_hat[11]",-0.183210856099561,0.00337819527026175,0.251583985577499,-0.729676785064657,-0.334813608881765,-0.166410668225289,-0.0108376049930569,0.269340169279965,5546.21226277085,0.999732822450263
"do_hat[12]",0.0513527096117247,0.00226535586334736,0.189408532395285,-0.329471630972838,-0.074122370057962,0.0497382097753663,0.174901848267317,0.427646149450828,6990.78923057142,1.00013531130847
"do_hat[13]",-0.0379369825476085,0.00263844648830339,0.204052177053099,-0.471168085212188,-0.163183535749666,-0.0306117577173381,0.094995895089193,0.348473339487735,5981.16639294526,0.99988761625391
"do_hat[14]",-0.177540693411306,0.00319880340474946,0.246183246433039,-0.704832204805367,-0.330730255791199,-0.160999917321179,-0.00865226027243165,0.269072374599327,5923.00214212933,0.999771219099303
"do_hat[15]",0.0493510797229054,0.00226238075478325,0.189682821883017,-0.33524799350684,-0.0728876079115619,0.0510537029257877,0.172709930697334,0.421213488355757,7029.50280229244,1.00000148487388
"do_hat[16]",-0.403206147868327,0.00486279572146163,0.366209031405177,-1.22793104969777,-0.627256791293702,-0.356607371187483,-0.139961567274101,0.189769020082909,5671.34476842882,0.999661307616708
"do_hat[17]",-0.215312704206774,0.00338206013763186,0.263209994460282,-0.788568986104492,-0.3733443797816,-0.195882390972332,-0.0363789677169847,0.25332531038777,6056.78420647492,0.999667720236399
"do_hat[18]",0.0318842351857906,0.00234372495963337,0.187659284408736,-0.348260833207119,-0.0872641708628496,0.0326439195892993,0.156732734893834,0.398787999412294,6411.01542281346,1.0001446008596
"do_hat[19]",0.210917522008225,0.00249774138896578,0.211362310631026,-0.191386735450481,0.069917232435202,0.205568703054519,0.350258660127084,0.636447071802386,7160.7771002728,1.00025916148268
"do_hat[20]",0.0817478736826489,0.00225578562643765,0.190255979536749,-0.297499235094368,-0.0408242020092898,0.0814661220009561,0.204138521749281,0.458342296170006,7113.4614124204,1.00001353381221
"do_hat[21]",-0.0478010262178833,0.00250540326989529,0.203114681368669,-0.473456584303153,-0.17470644285817,-0.0415388533858643,0.0862591880408467,0.347619122032969,6572.45092345385,0.999939837241641
"do_hat[22]",0.331181820107859,0.00323650914574717,0.265655617137791,-0.148697048468739,0.1428286819239,0.314326577514497,0.502758587330685,0.896871899595877,6737.27584889416,1.00024059955489
"do_hat[23]",0.0192495510445803,0.00237308649823723,0.193440056250917,-0.373945137922476,-0.10408686648499,0.0231020826241098,0.145444670166609,0.396390604815554,6644.55166753973,0.999884235247767
"do_hat[24]",0.049391358799222,0.00223805132325214,0.188794997206276,-0.331115434211891,-0.073872117239226,0.0497408721833862,0.168519978104674,0.426161559008956,7116.08096418604,1.00011266996055
"do_hat[25]",0.319366684831281,0.00315132220200254,0.259367241431623,-0.151805664930127,0.13728203458214,0.304135636699426,0.486250898604626,0.868785383122116,6773.99119190779,1.00026719314704
"do_hat[26]",0.288448924552984,0.00293588559067263,0.243888123104091,-0.162449429129008,0.119747439572016,0.276737668997084,0.4464096875804,0.795286113270084,6900.85731953565,1.00026480228259
"do_hat[27]",0.0306132133805602,0.00224669869616055,0.185770429907451,-0.350016613572003,-0.087654394102738,0.0327926666261338,0.153267007721783,0.392104073324696,6836.96734697602,1.0002410676381
"do_hat[28]",0.0301997258095008,0.00221401763712194,0.185363400009891,-0.343836110513427,-0.0877945317698728,0.0312265829885649,0.150875592128856,0.393394366395471,7009.48032933806,1.00000329372448
"do_hat[29]",0.280250099811167,0.00289652092647952,0.240278520878335,-0.164547193586253,0.11377141034434,0.269812178299013,0.436353410218085,0.775500712819035,6881.39612664296,1.00033224342518
"do_hat[30]",0.278645500300798,0.00286724724237566,0.239174525745351,-0.16317341419914,0.113458961123975,0.267705343011852,0.43355814477469,0.775842260717631,6958.24242558242,1.00026822719229
"do_hat[31]",0.360184630211712,0.0034556551295276,0.281418440397668,-0.138713110925394,0.159032280608095,0.339958901461151,0.541737982240007,0.965382814227511,6631.99692250731,1.00021086444015
"do_hat[32]",0.0956187584836222,0.00216472522674931,0.185001728536122,-0.271515769046058,-0.0219170996419868,0.0937566701397202,0.214908861723284,0.459187777370913,7303.75196018135,1.00025400863036
"thermal_hat[1]",-0.0590037186110877,0.00188163965698329,0.18631644157702,-0.413162760704716,-0.187439780161014,-0.0600300380220077,0.0647265283137493,0.308196363260938,9804.59021695705,0.999647012199739
"thermal_hat[2]",-0.396168537242997,0.00299067974156179,0.270240336532951,-0.946035733222864,-0.570709145480405,-0.386345334323609,-0.213519031435086,0.118972150758082,8165.08158162054,1.00036852169234
"thermal_hat[3]",-0.815846459616233,0.00232611992827023,0.217105458960732,-1.248663769262,-0.956580508274218,-0.815721524973809,-0.670263604209089,-0.387620559929536,8711.18592833991,0.999668251971676
"thermal_hat[4]",0.203091278174705,0.0023878385200023,0.24378810837901,-0.260337330962069,0.040314219922083,0.199505194238283,0.362904856873533,0.690347888408024,10423.5373622678,0.999808511051683
"thermal_hat[5]",-0.139699875819092,0.00185777456164657,0.183119553004523,-0.502582967245913,-0.260500893370442,-0.139038862492837,-0.0219155886076635,0.230219577923062,9715.90848416362,0.999580470580216
"thermal_hat[6]",1.2005699907368,0.00336435150211839,0.317645278864705,0.614916701223497,0.98504597582907,1.18883406184742,1.40468235714611,1.85586911079961,8914.1940093917,0.99994917214074
"thermal_hat[7]",0.723829978802345,0.00341828142600472,0.29309338185141,0.207634369866942,0.515252853101024,0.705528316411249,0.910143058467081,1.3468276995888,7351.84587213122,0.999812932747718
"thermal_hat[8]",0.221443932921491,0.00231667840886639,0.246082827358049,-0.269476963443363,0.0604435667332053,0.221006028042096,0.380222274102245,0.716189772759434,11283.1695351147,0.999883406521408
"thermal_hat[9]",0.585825685606804,0.00300350319256911,0.272757613818851,0.0911889464716835,0.401886209710634,0.570878329562087,0.751665938436653,1.16619235009935,8247.0298980569,1.00000302002197
"thermal_hat[10]",0.83474281648055,0.00289233461873803,0.285019269473292,0.314090196392787,0.639158757024983,0.823106909166546,1.01308879500339,1.43631987912883,9710.71870188243,0.99993168890681
"thermal_hat[11]",0.968828781112705,0.00348336969666203,0.30924005649611,0.420374815034365,0.753848903459432,0.95610578698799,1.16040681730858,1.62413840580581,7881.20000730465,0.999659103333694
"thermal_hat[12]",0.0787271994897813,0.0023984474301993,0.24830300086496,-0.405120099066542,-0.0858141982051618,0.0797772401214002,0.240151531848863,0.570314698915457,10717.7476823511,0.999861081849697
"thermal_hat[13]",0.406323350170232,0.00348529442828035,0.273194133539691,-0.0914041218163202,0.214887063745403,0.392163839679765,0.576753764713606,0.989450435225356,6144.1780782134,0.999734291364252
"thermal_hat[14]",0.948493454588581,0.00311235370769518,0.297256305455598,0.396640109242393,0.74388596935326,0.935910791465077,1.13933449126368,1.5700963102542,9121.87795214285,1.00004351860117
"thermal_hat[15]",0.101411816123541,0.00237542232581375,0.250738741781289,-0.398245978556303,-0.0616040057704901,0.102668548356005,0.263978355593292,0.591970982361425,11141.9502909668,0.999662893271438
"thermal_hat[16]",1.793846769149,0.00455667733600606,0.38904820450904,1.05464627368544,1.52704975176397,1.79097407815476,2.05094263160335,2.59840714530564,7289.71043152717,0.999853936786116
"thermal_hat[17]",1.09684160395493,0.00313123714206298,0.303766380072481,0.534788383238807,0.893049417304609,1.08291207287382,1.28861042797247,1.73979564645915,9411.2539389432,0.999903533462406
"thermal_hat[18]",0.158515266687392,0.00279652705094828,0.228330362192867,-0.258684848317698,0.00404244026411095,0.146462105903697,0.299700290557134,0.644767425088402,6666.36796541623,0.999718972548074
"thermal_hat[19]",-0.503003035620331,0.00179313236142664,0.182973676486295,-0.866957035362619,-0.624034455288919,-0.500607002743061,-0.380446865586818,-0.149096714552596,10412.4404784334,0.999570701062487
"thermal_hat[20]",-0.0242713863489683,0.0027073018960894,0.252602548814261,-0.537286447607142,-0.187665355687533,-0.0201304153131736,0.141734709685966,0.459063243245588,8705.66761968807,0.999821419604023
"thermal_hat[21]",0.465549075967639,0.00319484833033975,0.274988208110247,-0.0678330588680697,0.278174920777046,0.468329499947214,0.649494123060992,1.00599862083276,7408.45506111141,0.999798097907138
"thermal_hat[22]",-0.952882727992626,0.00270648231380553,0.240540707671713,-1.43787146077267,-1.11006586118097,-0.952601030392143,-0.793122082580202,-0.489651475938302,7898.90302118653,0.999701253806268
"thermal_hat[23]",0.1981605749022,0.00252512118517319,0.252663151965122,-0.28513096267755,0.0313801148327051,0.191768702797296,0.357126712428005,0.717948789719938,10011.9660487602,0.99980120487286
"thermal_hat[24]",0.103975513238749,0.00287622174497056,0.252340315552327,-0.408007626747511,-0.0602105752186969,0.108957860950265,0.274208695126124,0.586168051771353,7697.12523863285,1.00005519829825
"thermal_hat[25]",-0.908859906140013,0.00258729464567488,0.232360437327658,-1.3732610164192,-1.06095754031524,-0.909070215993341,-0.754513363526252,-0.453860059375399,8065.52405659163,0.999697463557456
"thermal_hat[26]",-0.793313074270649,0.00232444608955723,0.214506218921929,-1.21569104102287,-0.932548444769244,-0.794824756382668,-0.653358755482322,-0.37536348449773,8516.10130658724,0.999675584756459
"thermal_hat[27]",0.172297627324072,0.00224213375895946,0.214738481951642,-0.235993489690727,0.0266305799426589,0.16602393179773,0.313072793728622,0.610944980219809,9172.69011495153,0.999767006534358
"thermal_hat[28]",0.1738690086733,0.00227386590772222,0.214230437637295,-0.237625586164999,0.0278898569326206,0.168490130337768,0.31441271992513,0.605157779881319,8876.31384368908,0.999928367952423
"thermal_hat[29]",-0.762395636850722,0.0022555264878416,0.210479683076053,-1.18514948131156,-0.90050985728644,-0.763179277234291,-0.621947610684098,-0.348953841576156,8708.1218844478,0.999796402580552
"thermal_hat[30]",-0.757218667958651,0.0022223524299645,0.209350848026253,-1.17397326799103,-0.893517923058539,-0.75635213671113,-0.61762118269026,-0.342386851719562,8874.08500020367,0.999720706843481
"thermal_hat[31]",-1.06135044470444,0.00300058609513788,0.259917438404269,-1.57588402244157,-1.23232282067449,-1.0612465075852,-0.889816893131842,-0.558158749119694,7503.40954867062,0.999735244776709
"thermal_hat[32]",-0.0681002180948683,0.00191384119910297,0.191697177681645,-0.440527500208993,-0.194759381720189,-0.067547791172382,0.0565450784958371,0.314341467964264,10032.7418820955,0.999567961978954
"canopy_hat[1]",0.0960844942834945,0.00196270283063291,0.196821144691738,-0.295741938852244,-0.033511321756964,0.101134533944257,0.230103890884675,0.469805922372242,10056.2117359006,0.999729566510105
"canopy_hat[2]",0.465700845553805,0.00324760754714528,0.291801431260924,-0.0955885838305915,0.267693995104355,0.458978749009873,0.657149576221065,1.06061380405747,8073.23792125936,0.999959051632636
"canopy_hat[3]",0.917576045840994,0.00227472642031705,0.213222637798266,0.490004962040187,0.780713170988766,0.918981622150388,1.0598575882405,1.33291449290603,8786.34556129148,1.00000125327014
"canopy_hat[4]",-0.189338280234456,0.0025097514267784,0.259058795030873,-0.726872809885568,-0.354000601750058,-0.18000823540751,-0.0209127131596961,0.30304211197821,10654.5537018371,0.999816440425561
"canopy_hat[5]",0.182475908188953,0.00188401010437101,0.189015124093511,-0.196867579414717,0.0607278976535642,0.184667943612389,0.307335472194683,0.556563518259283,10065.2984334032,0.999835618571025
"canopy_hat[6]",-1.27540886869496,0.00314238944577768,0.31966159805512,-1.92629369254475,-1.47828927913523,-1.26422114728008,-1.05994160210524,-0.669609516541723,10348.1071641696,0.999667340838473
"canopy_hat[7]",-0.762663980508262,0.00403589738703198,0.318613682623188,-1.4361575372533,-0.964771860275355,-0.746100720625424,-0.540988487723021,-0.189302405423102,6232.30376903209,0.999829339682732
"canopy_hat[8]",-0.214277275446223,0.00243329909536672,0.261993525773633,-0.738925652204615,-0.383041774794804,-0.213186153681454,-0.0450063467747336,0.306956853765185,11592.8476769315,0.999891241227243
"canopy_hat[9]",-0.612448806445276,0.00354136644743903,0.292551029263062,-1.22475402832387,-0.798618123660525,-0.595471101974378,-0.410487529913783,-0.085441628902088,6824.35364414957,0.999913107881066
"canopy_hat[10]",-0.881868143558233,0.00314132122710076,0.300839729209978,-1.49855886327039,-1.07977961286397,-0.866783229578974,-0.674773549339032,-0.331997861839329,9171.61213301166,0.999891983411637
"canopy_hat[11]",-1.02917440462141,0.00422111658753212,0.329377225741947,-1.72050264652236,-1.24764018456798,-1.01012584502939,-0.795914991387377,-0.435934448477065,6088.81024156554,0.999990134842088
"canopy_hat[12]",-0.057582522786477,0.00251069526448477,0.262130707990756,-0.576173861951706,-0.229714065350288,-0.0575353813737675,0.114672387101727,0.462392977678452,10900.5345081607,0.999734891793492
"canopy_hat[13]",-0.414729491091223,0.00395052309870363,0.293419285325207,-1.03147808154494,-0.599622564538328,-0.39777797177065,-0.212261717910933,0.120454825667032,5516.55686150806,0.999643407931831
"canopy_hat[14]",-1.0019521535066,0.00294338375211651,0.301834450441298,-1.63094625429056,-1.19900317151545,-0.990566173552847,-0.796377229877817,-0.433247701126907,10515.8368176314,0.999914112609845
"canopy_hat[15]",-0.0847355808878642,0.00249014012440887,0.267026274472316,-0.60757213855892,-0.259907688684865,-0.0858226516914455,0.0882494284933325,0.451405165412907,11499.009177159,0.999830609676282
"canopy_hat[16]",-1.92524784343185,0.00425532826803875,0.396844143038065,-2.7326297108058,-2.18789033158162,-1.91055832921541,-1.65949900318743,-1.17448877333347,8697.08697355302,0.999922307661379
"canopy_hat[17]",-1.17254472628905,0.00357387454349854,0.333638988464638,-1.86988943095842,-1.39068297674838,-1.1591686300017,-0.948857631606546,-0.544369456144757,8715.15239182915,0.99973419070975
"canopy_hat[18]",-0.14275973449692,0.00293717622021828,0.237775168352336,-0.658690713102726,-0.288033321133225,-0.130382156703404,0.0177555305986821,0.291366452867371,6553.49524713668,0.999767427119068
"canopy_hat[19]",0.577712144777477,0.00189379756386966,0.183584823943626,0.220338370978734,0.457098170738176,0.576254582072809,0.699154927724674,0.937437982833594,9397.37261956989,1.00000243386784
"canopy_hat[20]",0.0632869913179411,0.00297522661807366,0.274677906077391,-0.454042750940351,-0.122938613585457,0.0563439583878788,0.242379699160321,0.622619161772899,8523.29174879671,0.999575809077328
"canopy_hat[21]",-0.468604205026132,0.00317747005048668,0.284632551429261,-1.02584532268561,-0.657034718577229,-0.472309558092239,-0.27581341830918,0.0941220920004937,8024.28231853208,0.999894898608943
"canopy_hat[22]",1.06633704004663,0.00263153008157975,0.234790181696725,0.593283347263443,0.91488470016245,1.06916997297446,1.22177723832584,1.52571004628145,7960.55204465066,1.00012356764294
"canopy_hat[23]",-0.185877124034323,0.00267760104076861,0.268378700394217,-0.734435955127302,-0.356652662524065,-0.17938896252838,-0.00875012583498174,0.322836264522907,10046.2586373462,0.999631949016217
"canopy_hat[24]",-0.0800861854777899,0.00325811452567416,0.271077263332545,-0.604160833054083,-0.262557975865766,-0.0846729694741128,0.0884312221529802,0.488532762565182,6922.34902978579,1.00013891752056
"canopy_hat[25]",1.01869984428236,0.00252036392373673,0.227958897856545,0.559133561988389,0.870966549425069,1.02010832372446,1.16731446782859,1.46001911919756,8180.62694033867,1.00003413472118
"canopy_hat[26]",0.892981294103078,0.00223900319393424,0.210152270656115,0.476675097354174,0.756316131202723,0.897256574575028,1.03187492683644,1.30272383592357,8809.65188399312,1.00015706322471
"canopy_hat[27]",-0.155558505566025,0.00232383794285598,0.22610326804655,-0.62409031338312,-0.298031094668229,-0.150146182224654,-0.0018472042392199,0.264381330553837,9466.77384617867,0.999880605281902
"canopy_hat[28]",-0.156449038091103,0.0024132075401033,0.22460809019634,-0.606543289072965,-0.305774789509757,-0.149829095055162,-0.00228833174270658,0.268876971576102,8662.86293632326,1.00019259497637
"canopy_hat[29]",0.859358761460787,0.00223942361453399,0.206306877614743,0.441204504161406,0.725568121979823,0.860701246373645,0.996775214372031,1.26355651388148,8487.01374301076,1.00026661991444
"canopy_hat[30]",0.853593884509724,0.00217974712992332,0.205685177869133,0.442958866455986,0.721319076893393,0.857161117468133,0.987522377361479,1.25391162535699,8904.17658465011,1.000132460814
"canopy_hat[31]",1.18422395826958,0.00290990798959155,0.253225890367058,0.675069185044798,1.02029352969826,1.18819310208295,1.34850637299808,1.67986113784658,7572.82114502339,0.999970846211714
"canopy_hat[32]",0.106696972944598,0.00205045980448382,0.199022678502393,-0.2952773099502,-0.0252401225056364,0.108326432286165,0.239166588276834,0.492145747566943,9421.12168544395,0.999957079899026
"q_hat[1]",0.134974335552916,0.00195322568811262,0.197134122104682,-0.252739197119883,0.00267635883929575,0.136629551600775,0.265244816645074,0.513022852338872,10186.3536905411,1.00035892502797
"q_hat[2]",0.379698466443809,0.00286243766760588,0.258082976179849,-0.0954910570957509,0.204546833523108,0.366901262256349,0.545794049814892,0.927063376383994,8129.17812960236,0.999965482592713
"q_hat[3]",0.685492003422686,0.00289730257094318,0.269704531080444,0.147592910007505,0.507739196445996,0.684200335289693,0.865130617776418,1.21599802342136,8665.40333377866,1.00018086343021
"q_hat[4]",-0.0583328702564528,0.00232548980642588,0.229490345494037,-0.526922091724198,-0.206567479120393,-0.0533967249648829,0.0953405569190327,0.381112424477206,9738.67693913877,0.999891404367611
"q_hat[5]",0.193354563752682,0.00195420711663799,0.197682560257156,-0.18539113693758,0.0605243929525028,0.194885131061277,0.323404183530517,0.585937123816951,10232.8246762554,1.00033624059316
"q_hat[6]",-0.784485121187336,0.0041155577771909,0.352989901390549,-1.50479709291445,-1.01845360744295,-0.773111321129736,-0.54287983260139,-0.121051858000586,7356.43083069383,0.999778910255067
"q_hat[7]",-0.433503851351351,0.00333165018223325,0.283540704573363,-1.05498749387541,-0.606332662333529,-0.415352010966943,-0.237811347417893,0.079200763399392,7242.8924862512,0.99971158044938
"q_hat[8]",-0.0677350062568413,0.0022972084459466,0.229885348125336,-0.525141782479663,-0.218890847412818,-0.0633643457506935,0.0796222531355141,0.383881500628735,10014.3271657921,0.999812914048926
"q_hat[9]",-0.331140473883442,0.0027359831434269,0.256931983463143,-0.872226438435427,-0.492352575516128,-0.318188187451547,-0.152483629285913,0.137540593953952,8818.80022413337,0.999837665032702
"q_hat[10]",-0.512087171643808,0.00313629896122619,0.287580484762634,-1.11708873343703,-0.692454516359173,-0.499162758996434,-0.31567664502812,0.00717338365688915,8407.8298542994,0.999746708266751
"q_hat[11]",-0.610246663877316,0.00359048901475034,0.31235851116786,-1.27010284006595,-0.806632118134346,-0.594320505878349,-0.397205128132535,-0.0452651122597316,7568.31995134208,0.999858008656861
"q_hat[12]",0.0398846053428406,0.00218500535042451,0.228271789838856,-0.410235180118728,-0.112252622661452,0.0387766797054552,0.186509683809315,0.485448794268087,10914.3902607623,0.999912906199825
"q_hat[13]",-0.196967567224917,0.00295019969274832,0.247519167241278,-0.727813540550034,-0.353515823943979,-0.182812146565702,-0.0267315169626376,0.257314201536648,7039.06285978171,0.999778554090363
"q_hat[14]",-0.594806666715283,0.00337293936215213,0.298018126726615,-1.21658283313644,-0.786788016821444,-0.580958321377586,-0.389465284811305,-0.0381637441084728,7806.71444143372,0.999971929635309
"q_hat[15]",0.0167259654966923,0.00224447158220236,0.231617661476861,-0.435606905725363,-0.132576228236355,0.0167812162753738,0.167806726213826,0.46787037515953,10649.1543741596,0.999880222710446
"q_hat[16]",-1.22404809812073,0.00596917788456339,0.480835200316756,-2.19485723684921,-1.53654223012198,-1.21368814258227,-0.901467904128686,-0.2895439564688,6488.78619175424,0.999826395571052
"q_hat[17]",-0.707750818517523,0.00383789591502264,0.332672823782903,-1.40988945469663,-0.918952212103383,-0.699235618175115,-0.477828650417156,-0.087211497591858,7513.60334852009,0.999958590530906
"q_hat[18]",-0.0226440560651168,0.00247949342180458,0.218905194755373,-0.482623151790419,-0.162742348577146,-0.0141665926517506,0.125030006528713,0.388307781270756,7794.46326680142,0.999994546461764
"q_hat[19]",0.457487399262249,0.00218399436967024,0.219710448145003,0.0281434345376885,0.311226309101546,0.456361087715351,0.600795188957881,0.890192580231228,10120.4166159315,1.00029812771001
"q_hat[20]",0.106909840041799,0.00229191881955671,0.231153113140602,-0.346261400447281,-0.0420191691935078,0.106073673935552,0.256692659013644,0.580195283625602,10171.875412938,1.00001687673516
"q_hat[21]",-0.253349418531043,0.00314251657173179,0.266474151084224,-0.813723416297482,-0.418951752230368,-0.246559458096537,-0.0729640738993277,0.244109880015344,7190.43262952476,0.999723890075154
"q_hat[22]",0.785049166327467,0.00326501114408611,0.296018191947711,0.195641154685895,0.589339064877175,0.78540861359288,0.975383084830867,1.36438232961475,8219.91766518153,1.00021627575604
"q_hat[23]",-0.0490609540790229,0.00229785665490427,0.232633671026949,-0.512860717911175,-0.199296344396235,-0.0457314358396853,0.106222755554301,0.394268645043609,10249.41981311,0.999917458182722
"q_hat[24]",0.0116819443279952,0.00252856886258653,0.234566232215949,-0.43434072166364,-0.144596100316008,0.00746552775237105,0.164933472648211,0.481969088888287,8605.60509235426,0.999986964307863
"q_hat[25]",0.753270168409683,0.00315264405374309,0.288011566349879,0.179148647872013,0.564594714971905,0.754015029017078,0.941566671089628,1.32587326661064,8345.83853645444,1.00016211813592
"q_hat[26]",0.66921384662691,0.00286925855075733,0.266178740105669,0.143451223662817,0.493978385976376,0.668453557592563,0.843923131313017,1.19705352459205,8606.11927990216,1.00026077967721
"q_hat[27]",-0.0318133758596123,0.0020881843347822,0.209161488279494,-0.463662017101604,-0.166059836987586,-0.0294715881761143,0.11186962854449,0.358713014416391,10032.8837437615,1.00001819402973
"q_hat[28]",-0.0336343054500103,0.00217601281926484,0.209601611609248,-0.455468191110573,-0.171163573924479,-0.0301327152416134,0.106718850032726,0.367645141375125,9278.2556783763,1.00035194930113
"q_hat[29]",0.646641275532371,0.00278955850273572,0.260243135349543,0.127133275237878,0.475425308140283,0.649311373019512,0.816235204162052,1.15815169514212,8703.37341977829,1.0003155694348
"q_hat[30]",0.642731425081951,0.00277790614676096,0.259445304222108,0.129087833796907,0.47124961936671,0.64269947358037,0.811216567997276,1.15968149406093,8722.81158810856,1.00030881361556
"q_hat[31]",0.863982678967586,0.00357749549977221,0.318594297205402,0.224373730507088,0.655095821908397,0.864376029410045,1.07026386341872,1.494795590758,7930.81470558144,1.00014110979419
"q_hat[32]",0.142607137333892,0.00202809306704913,0.197134892803126,-0.241641351302539,0.0105346606870898,0.141513779220115,0.271839402268253,0.530048548093449,9448.24706447578,1.00027625810106
"stream_quality_hat[1]",0.957166625459561,0.00833201774982571,0.329169732306001,0.315374721033707,0.729928579815484,0.955866450323445,1.17545567848211,1.60565935096069,1560.77182165746,1.00141035535675
"stream_quality_hat[2]",0.957166625459561,0.00833201774982571,0.329169732306001,0.315374721033707,0.729928579815484,0.955866450323445,1.17545567848211,1.60565935096069,1560.77182165746,1.00141035535675
"stream_quality_hat[3]",0.957166625459561,0.00833201774982571,0.329169732306001,0.315374721033707,0.729928579815484,0.955866450323445,1.17545567848211,1.60565935096069,1560.77182165746,1.00141035535675
"stream_quality_hat[4]",0.624000016564231,0.0125807454386607,0.459182437138189,-0.272337994268888,0.314675493027848,0.619815305304235,0.934150871655121,1.51980938205107,1332.16429022347,1.00216464763496
"stream_quality_hat[5]",0.957166625459561,0.00833201774982571,0.329169732306001,0.315374721033707,0.729928579815484,0.955866450323445,1.17545567848211,1.60565935096069,1560.77182165746,1.00141035535675
"stream_quality_hat[6]",-0.33316660889533,0.00746773134108325,0.296582640018556,-0.913679424635652,-0.536723300036488,-0.329280097014388,-0.126478574773662,0.232294873233883,1577.29919856932,1.00192223367379
"stream_quality_hat[7]",-0.33316660889533,0.00746773134108325,0.296582640018556,-0.913679424635652,-0.536723300036488,-0.329280097014388,-0.126478574773662,0.232294873233883,1577.29919856932,1.00192223367379
"stream_quality_hat[8]",0,NA,0,0,0,0,0,0,NA,NA
"stream_quality_hat[9]",0,NA,0,0,0,0,0,0,NA,NA
"stream_quality_hat[10]",-0.33316660889533,0.00746773134108325,0.296582640018556,-0.913679424635652,-0.536723300036488,-0.329280097014388,-0.126478574773662,0.232294873233883,1577.29919856932,1.00192223367379
"stream_quality_hat[11]",-0.33316660889533,0.00746773134108325,0.296582640018556,-0.913679424635652,-0.536723300036488,-0.329280097014388,-0.126478574773662,0.232294873233883,1577.29919856932,1.00192223367379
"stream_quality_hat[12]",-0.33316660889533,0.00746773134108325,0.296582640018556,-0.913679424635652,-0.536723300036488,-0.329280097014388,-0.126478574773662,0.232294873233883,1577.29919856932,1.00192223367379
"stream_quality_hat[13]",-0.33316660889533,0.00746773134108325,0.296582640018556,-0.913679424635652,-0.536723300036488,-0.329280097014388,-0.126478574773662,0.232294873233883,1577.29919856932,1.00192223367379
"stream_quality_hat[14]",-0.33316660889533,0.00746773134108325,0.296582640018556,-0.913679424635652,-0.536723300036488,-0.329280097014388,-0.126478574773662,0.232294873233883,1577.29919856932,1.00192223367379
"stream_quality_hat[15]",0,NA,0,0,0,0,0,0,NA,NA
"stream_quality_hat[16]",-0.33316660889533,0.00746773134108325,0.296582640018556,-0.913679424635652,-0.536723300036488,-0.329280097014388,-0.126478574773662,0.232294873233883,1577.29919856932,1.00192223367379
"stream_quality_hat[17]",-0.33316660889533,0.00746773134108325,0.296582640018556,-0.913679424635652,-0.536723300036488,-0.329280097014388,-0.126478574773662,0.232294873233883,1577.29919856932,1.00192223367379
"stream_quality_hat[18]",0,NA,0,0,0,0,0,0,NA,NA
"stream_quality_hat[19]",0.957166625459561,0.00833201774982571,0.329169732306001,0.315374721033707,0.729928579815484,0.955866450323445,1.17545567848211,1.60565935096069,1560.77182165746,1.00141035535675
"stream_quality_hat[20]",0.957166625459561,0.00833201774982571,0.329169732306001,0.315374721033707,0.729928579815484,0.955866450323445,1.17545567848211,1.60565935096069,1560.77182165746,1.00141035535675
"stream_quality_hat[21]",0.957166625459561,0.00833201774982571,0.329169732306001,0.315374721033707,0.729928579815484,0.955866450323445,1.17545567848211,1.60565935096069,1560.77182165746,1.00141035535675
"stream_quality_hat[22]",0.957166625459561,0.00833201774982571,0.329169732306001,0.315374721033707,0.729928579815484,0.955866450323445,1.17545567848211,1.60565935096069,1560.77182165746,1.00141035535675
"stream_quality_hat[23]",0.624000016564231,0.0125807454386607,0.459182437138189,-0.272337994268888,0.314675493027848,0.619815305304235,0.934150871655121,1.51980938205107,1332.16429022347,1.00216464763496
"stream_quality_hat[24]",0.957166625459561,0.00833201774982571,0.329169732306001,0.315374721033707,0.729928579815484,0.955866450323445,1.17545567848211,1.60565935096069,1560.77182165746,1.00141035535675
"stream_quality_hat[25]",0.957166625459561,0.00833201774982571,0.329169732306001,0.315374721033707,0.729928579815484,0.955866450323445,1.17545567848211,1.60565935096069,1560.77182165746,1.00141035535675
"stream_quality_hat[26]",0.624000016564231,0.0125807454386607,0.459182437138189,-0.272337994268888,0.314675493027848,0.619815305304235,0.934150871655121,1.51980938205107,1332.16429022347,1.00216464763496
"stream_quality_hat[27]",0.957166625459561,0.00833201774982571,0.329169732306001,0.315374721033707,0.729928579815484,0.955866450323445,1.17545567848211,1.60565935096069,1560.77182165746,1.00141035535675
"stream_quality_hat[28]",0.624000016564231,0.0125807454386607,0.459182437138189,-0.272337994268888,0.314675493027848,0.619815305304235,0.934150871655121,1.51980938205107,1332.16429022347,1.00216464763496
"stream_quality_hat[29]",0.624000016564231,0.0125807454386607,0.459182437138189,-0.272337994268888,0.314675493027848,0.619815305304235,0.934150871655121,1.51980938205107,1332.16429022347,1.00216464763496
"stream_quality_hat[30]",0.624000016564231,0.0125807454386607,0.459182437138189,-0.272337994268888,0.314675493027848,0.619815305304235,0.934150871655121,1.51980938205107,1332.16429022347,1.00216464763496
"stream_quality_hat[31]",0.624000016564231,0.0125807454386607,0.459182437138189,-0.272337994268888,0.314675493027848,0.619815305304235,0.934150871655121,1.51980938205107,1332.16429022347,1.00216464763496
"stream_quality_hat[32]",0.957166625459561,0.00833201774982571,0.329169732306001,0.315374721033707,0.729928579815484,0.955866450323445,1.17545567848211,1.60565935096069,1560.77182165746,1.00141035535675
"stream_quality[1]",0.640243294879021,0.00945547610644994,0.371095927004911,-0.0853190369871329,0.39364645950171,0.635665188037651,0.882715523861443,1.38009197678505,1540.3009115231,1.00256989225556
"stream_quality[2]",1.18643393133432,0.0104748778833095,0.487380009188458,0.255675045735365,0.858165298246678,1.16957486230788,1.50851691573734,2.17404619971159,2164.89823484815,1.0025312456488
"stream_quality[3]",1.86279804102409,0.0115050833076651,0.390907646797227,1.13373126273504,1.60263137155933,1.85263081476119,2.11995600983689,2.66040908844819,1154.43316973474,1.00291128835806
"stream_quality[4]",0.211874958153765,0.00980107328579461,0.455846551109693,-0.672917129889518,-0.0929480250775773,0.208931472034418,0.508319889479861,1.12540547291796,2163.1671221835,1.00248393371261
"stream_quality[5]",0.769421974639114,0.00958095857084847,0.36063346616464,0.0667403400058718,0.522018986374434,0.769164217612157,1.00881988745974,1.48177296098118,1416.81820190022,1.00320436206348
"stream_quality[6]",-1.40914091157755,0.00998455106676593,0.488530870634056,-2.36804625078675,-1.73103243344859,-1.41254744701676,-1.07983860570554,-0.454325113186948,2394.01539865021,1.00184064418516
"stream_quality[7]",-0.634224532417284,0.00996591116397748,0.477537118532024,-1.58074575539324,-0.950050687334591,-0.619582182004373,-0.314499390820739,0.267495069868726,2296.04420951759,1.00189321042089
"stream_quality[8]",0.173799854992815,0.00916435675072286,0.431179397069683,-0.677111427484238,-0.119429740531217,0.169415029757279,0.461266066226138,1.02831316978886,2213.66565788643,1.00132505833171
"stream_quality[9]",-0.411068409572712,0.00938036747787943,0.445275753017638,-1.29776924369841,-0.703089443923105,-0.397181309043681,-0.10782959925702,0.433395385178264,2253.29674297354,1.00219140655195
"stream_quality[10]",-0.816336653313705,0.00970324904964114,0.461950121459776,-1.74613636922029,-1.12438621846347,-0.799785140171693,-0.505912282034812,0.0716301945400823,2266.50047532366,1.00214099888189
"stream_quality[11]",-1.03183063591129,0.0101519645939432,0.480623299409469,-2.01375234750166,-1.34136593783794,-1.0219378836213,-0.70791783251143,-0.131516366359803,2241.34882647758,1.00260470177018
"stream_quality[12]",0.406822925091119,0.00917352395657315,0.442340396798109,-0.460901681642194,0.110933075713099,0.405761763057524,0.697861684946474,1.2732840399132,2325.0955633786,1.00181665796158
"stream_quality[13]",-0.1192004126179,0.00944326608928866,0.464990244478417,-1.05592927293032,-0.421321655448657,-0.109241104631592,0.197174799918005,0.775979411551884,2424.61746077701,1.00211532327631
"stream_quality[14]",-0.998993267749945,0.0096363691469235,0.470031417295388,-1.93366856578675,-1.31056954613508,-1.00139633514246,-0.686504677058923,-0.0894763453888855,2379.17790572061,1.00215091987843
"stream_quality[15]",0.365301153533876,0.00938562486154062,0.439933243038646,-0.489692342355754,0.0654589327309855,0.352050832281923,0.661264089139757,1.24795439885756,2197.08660807303,1.00166887631752
"stream_quality[16]",-2.37398885376776,0.0114304015680033,0.542115704115272,-3.45269218557544,-2.73432728535122,-2.36695340336565,-2.01924728149104,-1.31692106933007,2249.37052585976,1.00176148227653
"stream_quality[17]",-1.24922050874567,0.00983002719986797,0.489690128827009,-2.21400116136791,-1.57809865163523,-1.25420946861026,-0.921373436774368,-0.29297334610443,2481.60845492532,1.00124169655752
"stream_quality[18]",0.28851146885827,0.00938381728198909,0.393899864252072,-0.504570170622985,0.0309501974919085,0.301886209218622,0.552716850460416,1.03971623501295,1762.02707217702,1.00239143938465
"stream_quality[19]",1.35695736168213,0.0104327776648802,0.361617671045795,0.659744759448296,1.11120930508124,1.35245243513536,1.59509879580719,2.08749199380863,1201.43252631733,1.00342594960207
"stream_quality[20]",0.584756914359461,0.0102829859234229,0.476007990437431,-0.306049436928992,0.258171256095397,0.573683198824107,0.895076439531558,1.54711036768364,2142.84127668945,1.00190947681972
"stream_quality[21]",-0.208384292009498,0.0099679842545114,0.485461569008276,-1.11794588144566,-0.542497137856114,-0.219088673314893,0.110040188503014,0.787235789972403,2371.89261984025,1.00124150374244
"stream_quality[22]",2.08399906295608,0.0120492921639053,0.410839437183007,1.31387822312665,1.81216825656667,2.07375738804073,2.34961805533488,2.92538818657538,1162.57553942919,1.00279819744018
"stream_quality[23]",0.221563736036989,0.00954446543319767,0.469153907995863,-0.70092233084138,-0.0844219919534252,0.22541820423373,0.528041388134564,1.15285916226682,2416.16983345875,1.00206194392932
"stream_quality[24]",0.3720292187837,0.0106974134235396,0.472298782257437,-0.520403972678906,0.051899797365967,0.354645952733948,0.675101979721068,1.345621131334,1949.28836689,1.00246155813052
"stream_quality[25]",2.01299075093758,0.011920386136201,0.405330391167638,1.25509147397445,1.73780117410285,2.0027330792622,2.27732878181726,2.83771497113717,1156.21257440443,1.00288751642438
"stream_quality[26]",1.82598219207041,0.0114312214143167,0.389067517966885,1.09264930086862,1.56592520316036,1.81720094876376,2.07952252960997,2.62152172757452,1158.41634117076,1.00272915352367
"stream_quality[27]",0.265957293610453,0.00950291675921424,0.399709716924671,-0.514277129267042,0.00112093020648973,0.267257605889586,0.533616380662289,1.05576247232658,1769.19442419916,1.00212674600081
"stream_quality[28]",0.261869593723916,0.00979015378967448,0.409876366833206,-0.532639627181526,-0.0130228318154492,0.261339440341666,0.535426800525208,1.06139882371958,1752.77725056499,1.0026397282373
"stream_quality[29]",1.77624082886612,0.011320564851997,0.385996313401642,1.05347383051478,1.51778053913753,1.76426292360844,2.03231798147597,2.55065267795189,1162.59946728796,1.00272260886585
"stream_quality[30]",1.76759812986927,0.0112935681783381,0.382542590725982,1.0395051441134,1.51318512461159,1.75907707251114,2.02288035438492,2.55959951599488,1147.35347014535,1.00303821301363
"stream_quality[31]",2.25945098758275,0.01260711481409,0.432641515795095,1.44926658617131,1.96487868438258,2.24768181729647,2.5418729098533,3.13534146463195,1177.67367446328,1.00273868206912
"stream_quality[32]",0.656293315854339,0.00964213497397506,0.372235470436596,-0.0795992771995719,0.409669440173315,0.652430104546343,0.89832987607495,1.40425342498602,1490.35282956457,1.00267741662109
"trout_presence_logit[1]",0.0852223651381583,0.00613267672327385,0.644295000980788,-1.12974894911689,-0.348358442052411,0.0686277429607838,0.496197919157424,1.39687054056191,11037.4660176338,0.999716626053293
"trout_presence_logit[2]",1.12298218665996,0.00987356572325064,0.9218857762279,-0.536882712665563,0.522012203466458,1.07159141508481,1.67629670061095,3.09145030733221,8717.78563582074,0.999745979400013
"trout_presence_logit[3]",2.49398903728319,0.0127730628119961,0.994104615794551,0.789547287904234,1.79540902673613,2.42020752441963,3.10138391468885,4.66183945116323,6057.23028300729,1.0001879947465
"trout_presence_logit[4]",-0.786066759453334,0.00894715700434958,0.839440662264829,-2.611285272294,-1.29050303077025,-0.735746503418933,-0.232904963151371,0.747600700358607,8802.5781241572,0.999993313129276
"trout_presence_logit[5]",0.343648978769711,0.00633873593465688,0.654859721962958,-0.853492819954433,-0.103508020486232,0.310007071024879,0.763371362508894,1.73126809968252,10673.116232183,0.999768893051563
"trout_presence_logit[6]",-3.98825078900568,0.0208653530685592,1.49532185010349,-7.3203693874995,-4.88791180100538,-3.82061530948854,-2.92717382605047,-1.49863507837575,5135.9156557525,1.00083598138671
"trout_presence_logit[7]",-2.43772437547958,0.0156281409825714,1.1455079218618,-5.03445578501275,-3.09507195446835,-2.30509723371991,-1.62665208966671,-0.572761732756243,5372.56344899074,1.00071057020962
"trout_presence_logit[8]",-0.856508382902773,0.00867945898223303,0.849464131220933,-2.67261533292014,-1.36443057948311,-0.815216021590242,-0.277862602127552,0.655552681136175,9578.66050009273,0.999757642653509
"trout_presence_logit[9]",-1.99948344426711,0.0137704524777218,1.03179159569096,-4.32632688503745,-2.57928942156099,-1.87330162220479,-1.28649734654158,-0.29650240706052,5614.19574284449,1.00053749484248
"trout_presence_logit[10]",-2.80109252479753,0.0151848461339258,1.18035763307958,-5.38080330977823,-3.52513655289045,-2.66773112303277,-1.95441352155379,-0.857048451773188,6042.35774253963,1.00077362950824
"trout_presence_logit[11]",-3.22577517590224,0.0182858659332878,1.3048584215088,-6.12665244703356,-4.01068134352922,-3.08329031298335,-2.28568392012891,-1.0952316114873,5092.08592018855,1.00092905190324
"trout_presence_logit[12]",-0.397493846829543,0.00804000059127204,0.829362753624973,-2.12661036132145,-0.896924887386337,-0.368846552017586,0.132372359935907,1.19578832756812,10640.8640245714,0.999924267830155
"trout_presence_logit[13]",-1.42000634554405,0.0127037997441713,0.97849908454927,-3.66092431485646,-1.98334534419899,-1.33317116683346,-0.744948791970812,0.261186214088975,5932.71613613052,1.00060459952378
"trout_presence_logit[14]",-3.173326291579,0.017086108021669,1.28771375090471,-6.07125662289859,-3.92071220498865,-3.03148248859728,-2.26577454485385,-1.04460608115017,5680.05277969623,1.00085735164968
"trout_presence_logit[15]",-0.480503099957612,0.00835120314813258,0.849705854832448,-2.26220200755899,-1.00414534602327,-0.450351463983979,0.0703884407541023,1.14253409246211,10352.3542516244,0.99977231732074
"trout_presence_logit[16]",-5.90353851631493,0.0306471710462056,2.02425670922852,-10.510062443557,-7.15588923514508,-5.71842112444496,-4.44460199027836,-2.52875250660591,4362.65017960049,1.00071227967905
"trout_presence_logit[17]",-3.66561064785092,0.0195970728975808,1.41633549637359,-6.83483636581794,-4.5151933486313,-3.52414104422227,-2.66797391612231,-1.29940374061314,5223.35884616311,1.00038175221285
"trout_presence_logit[18]",-0.589132251490592,0.00807774855224469,0.737095574437114,-2.12208936378634,-1.04522347188345,-0.563398253263727,-0.100359036820002,0.806190409269611,8326.58552322248,0.999844578293816
"trout_presence_logit[19]",1.4982170363574,0.0088498039740835,0.771734568625053,0.169555337174489,0.948019220509269,1.44902360509562,1.98080950904345,3.18827172698328,7604.46396646447,0.999919285529391
"trout_presence_logit[20]",-0.0627770653383222,0.0088542551402108,0.843359093666281,-1.74302600707744,-0.582763798203235,-0.0658105994879379,0.456726311585833,1.61014588384732,9072.37513821748,0.999795976738666
"trout_presence_logit[21]",-1.61985514739311,0.0133610554680764,1.02141267270391,-3.88596888111872,-2.23566916896223,-1.53027210660256,-0.911386390552282,0.151659633217606,5844.14455665517,1.00018057705161
"trout_presence_logit[22]",2.92861151198578,0.0145348577777776,1.10907380206015,1.00909850106905,2.15659183443819,2.83577439620156,3.60976051946774,5.34911904326445,5822.36356179665,1.00032867782886
"trout_presence_logit[23]",-0.765856195599725,0.00941661725962289,0.873983862364527,-2.66383077765573,-1.27523626124495,-0.71478985004574,-0.183975586744193,0.810276178891778,8614.24044454854,0.999882316792242
"trout_presence_logit[24]",-0.48173943141708,0.0103564180809706,0.854741331650201,-2.26555820366327,-1.00320049318012,-0.468494857492877,0.0653193741155067,1.14438880715554,6811.61764258397,1.00042453025364
"trout_presence_logit[25]",2.78937668136613,0.0139788689246794,1.07195310197539,0.939888947885498,2.03465423512889,2.70667990782959,3.45476892970681,5.11703014258931,5880.40861790098,1.00025247505232
"trout_presence_logit[26]",2.42100995439175,0.0122541379650602,0.9742550989423,0.749174863582675,1.74163356742587,2.34780749154218,3.01628152713488,4.54235994912318,6320.91344918347,1.00015910120936
"trout_presence_logit[27]",-0.646031234419328,0.00703242197878576,0.731953316673906,-2.13591437936076,-1.11115874504848,-0.626415827870115,-0.163521115549919,0.737650033938023,10833.2039868116,1.00021488693644
"trout_presence_logit[28]",-0.659709171678732,0.00779238439956428,0.723078361930257,-2.16678973238024,-1.11070499080635,-0.631460560661663,-0.16651409101934,0.674856818464835,8610.53218799099,1.00011356868665
"trout_presence_logit[29]",2.32303491280131,0.0120529970242438,0.952407815821085,0.685656976745397,1.65332718809177,2.24958180006386,2.90510613528818,4.41373612743951,6243.89804246234,1.00026693481022
"trout_presence_logit[30]",2.30637459997277,0.0119557255980507,0.947363320441899,0.682639685634628,1.63303983282198,2.23260364100455,2.8852046145486,4.38774136369083,6278.86657250082,1.00001557365961
"trout_presence_logit[31]",3.27376190217716,0.0160074643123298,1.20428451079424,1.19330873529323,2.43330920405529,3.17766251162817,4.0247974876929,5.88921798707695,5659.95680335031,1.00030946393981
"trout_presence_logit[32]",0.119590405264848,0.00639783339043914,0.649861057157357,-1.11349349493277,-0.313424949350758,0.100626165987822,0.52707073435732,1.45718626219756,10317.5165224726,0.999735798453847
"trout_abundance_log[1]",1.11628177388959,0.00499290580608826,0.520238188752234,-0.0365946988274004,0.798699995211925,1.16149424555459,1.48118430728411,2.0153456753755,10856.6968709312,0.999571644693728
"trout_abundance_log[2]",2.40921620904957,0.011550874516259,0.92384376068113,0.518075713320787,1.81444979002795,2.42612815285611,3.03323834693114,4.20987691052103,6396.86710565504,1.00034535336045
"trout_abundance_log[3]",3.99165131689689,0.00153452777299473,0.132372033715755,3.72209434044573,3.90384066906592,3.99488178059184,4.08123123152054,4.2414618483234,7441.19998426002,1.00022211574414
"trout_abundance_log[4]",0.0803839384043638,0.0107829430312569,0.955041748468319,-1.93415264838475,-0.526615828014114,0.136914416898803,0.744362675534989,1.79695563896583,7844.58714309134,1.0002455449318
"trout_abundance_log[5]",1.42575552525836,0.00478084584011193,0.457583844432689,0.4250181062219,1.14436477382824,1.45506679861181,1.7468533447927,2.22554171404294,9160.76802056647,1.00004408078653
"trout_abundance_log[6]",-3.78497015685198,0.0195573925344179,1.3900709083111,-6.74550546056412,-4.65959584430143,-3.67975509722481,-2.80844374386142,-1.35813469605149,5051.86810968899,0.999927086439229
"trout_abundance_log[7]",-1.92613906897551,0.0165544104352675,1.2199178739499,-4.586739381119,-2.6701004139125,-1.80839158565955,-1.06687222202157,0.0923597721368909,5430.42415044936,0.999859375381863
"trout_abundance_log[8]",-0.00819709893430331,0.0114356731510003,0.98492500157505,-2.07316871611308,-0.617273742417245,0.045774308087895,0.651418543150318,1.81058531391342,7417.93213115802,0.999843465953393
"trout_abundance_log[9]",-1.39489056221922,0.0144944673898064,1.11477758276039,-3.85853603701954,-2.0582900588706,-1.2838559745331,-0.624063467848479,0.497080707660029,5915.2340156836,0.999825083736388
"trout_abundance_log[10]",-2.36579900559436,0.0154342713646153,1.22152792358062,-5.01729367965358,-3.11136170355074,-2.26852084680602,-1.50857232601162,-0.24953834286462,6263.75171917338,0.999808897662589
"trout_abundance_log[11]",-2.88176985963156,0.0183077829383155,1.3283218817811,-5.91449889221731,-3.66363675878107,-2.74182221097035,-1.95837459377428,-0.658904147229756,5264.23349951798,1.00012474680756
"trout_abundance_log[12]",0.551661576668064,0.0104217544458652,0.949130155267736,-1.49222167352153,-0.0335304194845202,0.613069463703162,1.19998632760731,2.26976297237777,8294.11153249141,0.999958185188142
"trout_abundance_log[13]",-0.695841522441392,0.0150298853135131,1.1029103196268,-3.08184632515865,-1.36503422250213,-0.615971577191865,0.0810366406357766,1.20638841409629,5384.7936728641,0.999870030712589
"trout_abundance_log[14]",-2.8034285528335,0.0162523369553719,1.26534810607631,-5.55513903067946,-3.57959724740024,-2.71500353632412,-1.91521861612494,-0.56396354547135,6061.61575523764,0.999916900260575
"trout_abundance_log[15]",0.448354229503141,0.0110552328827162,0.971622428647998,-1.57677724798208,-0.156165373779614,0.496285749610073,1.10761580558864,2.24988693562223,7724.30246870023,0.999791179223147
"trout_abundance_log[16]",-6.09107576856322,0.0265234015651073,1.72561807926701,-9.84194851867118,-7.14818963716734,-5.99225624525903,-4.88574776351998,-3.03332795613504,4232.83094254613,1.00008495228517
"trout_abundance_log[17]",-3.4046665567303,0.0199166668738946,1.38486724511056,-6.38084841817629,-4.23997987716915,-3.31279885179404,-2.44571527661317,-0.942149860944954,4834.84959157836,0.999614376449069
"trout_abundance_log[18]",0.289721455371452,0.00884895573897253,0.738429752756285,-1.34429622828657,-0.146371015066459,0.362862852724337,0.813173288746359,1.51718048129112,6963.60820273165,0.999809101176979
"trout_abundance_log[19]",2.81142187010446,0.00239579012581872,0.231969815198824,2.33513477065329,2.66173060361316,2.82239768370867,2.96602408812697,3.24654740097272,9374.8734013965,0.999922690883553
"trout_abundance_log[20]",0.962834179942704,0.0112512966288688,0.941285406621194,-0.979913648179038,0.360543986489469,0.991555837780095,1.58803702950037,2.77968202653562,6999.02431106366,0.999837318033349
"trout_abundance_log[21]",-0.932823471464079,0.0157488139294289,1.12069493178068,-3.27579422909837,-1.64306925616808,-0.884851796752098,-0.153152439038356,1.07382514637069,5063.82993751486,0.999981997610057
"trout_abundance_log[22]",4.50758809839969,0.00123390207402455,0.105198468819532,4.29294986468987,4.43615603398751,4.5076659173309,4.57944891507712,4.71077394459639,7268.71178576103,1.00012296939968
"trout_abundance_log[23]",0.0997454186743994,0.0123669917510202,1.00552829537184,-2.10919181391536,-0.491804641315354,0.167060813642071,0.775796524594757,1.87071897466403,6610.89790056066,1.00009609235848
"trout_abundance_log[24]",0.453395728832622,0.0129950569745093,0.973082583910491,-1.56319619172939,-0.176642460074281,0.472742712658266,1.11834811458634,2.28579379782956,5607.16096412026,1.00018447252628
"trout_abundance_log[25]",4.34161724926632,0.00125075909253265,0.11183417826078,4.11580996522741,4.26796701455589,4.34344798202034,4.41839219932437,4.55530311093172,7994.69250693974,0.999669020383154
"trout_abundance_log[26]",3.90523471861926,0.00157571000415966,0.140564784867727,3.62609206018707,3.81018313466685,3.90619898280529,4.00173350789638,4.17870819917541,7957.93669078812,0.999739036665717
"trout_abundance_log[27]",0.226101564970482,0.00746898764820531,0.707957341387727,-1.31583067879849,-0.210400394997407,0.28229633228868,0.731908314810592,1.41698849505733,8984.43346617604,0.999764227944798
"trout_abundance_log[28]",0.206923133020392,0.00902062794732786,0.741543737114995,-1.45722428952923,-0.242118253834296,0.27340787432765,0.733389911798164,1.4556053872354,6757.71700758721,1.00000645386221
"trout_abundance_log[29]",3.78916342910787,0.00166642398767816,0.148485511934434,3.48818847624645,3.68910544219198,3.79200583123118,3.88972218900929,4.07126406616503,7939.57296430765,1.00001736586422
"trout_abundance_log[30]",3.76862587485483,0.00166717641066665,0.145192301944204,3.47362881237232,3.67505975952073,3.77166206854688,3.86743159357825,4.04306602830946,7584.44957312804,1.00045827377942
"trout_abundance_log[31]",4.91612805355661,0.000929612258826972,0.0830698433357763,4.74855387461685,4.86076909596216,4.91835335654987,4.97286197997941,5.07301146764574,7985.15036470803,0.999933456946791
"trout_abundance_log[32]",1.16147872722907,0.00464520952929772,0.495838942209679,0.0926873618819315,0.852495199453178,1.19391068427918,1.50760407381,2.02281815734995,11393.8539496985,0.999886775702408
"conduct_rep[1]",-0.172741188862326,0.00516151743591528,0.465195150725716,-1.06985854600417,-0.4732103761541,-0.177322152411645,0.125529030188151,0.770276094951775,8122.98329932686,1.00017003068353
"conduct_rep[2]",-0.61408498815078,0.00628645857588372,0.524382806879021,-1.6009279109509,-0.961848565653362,-0.638803621406537,-0.291200202148293,0.494480635872903,6958.00556043901,0.999946871408661
"conduct_rep[3]",-1.16691762130568,0.00504484981551371,0.445885073137309,-2.02289874353994,-1.45640991611868,-1.17108710459823,-0.891381811786809,-0.249131390511984,7811.76884448131,1.00010566985136
"conduct_rep[4]",0.179154316834755,0.0055191211012109,0.509376876903493,-0.826233717466246,-0.155934682494941,0.17073761825566,0.500701549742409,1.22149746008532,8518.01902324293,0.999835504697356
"conduct_rep[5]",-0.278887302969696,0.00502640035731463,0.455703400398798,-1.17386969697277,-0.574730095160318,-0.286433597050304,0.0132789360134474,0.618986937887812,8219.59431925599,0.999742163178986
"conduct_rep[6]",1.49698975594097,0.00600286173373544,0.531160421407313,0.38680908384793,1.16386207643967,1.51184293773912,1.85686679474137,2.49342741051279,7829.51270505448,0.99986605569043
"conduct_rep[7]",0.858923386529548,0.00596075769380299,0.524023074943778,-0.122141321444007,0.510700226240773,0.8397239684836,1.18389583455525,1.94951669432689,7728.54760581899,1.00026126128956
"conduct_rep[8]",0.205159768528701,0.0052805985574321,0.505782112083953,-0.807155996075953,-0.127435457881176,0.214940348693717,0.537581452075345,1.20121024220877,9174.0399252912,1.00000546332847
"conduct_rep[9]",0.668170664489392,0.00561654263406059,0.520815375411104,-0.35110231765938,0.329219649481578,0.653840798715969,0.996869427620053,1.72766184484809,8598.63420635556,0.999900299479832
"conduct_rep[10]",0.995713119400674,0.00549919733625351,0.514253430965886,-0.0308213283661351,0.654734194025218,0.992206587305374,1.33632607956482,2.01256402078319,8744.9189140253,0.999930621267312
"conduct_rep[11]",1.17587594979482,0.00560343405926187,0.513838740978699,0.184986950290008,0.836583919194385,1.1674899818884,1.50506777992112,2.22846321085848,8409.01560957109,1.000092798548
"conduct_rep[12]",0.0082220834599442,0.00558716869597303,0.511634933048317,-0.996199003443957,-0.335833197528523,0.0119174630016636,0.336983916999194,1.04345973452351,8385.65150298297,1.00021500489271
"conduct_rep[13]",0.437376304231178,0.00627135521673828,0.522027722336881,-0.530511574626924,0.0799225683472126,0.416694238309384,0.76900512043988,1.52895308164198,6928.90062879278,0.999732281438215
"conduct_rep[14]",1.15190163902836,0.00577607134139943,0.521350118059863,0.104810628050337,0.817639820821654,1.16387326750221,1.49782385928728,2.15670886059335,8146.92756804963,0.999921626404036
"conduct_rep[15]",0.0443296055916444,0.0054008724513645,0.515505480883276,-0.982260428965542,-0.284423393600919,0.0492660961600219,0.378055739194818,1.05062157067962,9110.42699306992,0.999718919812009
"conduct_rep[16]",2.28846103659434,0.00711620658180467,0.560610039219425,1.0894246032463,1.94151335319867,2.31817112046675,2.66579109883689,3.30868931556775,6206.18399904279,1.00128012579943
"conduct_rep[17]",1.35954360374242,0.00608332700916735,0.534336767402168,0.252917778007133,1.02956147977764,1.36881044832272,1.71221093393374,2.38524283258625,7715.21072390713,1.00031856233517
"conduct_rep[18]",0.120382173117431,0.00579779530812405,0.488813395129232,-0.81297925574034,-0.203575254633345,0.109203207753636,0.432124119915978,1.1253279490195,7108.21311461677,1.00004023653244
"conduct_rep[19]",-0.74680714797936,0.00494039419518429,0.439673722279923,-1.61477383348725,-1.02513697024668,-0.749436689830194,-0.471947721748052,0.159832760340396,7920.23038895828,1.00004293104384
"conduct_rep[20]",-0.118459459154213,0.00571371189166411,0.512172903794085,-1.1381217508009,-0.457949087807448,-0.109643545692212,0.225085370409857,0.860318337522266,8035.19686971884,0.999819855961734
"conduct_rep[21]",0.524452901946756,0.00615977979408916,0.524498739035003,-0.550080098303735,0.188784792679704,0.544431554130888,0.877450790974656,1.52475043831421,7250.34250661181,1.0003183643179
"conduct_rep[22]",-1.34032832804474,0.00490860617209899,0.452103993173648,-2.21681315144524,-1.63178364416681,-1.3439053765968,-1.05820994227609,-0.407961260857084,8483.21175000594,0.999940313976574
"conduct_rep[23]",0.165936186287655,0.00567468813073229,0.503235059451922,-0.811603457548218,-0.169925660941265,0.163642779709715,0.483632302286184,1.17641140349986,7864.2585430327,0.999975320150274
"conduct_rep[24]",0.0633483074938763,0.00595648101618686,0.514715469456377,-1.00429464405054,-0.266078226662445,0.0835453812369499,0.401208568806629,1.04509268892554,7467.15072738846,0.999597883716759
"conduct_rep[25]",-1.28272408126547,0.00501385255420155,0.448812907933252,-2.17137215416049,-1.57034671066738,-1.28311404182569,-1.00117128411982,-0.388340742965071,8012.86011691515,1.00027641508269
"conduct_rep[26]",-1.14344714240728,0.00493108858852317,0.447602923959109,-2.0436163491113,-1.42786938051663,-1.1479955818989,-0.860520628772543,-0.23709936702992,8239.48789630127,0.999645451056006
"conduct_rep[27]",0.145226688959201,0.00524271595186872,0.479483584281736,-0.800578622175624,-0.165856957209733,0.140509173202889,0.457594055225894,1.10745841965859,8364.40069383105,1.00022394940124
"conduct_rep[28]",0.148641901838656,0.00533429404427277,0.476919335617238,-0.809309744789806,-0.165052750226543,0.158594121829905,0.460769446744674,1.07501544701993,7993.48118354871,1.00041199440843
"conduct_rep[29]",-1.08452550173512,0.00515721773205271,0.446289921315259,-1.96693104669702,-1.37443999060112,-1.09009916376697,-0.798041620777336,-0.188515189998771,7488.64466495387,0.999710748868415
"conduct_rep[30]",-1.07965569751247,0.00488724457501104,0.442837088367705,-1.94028841603198,-1.36528130386211,-1.08166967747776,-0.808154135108817,-0.18442867307415,8210.31513474389,0.999799070844505
"conduct_rep[31]",-1.48908538915671,0.00509804031277739,0.457229422900181,-2.39222557563161,-1.78150894055105,-1.49554701735968,-1.1983236332346,-0.565719274471171,8043.81009086222,1.00006859161392
"conduct_rep[32]",-0.182462890619579,0.00507112370243723,0.459933352866322,-1.09124193297126,-0.485042414011623,-0.182482655014845,0.120156978686902,0.715059805481691,8225.86162193075,0.999829977894027
"depth_rep[1]",0.115009420855882,0.00835034218577677,0.746105642835474,-1.34334629451998,-0.38175135898342,0.128971315919765,0.615270007306213,1.5772177700467,7983.47746759536,0.999671823028344
"depth_rep[2]",0.40962826197514,0.00853427634151321,0.767069889693229,-1.12349866341694,-0.0965800746521557,0.42586569271268,0.919493664826012,1.9141022356816,8078.60675366207,1.00009124032922
"depth_rep[3]",0.80543099309838,0.0082550067481737,0.751588013153117,-0.662070981911699,0.307726562020665,0.807841388957557,1.29562974050809,2.27559505990806,8289.43298457784,1.00003823221468
"depth_rep[4]",-0.123400841677587,0.00811387354086201,0.759370758164497,-1.63786523628573,-0.620219860645212,-0.126645696884861,0.375136777837149,1.36970709944282,8758.93430975118,0.99993039561304
"depth_rep[5]",0.191993533184735,0.00810441244183751,0.742821584841887,-1.27008622580425,-0.301118186324493,0.194885232193925,0.673403801935827,1.65872104953105,8400.90281549347,1.00010524821033
"depth_rep[6]",-1.03669615626591,0.00869985697881094,0.780076400401629,-2.55547915810282,-1.54507130061813,-1.04308947690526,-0.531659632949148,0.528171954633583,8039.88899610424,1.00039199131052
"depth_rep[7]",-0.610927981535206,0.0087872529213149,0.767524179374445,-2.15679172387912,-1.11571868547273,-0.611342304628031,-0.0948878107802031,0.876815950265947,7629.18029541522,1.00033243106083
"depth_rep[8]",-0.150149948867404,0.00858437578335411,0.765064191254703,-1.65937972639445,-0.649865575543138,-0.143407814068955,0.346653132968356,1.35673789045301,7942.8856307038,1.00021868235086
"depth_rep[9]",-0.469506027297145,0.00854161781417676,0.768005447998976,-2.00455358380365,-0.974782932646573,-0.475343527057067,0.0381758153728095,1.07332119093487,8084.41000098549,1.00001096430616
"depth_rep[10]",-0.697901415807821,0.00833573223892493,0.764601277869272,-2.20248278864467,-1.20505695442693,-0.702002190865709,-0.194957993623231,0.828149184914999,8413.61291495973,1.00024360038127
"depth_rep[11]",-0.828378500635163,0.00867118158121903,0.782289779957567,-2.39782779678234,-1.33447656383401,-0.830446221171866,-0.318040822309087,0.704058316062725,8139.1443621004,0.999833985441125
"depth_rep[12]",-0.0187797047256365,0.00876070387381688,0.750508176030219,-1.5137842682454,-0.520773429226204,-0.0170048584850935,0.472570890169302,1.46761639201499,7338.93183920506,1.00022438075512
"depth_rep[13]",-0.30728465439218,0.00879168128039952,0.768607394504418,-1.82905535258281,-0.811546632425981,-0.317175707588347,0.194252073719688,1.22000170835997,7643.02439428609,0.999856145414013
"depth_rep[14]",-0.803497587439888,0.0085574088771115,0.771844212482118,-2.34282920943454,-1.30431653609571,-0.809172072396269,-0.292065279329265,0.744855071981386,8135.32181839244,0.999972077962548
"depth_rep[15]",-0.0368135385370652,0.00828878808762978,0.76389408562263,-1.55475027259202,-0.542556051505472,-0.0414424266618456,0.46506354308944,1.51480862996343,8493.45171209078,0.999655379682439
"depth_rep[16]",-1.57330631157427,0.00916038440589709,0.804623302541299,-3.19782219037505,-2.09140778260302,-1.56242433382026,-1.05724674895188,0.0237254085370196,7715.38876602228,1.00016308470671
"depth_rep[17]",-0.951484682869254,0.0090419409791499,0.78123153112984,-2.48097845264749,-1.46755225024938,-0.962624176421302,-0.436974624785225,0.587899737815013,7465.10964957093,0.999975477618085
"depth_rep[18]",-0.0780397989726642,0.00853086366284507,0.752693030188931,-1.59726497295589,-0.577966867636089,-0.0619418838621161,0.4204057694819,1.38829440389985,7784.84171229679,1.0000772167812
"depth_rep[19]",0.515167585096389,0.00824986267380414,0.741542186251582,-0.952351644756815,0.0316483745892346,0.529789005430681,1.00432012944824,1.9666821148521,8079.38469454741,1.00013373338156
"depth_rep[20]",0.0764450345209031,0.0082577195765663,0.755557865542496,-1.40468523210166,-0.422404892714723,0.0670449195737137,0.586451459007866,1.55818224999281,8371.72976087598,1.00020892574675
"depth_rep[21]",-0.363608705152899,0.00838497310927828,0.759427687619425,-1.87738202379532,-0.863700750976758,-0.350637456455071,0.126170445107009,1.15638003649099,8202.93944120087,1.0000011720354
"depth_rep[22]",0.914715908260129,0.0086795899945329,0.767302323416948,-0.574336028673594,0.405512773125057,0.922935078457103,1.43600368804799,2.37800314379673,7815.1011875548,0.999819113332982
"depth_rep[23]",-0.108981374889064,0.00850498544583971,0.759263950000831,-1.59932924613403,-0.605202489274364,-0.110086146672808,0.393191138983911,1.38953844830946,7969.63461036839,0.999747565124476
"depth_rep[24]",-0.0310266103431958,0.00883091538663711,0.759723806445042,-1.50364840346469,-0.540942353519091,-0.0303067029713409,0.456180095079731,1.46854649593263,7401.16393426786,0.999724984094163
"depth_rep[25]",0.880314747783648,0.0089850995068344,0.76726700133024,-0.623498723313467,0.375306189109394,0.880498666403482,1.39592787410423,2.38865929321528,7292.0100512439,0.999618731793306
"depth_rep[26]",0.767032034184448,0.0084506490929756,0.744679769339828,-0.731206451028346,0.273016748550873,0.764795551728454,1.26791485502965,2.20045642098252,7765.31315653585,0.999820133196705
"depth_rep[27]",-0.117633074745222,0.00844251103005641,0.749326796970314,-1.60669311510004,-0.61478278634328,-0.108966447916032,0.383472683007158,1.33765949799965,7877.69666926623,1.00002594580939
"depth_rep[28]",-0.0929069355795282,0.00834868017938485,0.756589705124142,-1.56390723063681,-0.604106162633462,-0.0904049351354884,0.404218591050478,1.40934874049397,8212.68576766524,1.00016797165581
"depth_rep[29]",0.738562780277932,0.00836660136894444,0.751803809997811,-0.769674833855384,0.245436815115201,0.747579443667601,1.23156806302324,2.21556834121375,8074.41170883562,1.00095029507566
"depth_rep[30]",0.741889943464044,0.00845070194670116,0.74794351842862,-0.76561306583062,0.247957430019057,0.741514902644684,1.23266024353057,2.22982083566686,7833.43126212363,0.999861810770301
"depth_rep[31]",1.03000399075498,0.00881374284171084,0.765979385969963,-0.519403888611961,0.544539881959263,1.03290075050718,1.53130809324054,2.52656515235053,7552.89442607506,0.999988030955668
"depth_rep[32]",0.117761515116168,0.00821749794320306,0.744066434726863,-1.34944363997814,-0.373030283122033,0.127408816497941,0.610726620613107,1.56698955975921,8198.68534932154,1.00005812906437
"do_rep[1]",0.0765225512704775,0.0113794258629978,1.00832255496373,-1.87486565233322,-0.600399359942521,0.0549016025238902,0.74778776568724,2.07199526691922,7851.60173671725,0.999721383386576
"do_rep[2]",0.173847417224704,0.0113804589823306,1.0061860767665,-1.79807068788124,-0.483913481880897,0.185866938168443,0.837360926573744,2.16336853220446,7816.94490845787,0.999794731397528
"do_rep[3]",0.291045785723351,0.011728457019834,1.03073020082078,-1.74842182805737,-0.390507048175312,0.297468761023688,0.963561980021836,2.31854402110491,7723.39490173871,0.999603841779322
"do_rep[4]",0.0196652769696736,0.0121703592462027,1.01121286404501,-1.9879653862308,-0.636894684011632,0.0153816774713733,0.683153665728986,1.99476958190399,6903.64380327433,1.00003289087163
"do_rep[5]",0.127105241273106,0.0116516370137403,1.00992614955137,-1.87260015850457,-0.539774160054537,0.134190699445161,0.79589375686558,2.0933316805206,7512.86079111263,0.99981728483195
"do_rep[6]",-0.244660977660873,0.0115130328941539,1.02239360309399,-2.2429874671199,-0.916770687060886,-0.24450223239373,0.433298931497412,1.75625700350364,7885.99969735668,0.999710081480314
"do_rep[7]",-0.127247388264796,0.0119277912176963,1.03401292888003,-2.18023627247468,-0.807733842175286,-0.130148852176529,0.55194824990401,1.95652663984292,7515.05010848045,0.999991263584245
"do_rep[8]",0.0303195593362557,0.0115096781500469,1.0210526879628,-1.95696029741624,-0.661128660532703,0.0290739017950598,0.720093642769894,1.98249812648341,7869.91328401448,1.00004622796341
"do_rep[9]",-0.0901901898875526,0.0112953388621273,0.998767061903619,-2.09150201390535,-0.7470059055459,-0.0732806994501236,0.572536837135484,1.83680405338518,7818.61618388034,1.00015796985046
"do_rep[10]",-0.163185918347786,0.0122939457212197,1.02160123920627,-2.17760152879422,-0.834881456074514,-0.154021767247416,0.514490404684029,1.85884596613601,6905.26324279759,0.999961911278585
"do_rep[11]",-0.19156331131159,0.0115035223576288,1.0186050377257,-2.20567384840632,-0.857240381389502,-0.184541188663199,0.481440847703071,1.79693221952257,7840.61190548957,0.999721385221256
"do_rep[12]",0.0547554817913378,0.0112584686027891,0.998781022024746,-1.9360945451652,-0.607910675949218,0.0514490058608735,0.72526111638945,2.01492438826942,7870.13027453605,0.99994197148253
"do_rep[13]",-0.0342806985665809,0.011571983893693,1.02146314590473,-2.04845963554945,-0.711833963697933,-0.0245784644341842,0.660274806799668,1.90987734070381,7791.6558701419,1.00005727718351
"do_rep[14]",-0.167301484772123,0.0114272406148688,1.01834262553935,-2.18891668546779,-0.836091672049239,-0.167756405444908,0.48925654299411,1.87901915080687,7941.54683172007,0.999720181271706
"do_rep[15]",0.0491116248983154,0.0111997681617871,1.01493799210093,-1.96662969001601,-0.627160061117313,0.0465792754849026,0.70288928677335,2.09385285628168,8212.22715967158,0.999892806016582
"do_rep[16]",-0.38750719740095,0.0122147128328189,1.05412666075957,-2.46639696428344,-1.09251871384462,-0.381469926722157,0.308871969198549,1.66663633544986,7447.64680718375,1.00000502830934
"do_rep[17]",-0.226348439258504,0.0118760097728952,1.02374151101911,-2.25970981554803,-0.891888710576928,-0.231084585893352,0.445286806849944,1.78773240539073,7430.86779174914,1.00015733724552
"do_rep[18]",0.0322891167113256,0.0114856714704052,1.02232970920781,-1.96172868383029,-0.636581884531313,0.0463079517288514,0.693347827312368,2.05028648337462,7922.62652778532,0.999826962664527
"do_rep[19]",0.224028773657635,0.0116440171316853,1.02694032239001,-1.7643813456218,-0.453989754123924,0.223066237095136,0.890551662649673,2.2713438794382,7778.30093719582,0.999887613278275
"do_rep[20]",0.0886737480435726,0.0112055565116753,1.00405457366141,-1.89376502806228,-0.55385236716324,0.0913082382633364,0.747017991906041,2.05545495278192,8028.74708292101,1.00022874002059
"do_rep[21]",-0.0382886096695934,0.0113646062403475,1.01810534673432,-2.0026485476951,-0.714745665544345,-0.0427471286926484,0.641039916302782,1.99055648239064,8025.58410911205,0.999784268723751
"do_rep[22]",0.324780493602531,0.011514573632567,1.02736780587934,-1.69161045484905,-0.352421228165283,0.32547954827125,0.99825130429939,2.37617347867942,7960.79026251589,1.00004794499166
"do_rep[23]",0.0232543984218775,0.0111735349610305,1.00473903906439,-1.95505157477569,-0.650780884855147,0.0298579083499191,0.68362929688836,1.95808931924289,8085.84421389,0.999628913483492
"do_rep[24]",0.0288356077019538,0.0114256366839057,1.0227673993473,-1.99905300861016,-0.636698239945497,0.0259608886953019,0.6758178341637,2.05557313998276,8012.95922368991,0.999689410598295
"do_rep[25]",0.321537695427753,0.0116861805955153,1.0226938684795,-1.62609322891837,-0.365415293948755,0.314626065445226,0.996362387239296,2.3799640475837,7658.5423332169,1.00002149218316
"do_rep[26]",0.278887602846221,0.011691566690662,1.01631542599046,-1.74523222890767,-0.388878627162739,0.287394554998968,0.948914710988829,2.25415359402795,7556.34211413376,0.999867272426813
"do_rep[27]",0.0347158686679224,0.0114189902675249,0.995271128712129,-1.92599961568375,-0.625732045105745,0.0417563019632811,0.691786897755455,1.9885889677719,7596.74251228688,0.999670167523745
"do_rep[28]",0.0323366891094861,0.0111899096432673,1.00898229956937,-1.94593772522713,-0.645065607038291,0.0246471596786683,0.69920179435645,2.0092169530561,8130.43787513478,0.999856566395155
"do_rep[29]",0.289654862867284,0.0120024248064513,1.02292651542363,-1.71083545828384,-0.406581457361385,0.28731855409541,0.975616485171008,2.3304726907309,7263.58268387165,1.00004728707644
"do_rep[30]",0.280425422835334,0.0113937794441104,1.01904400579217,-1.77293479131035,-0.395388565125027,0.290390745087305,0.974597078143182,2.26392556067527,7999.2682503689,1.00017333580803
"do_rep[31]",0.356235896532512,0.0116973828782813,1.04431029018503,-1.71148847859919,-0.327759661284541,0.359321324407807,1.05942758282808,2.36840110381725,7970.42911710117,1.00015798575675
"do_rep[32]",0.0920645657209657,0.0113810507570361,1.00667912172069,-1.93707965761679,-0.580217788234662,0.0845625793310178,0.757941840151727,2.08169040145133,7823.79392235273,0.999898901538783
"thermal_rep[1]",-0.0529747149631807,0.00817479345897874,0.735700784067154,-1.48023240520783,-0.548027649616902,-0.0651185404483095,0.441884508458221,1.43094184666526,8099.32563573023,1.00003115649385
"thermal_rep[2]",-0.402196886857267,0.00841154374919873,0.776349486456625,-1.94549000545315,-0.908866883800415,-0.413214588244487,0.113404311678718,1.12615661364422,8518.49992621092,0.999930509863922
"thermal_rep[3]",-0.821229684087749,0.00839117752364645,0.753813259363601,-2.30828841575895,-1.32375274742452,-0.812047229932984,-0.326319629656349,0.669683713081031,8070.15221738512,1.00001705397405
"thermal_rep[4]",0.199293783896304,0.00834668186810623,0.750037956809999,-1.31164672168377,-0.294294894458407,0.20434175061332,0.697032574476808,1.65205550519899,8074.92993293898,0.999783193844225
"thermal_rep[5]",-0.141926024213734,0.00816783196174112,0.745313179014811,-1.59331698789769,-0.634404124385898,-0.135805929490686,0.350451106093106,1.31203685088041,8326.52926383679,1.00003049419012
"thermal_rep[6]",1.1858139304819,0.0090620706814162,0.792884253877751,-0.391044956891191,0.660830617578218,1.18904355079961,1.71723911351724,2.72218109322009,7655.34373499475,0.999677572963262
"thermal_rep[7]",0.727120498103167,0.00852552510784745,0.764300514274923,-0.769273670063725,0.227687646392184,0.723646817854423,1.23604891762789,2.22361355288426,8036.85306106034,0.99968660366471
"thermal_rep[8]",0.209086993406786,0.00831044504439134,0.761890207667592,-1.30628322580458,-0.293218697521609,0.207423078106868,0.710964433268674,1.72132345183186,8404.97100689029,0.999927163850068
"thermal_rep[9]",0.592681375658851,0.00838537222983987,0.766976131575772,-0.901271473126298,0.0782925283515664,0.589754266856368,1.10975888821504,2.10376378292995,8366.02207031879,0.999922162652846
"thermal_rep[10]",0.834065448180145,0.00857173597910991,0.775872824770506,-0.694620799973555,0.326833319422519,0.831816818408642,1.33085402891455,2.38103375853139,8193.01047596008,0.999901076666264
"thermal_rep[11]",0.966952557272302,0.0087171047225044,0.784230239969292,-0.586084194487593,0.443665919415182,0.973369523642161,1.48194891716773,2.50477306337862,8093.61687791375,0.999649251298385
"thermal_rep[12]",0.0736490443285661,0.00835244784659614,0.76439289201095,-1.42498255880466,-0.44300259524507,0.0651334950712008,0.565732282984886,1.61991464199236,8375.40341691696,0.999846103363378
"thermal_rep[13]",0.408421942771929,0.00853764542692072,0.756719646933112,-1.10860981615929,-0.0869639588079443,0.408185619959523,0.91470819509703,1.90121470837182,7855.86100754412,0.999733806560853
"thermal_rep[14]",0.946576185691427,0.00835688525747572,0.765087550395849,-0.535140024037755,0.441427704369204,0.930594980765923,1.4416486548537,2.47580453338218,8381.72469239971,0.999853542292496
"thermal_rep[15]",0.0914679473209185,0.00844787466497899,0.765721530617208,-1.40345279784037,-0.413839008984764,0.0880865695176697,0.590101247544343,1.62497698026553,8215.7420215194,0.999936584353226
"thermal_rep[16]",1.79474028562671,0.00911407493304168,0.815909293207696,0.191428386990776,1.24356848630827,1.78607789480964,2.32306696127428,3.42741436243114,8014.17035289834,0.999785886687616
"thermal_rep[17]",1.09455537946058,0.00865384323442386,0.771676082711165,-0.396642082775454,0.579542302630249,1.08395362825693,1.60224814352489,2.60753394801121,7951.55436649765,0.999839379488482
"thermal_rep[18]",0.169435629578619,0.00820693891909971,0.744979407055996,-1.30390057927846,-0.312766175406303,0.170317669998143,0.657644896301304,1.6438323609408,8239.97954714572,0.999730367513258
"thermal_rep[19]",-0.506871248024079,0.00818616195602392,0.737920312798044,-1.92443916518461,-1.00409869643541,-0.499136634199679,-0.0354761311351856,0.966713083370865,8125.65287884471,1.00017949920197
"thermal_rep[20]",-0.0248714000613605,0.00842733294703911,0.754341236637025,-1.54428716485054,-0.508811453237978,-0.0303404614524707,0.470856102012558,1.46376457565859,8012.26664626449,0.999960148506075
"thermal_rep[21]",0.461356981680129,0.00847275761629222,0.762137327837844,-1.06369828395074,-0.048101752399908,0.474767745405354,0.976797504405692,1.93187024476094,8091.27386226257,0.9999005063853
"thermal_rep[22]",-0.951112526014947,0.00876108955039996,0.762516332526407,-2.45514513850113,-1.45943969308078,-0.942721854234616,-0.452188673367452,0.553786004155637,7574.98996550409,0.999772957758197
"thermal_rep[23]",0.193434302884487,0.00830123833485758,0.756463534888594,-1.29830821193041,-0.293766127060042,0.198788665213483,0.687393728589834,1.69514885119484,8304.05524378543,0.99967521962029
"thermal_rep[24]",0.104288647967672,0.00839230895543919,0.767286897605687,-1.44132966575993,-0.390822164466015,0.0992789645662414,0.599730109466026,1.62544333948619,8358.9675057353,0.999692942710015
"thermal_rep[25]",-0.913366416971974,0.00852101806186737,0.748927186439135,-2.37325527240444,-1.41356424386336,-0.929220404469671,-0.420310392628304,0.549029934640056,7724.95966030026,1.00003159320055
"thermal_rep[26]",-0.796586955954691,0.00833773281305958,0.742227737145997,-2.26520227447989,-1.28169096634591,-0.80333992942967,-0.314552537333613,0.690462313749487,7924.61938127157,0.99974467414056
"thermal_rep[27]",0.169407655105226,0.00822957580524496,0.744125314159325,-1.28034969643424,-0.318597755282158,0.17111788262645,0.655642428467251,1.65999775731144,8175.93175643764,1.00009781757329
"thermal_rep[28]",0.187674025781206,0.00838342481787817,0.743692692836888,-1.30404032970029,-0.304860335073407,0.200890136030104,0.679606181223791,1.64378548096646,7869.44457152996,0.99986494818531
"thermal_rep[29]",-0.767142663932134,0.00833137099190831,0.744405974761223,-2.2483287167755,-1.24467226597267,-0.766222180854764,-0.278896952478164,0.683710120008767,7983.37910078341,0.999623172113774
"thermal_rep[30]",-0.763081668529186,0.00815009729498,0.732529409366008,-2.22535298978316,-1.24252454378128,-0.752787005517841,-0.283687048178836,0.659608176271553,8078.38494385073,0.999636956223443
"thermal_rep[31]",-1.05281936415148,0.00848213310777278,0.767465109496762,-2.55106412548934,-1.56513540451393,-1.05282265729555,-0.545852475643503,0.476435901401594,8186.66679426487,0.99983952912219
"thermal_rep[32]",-0.0625389310950049,0.00816452092795721,0.739875549258187,-1.49582204385718,-0.556107640888408,-0.059950882836715,0.438260823697727,1.37623489203316,8212.1323039965,0.999832002979843
"canopy_rep[1]",0.0979166574820983,0.0079885254390995,0.725747393663351,-1.33592317949577,-0.38460461569314,0.0893032496181542,0.582319642928138,1.54146030564718,8253.49180967527,1.00010265931579
"canopy_rep[2]",0.46079659435087,0.0085792391170791,0.757196941016819,-1.01258766339941,-0.0519379054387706,0.461115472463857,0.949088750578343,1.97801708867799,7789.68967530738,1.00025727837271
"canopy_rep[3]",0.915482707029394,0.00815458088109318,0.735337283298188,-0.549994715787841,0.439638736921211,0.923435704591898,1.39660112654238,2.37456324111051,8131.48533831263,0.999800579884437
"canopy_rep[4]",-0.19358541060896,0.00823467992766558,0.743728706354633,-1.63878845263837,-0.680660139292896,-0.194038378950588,0.296704471197511,1.25162737699136,8157.09729937219,0.999955240984031
"canopy_rep[5]",0.180798971845676,0.00807376423198147,0.722708735735832,-1.23849950144639,-0.29869088101075,0.17617495453632,0.658987038868686,1.62806267578767,8012.61881229588,0.999833525730196
"canopy_rep[6]",-1.27895078373873,0.00811243844095611,0.765486046124607,-2.77759347810618,-1.77634986410403,-1.28324628517904,-0.785171712368122,0.257335984240521,8903.72480259666,1.00047726157046
"canopy_rep[7]",-0.770669875338357,0.00887991904947571,0.776942260059256,-2.30739297865944,-1.27993022339023,-0.765330027735963,-0.253009003832102,0.772301529740289,7655.25171998203,1.00005164608821
"canopy_rep[8]",-0.213952628602278,0.00853415357078035,0.75054755565215,-1.69404124739141,-0.708661063974478,-0.223614912093158,0.278264371517072,1.29736517259747,7734.5583917738,1.000621125976
"canopy_rep[9]",-0.615991059739438,0.0084565118434324,0.755176188947162,-2.06942630715575,-1.12642068619262,-0.610805018323747,-0.121586888551814,0.863805610177221,7974.69446921996,1.00051552380253
"canopy_rep[10]",-0.884455576618588,0.00838286232683894,0.754110196471904,-2.35589224554043,-1.38360952477534,-0.889304096739044,-0.391039132414017,0.610531468021296,8092.54193502246,0.99999197407905
"canopy_rep[11]",-1.02773308842426,0.0089718112610757,0.78606148298013,-2.56147910065922,-1.5555462104248,-1.02917254219004,-0.520699728035139,0.540005394818489,7676.31477509295,0.999771179237775
"canopy_rep[12]",-0.0569216395393111,0.00824613279103683,0.746094515286326,-1.51197605474479,-0.545878918029617,-0.0663287460680747,0.435538346128626,1.43907462861888,8186.28851083805,1.00005499406838
"canopy_rep[13]",-0.419531817089559,0.00877241425303343,0.772594969916561,-1.90801614067677,-0.928068756630899,-0.42857647613187,0.0841184834122492,1.10961264679456,7756.49449999345,1.00021521955411
"canopy_rep[14]",-1.0135274012871,0.00838893350510098,0.772270648972839,-2.52463469635912,-1.53383336478079,-1.02176465816428,-0.503369467388843,0.540254479027621,8474.72383202486,1.00014912861146
"canopy_rep[15]",-0.0819290081898662,0.00804438962103313,0.749702321377462,-1.56078316424826,-0.572803818728128,-0.0810343610228482,0.40564251621804,1.43015045757552,8685.43385451443,0.99972676754159
"canopy_rep[16]",-1.92459603719883,0.00959172963225476,0.80856625380509,-3.48490198816413,-2.45107034217187,-1.92690438391121,-1.39699483222324,-0.3173017348546,7106.19901926528,1.00027776937421
"canopy_rep[17]",-1.16999648628789,0.00865610253874565,0.780805091140007,-2.69691196837386,-1.68582617232724,-1.16427873972589,-0.661754004667383,0.359447403299122,8136.55356983311,0.999932149993389
"canopy_rep[18]",-0.137506793841631,0.0082972940579824,0.742913067018838,-1.60866589467122,-0.636458377677791,-0.137421966834977,0.35586291314807,1.33999879726967,8016.83657748785,1.00003286717122
"canopy_rep[19]",0.576786503736766,0.00826472816926127,0.72358483944258,-0.887463791078906,0.101929562556601,0.577772630314998,1.05836262566214,2.01187058381818,7665.16962413043,1.00000514390037
"canopy_rep[20]",0.0494369700048134,0.00872317580776601,0.750025656029486,-1.46224096497772,-0.433409244283981,0.056627866061484,0.541353696439645,1.51616867611018,7392.69839320526,1.0002113066591
"canopy_rep[21]",-0.471197675466763,0.00840593193074457,0.753141708043628,-1.98974904464106,-0.9689056482013,-0.45375725593698,0.0379954558407513,0.983428248608257,8027.52487812607,0.999680823899152
"canopy_rep[22]",1.06842678240119,0.00837369248285833,0.733056719447006,-0.395314450574155,0.580964925124723,1.07329798276239,1.55526780169897,2.53141230535431,7663.74670695647,1.00030808405962
"canopy_rep[23]",-0.189579807579674,0.00839408561651554,0.757926947207355,-1.74171622714581,-0.679844319302267,-0.19753844758587,0.317059570279576,1.29795659888947,8152.82100062194,1.00021538913244
"canopy_rep[24]",-0.087516273360779,0.00832334870347195,0.752971329682113,-1.58337556846567,-0.588725474790875,-0.0800415109560413,0.41033445714951,1.37873672838765,8183.90729566743,0.999868538271329
"canopy_rep[25]",1.03170730332354,0.00822748454188316,0.737356167805575,-0.426628597089589,0.552425869679779,1.0345584771294,1.51755725505821,2.48431767993541,8031.94053973162,0.99982278208227
"canopy_rep[26]",0.89470294314826,0.00799160000141312,0.726995515255719,-0.545501325407127,0.423794175828218,0.898958033886074,1.37761532464345,2.32535459914856,8275.53323061853,1.00023297482913
"canopy_rep[27]",-0.163633476943677,0.00818166971650101,0.734187042208869,-1.60917221904519,-0.653099915226453,-0.16874337919091,0.327539880590523,1.28749286430438,8052.47793361319,0.999794838992375
"canopy_rep[28]",-0.15952249778759,0.00821881416144193,0.73687971490582,-1.6309654309944,-0.646393464055779,-0.158084735961575,0.332168035514126,1.27176862977699,8038.49750680868,1.00119606488197
"canopy_rep[29]",0.862800459765759,0.00806262866282782,0.73355856998356,-0.620809858807973,0.391480962483158,0.866514660143187,1.34915979331474,2.2807658108509,8277.82563533194,1.00007396488517
"canopy_rep[30]",0.856146638885411,0.00875032602405133,0.745992952839583,-0.631689949081667,0.373219865451706,0.845496339001926,1.33648172925492,2.32148270680038,7268.10145091752,1.00003806775917
"canopy_rep[31]",1.17181440243574,0.00871762082479893,0.734204954073312,-0.306211360218861,0.689994845010672,1.16992908610692,1.64855367468319,2.61391685766207,7093.14226599518,0.99985442304296
"canopy_rep[32]",0.101039954087912,0.00804268232489496,0.729963633782389,-1.37176516819537,-0.374781041847717,0.111526758238292,0.578392528570677,1.56771776819025,8237.59846687042,1.00022056056461
"q_rep[1]",0.132192247730859,0.0107997312665298,0.941608291330556,-1.73420161161555,-0.490719779998584,0.141454720444364,0.75891475170077,1.9619547626956,7601.76868404078,1.00027696445585
"q_rep[2]",0.385135800398053,0.0110470160311554,0.966182886139941,-1.51511811593675,-0.264556067850486,0.363987765556366,1.0302019468799,2.28235692835256,7649.42362393803,1.00023781533743
"q_rep[3]",0.681057978382967,0.010537837997502,0.954229578444371,-1.2326440838368,0.066109251362626,0.697309651746191,1.31404189275107,2.52239378471769,8199.78968318775,0.99968781922061
"q_rep[4]",-0.0559495587095452,0.0111649726422559,0.963463273953894,-1.89793136561283,-0.6937298547261,-0.0626630932323929,0.576556850926252,1.85196188399194,7446.54815905721,0.999879448771517
"q_rep[5]",0.186261845525425,0.0107681069045354,0.945595269086704,-1.65717923782394,-0.448298377957561,0.187656689360665,0.816166287905531,2.06875150164289,7711.37573232502,1.00029837277456
"q_rep[6]",-0.798017654376402,0.0112021408731897,0.983306258102368,-2.72471580541489,-1.44859104635196,-0.794617990569101,-0.169224417488581,1.16828917016184,7705.05151349254,1.00021080704699
"q_rep[7]",-0.443866524490772,0.0110042561462935,0.95835463268263,-2.32653888436733,-1.07553631517216,-0.437388512764958,0.18928001403566,1.41974862721507,7584.57257422723,1.00005650297019
"q_rep[8]",-0.0708521343816815,0.0107937082621123,0.961519836335277,-1.95162976321612,-0.696016784710924,-0.0723559051000167,0.556881154462005,1.82856777225602,7935.51552038917,1.00026258669263
"q_rep[9]",-0.321487360165052,0.0105958685741808,0.959963576310522,-2.23181476693386,-0.959333895127665,-0.328106042367614,0.307259594315369,1.57737298420848,8207.98178980726,0.999569501121659
"q_rep[10]",-0.510667983214254,0.0107558166777745,0.959896331395999,-2.42092257027669,-1.14692257408256,-0.508820718590122,0.125972402203362,1.37870425957744,7964.56169469541,0.999990513256074
"q_rep[11]",-0.610223764451932,0.0108982786125493,0.966279666983495,-2.53019567742769,-1.25381771422411,-0.603417774275211,0.018960637300825,1.3017491517861,7861.21853005082,1.00021610500173
"q_rep[12]",0.0384327654906377,0.010886287904091,0.953758107783606,-1.86734831810619,-0.580988513583502,0.0354030939447887,0.671190106538212,1.90312491435819,7675.67988831989,0.999714610474696
"q_rep[13]",-0.200537079270447,0.0107038243188287,0.958317608268136,-2.08902429773336,-0.822701004639962,-0.209572706618751,0.432253857347994,1.6744318817403,8015.69144472018,1.00001317841986
"q_rep[14]",-0.588894467996186,0.0108659458080919,0.969925965540382,-2.47918519490976,-1.22489872934863,-0.611449750658357,0.055439835184428,1.3502524825031,7967.86747639677,0.999942044482394
"q_rep[15]",-0.00240057184628225,0.0104566326739072,0.945798313627588,-1.89079501683119,-0.620628144923822,-0.00330740360900077,0.62924768999679,1.86155395649551,8181.13136717177,0.999791663614478
"q_rep[16]",-1.20798818499845,0.011913227230763,1.04580174096626,-3.2362613937128,-1.90039561811117,-1.21282617356464,-0.516512868482556,0.880952488315853,7706.19279206769,0.99992793095132
"q_rep[17]",-0.716662486703739,0.0110441732235003,0.977910231287145,-2.68372389579841,-1.3427633550737,-0.713001857887791,-0.0683777127015323,1.20249265311222,7840.27977230936,1.0011165961973
"q_rep[18]",-0.0289808507945078,0.011077975792745,0.949070126551922,-1.89437924629728,-0.660827307967623,-0.0287156434867905,0.584891421966015,1.85513186530298,7339.65731571999,0.999831126532387
"q_rep[19]",0.451458702436254,0.0105520227627964,0.956827795722649,-1.46277223524407,-0.170125460021274,0.466659178299579,1.08176752185487,2.29936526920089,8222.35317774434,1.00023905284862
"q_rep[20]",0.135591628869735,0.0103573157175396,0.948174588373156,-1.74799879879571,-0.48854107607073,0.135640745590307,0.752764764320772,2.04816414336113,8380.73664905572,1.00039776062735
"q_rep[21]",-0.257383161018949,0.010784014826801,0.957642023058167,-2.17937296890329,-0.902751220507715,-0.257293146813482,0.378591313092758,1.63579584476167,7885.79418963922,0.99959804125676
"q_rep[22]",0.77933423440126,0.0111227011001228,0.961050571344996,-1.10374999306684,0.129279762308035,0.777854389220946,1.43242591415357,2.64397658851958,7465.7243230895,1.0000509314192
"q_rep[23]",-0.0597488172898336,0.0106432262669894,0.943467487795148,-1.89947237907191,-0.688142702851314,-0.049842119140824,0.575589875807683,1.77762178934989,7857.91429288266,0.999815108971266
"q_rep[24]",0.0210136422357269,0.0104610811536843,0.94152012806584,-1.85286463083957,-0.59251188821035,0.0200075510223004,0.630488672274488,1.91511055874411,8100.3927330172,0.999748110676709
"q_rep[25]",0.755441565447662,0.010803441756128,0.973044866715936,-1.15739881098198,0.114172539994036,0.773317948392058,1.3965209975665,2.66704242695074,8112.25253787332,1.00117212511441
"q_rep[26]",0.673014233810109,0.0114802201158334,0.96490610382723,-1.24423186352794,0.0293079483458435,0.676861452725741,1.30569405637892,2.56986629744955,7064.30883308812,1.00035452901716
"q_rep[27]",-0.0201535082782603,0.0108081262025731,0.930091780899259,-1.81845716695226,-0.643832519212779,-0.029866233271269,0.5984683764573,1.80205960642992,7405.43882889171,0.99993186402601
"q_rep[28]",-0.0221912876383038,0.0106633191281339,0.960295350152577,-1.91452716836978,-0.656149611920743,-0.0229210479902538,0.612428104726642,1.87525286123734,8110.07439922457,1.00005058243672
"q_rep[29]",0.644281034040299,0.0108448033750002,0.957782617234496,-1.238324955273,0.00418059821479007,0.645120295892352,1.28253957441721,2.50232963714983,7799.92697872815,1.00021641566465
"q_rep[30]",0.634001101459394,0.0104614373458566,0.940708315192413,-1.23274503797159,0.00784706747535193,0.637671577392132,1.25542342250168,2.46940472048743,8085.87920329336,0.999845933695407
"q_rep[31]",0.857389560814563,0.010926564984055,0.970075887310127,-1.02434648906949,0.209491100131527,0.865987190908354,1.50745966295166,2.73863027595363,7882.13943710927,1.00025146027516
"q_rep[32]",0.141621584241428,0.0105439738459082,0.94355850533041,-1.74210454705918,-0.472271742488925,0.126009292132997,0.751777319471688,2.03764233965842,8008.09151486304,1.00071142087698
"trout_count_rep[1]",1.99725,0.0271777555939173,2.61119603450055,0,0,1,3,9,9231.06433026559,0.999819414600034
"trout_count_rep[2]",13.778375,0.28008694329002,21.7655168690044,0,0,8,19,64.0249999999996,6038.82218479881,1.00067778928135
"trout_count_rep[3]",49.014875,0.220559973248228,19.3584412438165,0,44,53,60,75,7703.48725668396,0.999964184071853
"trout_count_rep[4]",0.833000000000001,0.0191798375872007,1.68610983355063,0,0,0,1,6,7728.26262276306,1.00010782422264
"trout_count_rep[5]",2.84725,0.0373157622895338,3.30121639569585,0,0,2,5,11,7826.42361768518,0.999925952870694
"trout_count_rep[6]",0.0396250000000003,0.00234579828007234,0.20139495864141,0,0,0,0,1,7370.82097376465,1.00064202475913
"trout_count_rep[7]",0.15,0.00505945553599447,0.447241548970365,0,0,0,0,1,7814.05958879756,1.00010145503313
"trout_count_rep[8]",0.800999999999999,0.0203830231725929,1.71595951718941,0,0,0,1,6,7087.23574621901,1.00008353913052
"trout_count_rep[9]",0.2055,0.0063177684976527,0.568603696585349,0,0,0,0,2,8100.12911625997,0.999958172200971
"trout_count_rep[10]",0.104,0.00415775703190963,0.359096252785839,0,0,0,0,1,7459.39376115588,0.999894315387979
"trout_count_rep[11]",0.0692499999999999,0.00307840883857521,0.272880460033677,0,0,0,0,1,7857.64280311399,1.00020959594638
"trout_count_rep[12]",1.44825,0.0312252922608211,2.76139006605148,0,0,0,2,9,7820.64355730175,1.00039720075917
"trout_count_rep[13]",0.417500000000001,0.0120117570605861,1.01738544030359,0,0,0,0,3,7173.94357469782,1.00025387259293
"trout_count_rep[14]",0.0765000000000004,0.00325269831152907,0.291819113149458,0,0,0,0,1,8048.96238993382,0.999632373321039
"trout_count_rep[15]",1.377125,0.034072414567921,2.79926440686249,0,0,0,2,9,6749.66194046168,1.00000402995581
"trout_count_rep[16]",0.0113749999999999,0.00118466836519181,0.107224281325705,0,0,0,0,0,8192.05209197099,1.00033216380106
"trout_count_rep[17]",0.0508750000000001,0.00269013394286931,0.237263084141588,0,0,0,0,1,7778.79872530235,0.999978180816943
"trout_count_rep[18]",0.885875000000001,0.0168746711117981,1.52090092603971,0,0,0,1,5,8123.27609459907,0.999887914536693
"trout_count_rep[19]",13.57975,0.0991957336250645,8.67181007481966,0,9,15,20,29,7642.4662207844,1.00017428121978
"trout_count_rep[20]",2.525375,0.0585022725764967,4.81118483814746,0,0,0,3,15,6763.29935230268,0.999801654162118
"trout_count_rep[21]",0.34975,0.0110465048299872,0.915439616365459,0,0,0,0,3,6867.6733791375,0.999812134226502
"trout_count_rep[22]",84.31025,0.300122373476736,27.4323451719446,0,79,89,99,118,8354.66669725457,1.0000971089078
"trout_count_rep[23]",0.890750000000002,0.0226788110423961,1.9040792071769,0,0,0,1,6,7049.03157531204,1.001215084383
"trout_count_rep[24]",1.40125,0.03784707414826,2.97230596723245,0,0,0,2,9,6167.68811926472,1.00062174564802
"trout_count_rep[25]",71.094375,0.271616172987038,24.152135186431,0,66,75,85,102,7906.78282397124,1.0006180269023
"trout_count_rep[26]",44.59675,0.20316330599789,18.27638894138,0,40,48,56,70,8092.64036426104,0.999863768179674
"trout_count_rep[27]",0.792375,0.0148751188768228,1.3914952000408,0,0,0,1,5,8750.69475447418,0.999813883389827
"trout_count_rep[28]",0.786374999999999,0.0156783782966694,1.41509352008394,0,0,0,1,5,8146.44268367197,0.999921623979356
"trout_count_rep[29]",39.534625,0.186724658746913,16.8985353262166,0,35,43,50,64,8190.20512886629,1.00022724312666
"trout_count_rep[30]",38.289125,0.191573104068576,16.9686556227528,0,34,42,49,62,7845.59344071808,0.999640446669954
"trout_count_rep[31]",128.828875,0.408130449440978,36.3238663848303,0,123,135,147,170,7921.11181870145,1.00016070742589
"trout_count_rep[32]",2.065125,0.0295053539910071,2.66683759108363,0,0,1,4,9,8169.42476353009,0.9999937749099
"log_lik[1]",-7.5190864474168,0.0150237425274537,0.963618843111837,-9.87489188264233,-7.98878027091537,-7.38384387529256,-6.86768457157733,-6.06642956313132,4113.90542393915,1.00111036233946
"log_lik[2]",-7.75957293137425,0.0125621871111279,0.963690178079894,-9.98626746215836,-8.2580912780584,-7.63860231838195,-7.11977141020739,-6.21165386768257,5884.97130646164,1.00015982638123
"log_lik[3]",-8.28271101364345,0.0138550759216674,0.890328939461566,-10.4749613586564,-8.71544790571424,-8.14685588171666,-7.67982660034578,-6.9566137698132,4129.36393263618,1.00012664288318
"log_lik[4]",-5.57723446843449,0.011380707224499,0.759010522596416,-7.53232454286329,-5.88446335004152,-5.44927412950702,-5.0862017979788,-4.52370108965304,4447.92127167713,1.00046578608389
"log_lik[5]",-8.60940972177658,0.0143339946745357,0.992269899875826,-10.9540827921007,-9.13632149162006,-8.47373287118343,-7.92368991037492,-7.07034771439942,4792.09211102195,1.00077625412671
"log_lik[6]",-5.24615410534918,0.014326236305673,0.941617965376612,-7.53286076373944,-5.71426127882975,-5.09908287608576,-4.61106017890904,-3.84338095933114,4320.01496307191,1.00026239849146
"log_lik[7]",-7.42480999924535,0.0129253028470005,0.943589919796652,-9.60541704338732,-7.9395878097108,-7.30612469751228,-6.78776280703125,-5.90150432053674,5329.48360095372,0.999864810227006
"log_lik[8]",-5.73949844536513,0.0120603015141627,0.776381021499777,-7.66811877289863,-6.0755619905593,-5.61059680750289,-5.23449312073166,-4.61704705939296,4144.13114007796,0.999740706066032
"log_lik[9]",-5.2929398645572,0.0116284081268492,0.756360968189995,-7.17282697028315,-5.6077039169471,-5.16310461777153,-4.79888830134651,-4.22085197030006,4230.75314788404,1.00071335146813
"log_lik[10]",-5.17050402400467,0.0119968477283156,0.798373465325094,-7.17786082962524,-5.52774994615362,-5.03650904001919,-4.64028817964218,-4.0192889289767,4428.71665668482,1.00017098910328
"log_lik[11]",-5.78601008522816,0.01264299357496,0.921219902967408,-8.07096362339029,-6.26129117503786,-5.6405542732093,-5.1561485282647,-4.40676079753515,5309.17193751346,1.00108548660228
"log_lik[12]",-7.86271253258401,0.0130480593644074,0.983056404804821,-10.1102655469572,-8.37337393280692,-7.7515004396742,-7.18894774625456,-6.33999609820679,5676.29589336985,1.00031670049029
"log_lik[13]",-10.7475982181742,0.0155772011912275,1.28353440166032,-13.5869468753094,-11.5189518617341,-10.635063013989,-9.84474149021355,-8.53624238599877,6789.47460341917,1.00020480827365
"log_lik[14]",-5.12263798290281,0.0122392724617913,0.830580646497307,-7.16453753963916,-5.50350243940214,-4.99227118701157,-4.5700707901951,-3.90205264611668,4605.2414928058,0.999919459256343
"log_lik[15]",-6.98487556353226,0.0134141696100049,0.906342636196593,-9.20650275246437,-7.44521795613752,-6.872138023674,-6.36416889252637,-5.58506262746314,4565.17294219729,1.00052603231612
"log_lik[16]",-7.4592350814797,0.0207004913923033,1.6228842247343,-11.1239032270814,-8.39994243315676,-7.25397478924781,-6.29734612561165,-4.86884554050348,6146.30018735709,0.99969729813764
"log_lik[17]",-10.3992771882754,0.0195720326748791,1.46679610435741,-13.5809132264111,-11.2973344642308,-10.3032005049356,-9.38262954243616,-7.83169735562647,5616.52416086695,0.99967392200909
"log_lik[18]",-10.2055761914469,0.0128201807502883,0.944359728393645,-12.3927408174104,-10.6980924433236,-10.0890400700062,-9.5697505206133,-8.7439199286857,5426.08534820071,1.00003168296466
"log_lik[19]",-8.81978535414888,0.0131218842263683,0.924521095761679,-11.0628489007011,-9.2810135905328,-8.68292194787852,-8.19527935812633,-7.43848809986954,4964.1082952971,1.00024124407251
"log_lik[20]",-8.17076204094109,0.0131562115335248,0.921688420145132,-10.2813307968577,-8.66044259426326,-8.07337756165876,-7.5392485124829,-6.7051160366423,4908.02274726885,1.00007277530713
"log_lik[21]",-7.09160596623977,0.0155390320110451,1.07058414346605,-9.62810142014698,-7.68591857878955,-6.96652050344377,-6.3512341269582,-5.39985053465512,4746.72083562604,1.00009665728504
"log_lik[22]",-9.02047684056774,0.0148920535001862,1.04194047112382,-11.548031875802,-9.55720476671351,-8.85827984154971,-8.29415154874522,-7.47169578990022,4895.26987084411,0.99991149669822
"log_lik[23]",-10.2958418362689,0.016477445416638,1.23701615002376,-13.0390214382911,-11.0324377316018,-10.1910102816514,-9.43313298491612,-8.23956338255697,5635.99989018559,1.00010934289322
"log_lik[24]",-6.14547529131021,0.0115454577880153,0.793949090267837,-8.08174059353134,-6.52449699291393,-6.01702674765233,-5.62248297053352,-4.97109535009333,4728.9311964547,1.00002915749942
"log_lik[25]",-8.46119415470288,0.011396398219039,0.91909830731418,-10.7508348744914,-8.90696978622941,-8.31988126692207,-7.84378723115538,-7.11165160201228,6504.12231914987,0.999880668595701
"log_lik[26]",-11.401224202502,0.0149818310347906,1.27138863101134,-14.1987964961158,-12.1825683488514,-11.2812013368346,-10.4919510417111,-9.26979740488215,7201.56454674749,1.00005229335531
"log_lik[27]",-7.71079996305187,0.0122647754600929,0.841601055255358,-9.77792324455671,-8.12430208493277,-7.5871452797605,-7.1387469929731,-6.44950490598074,4708.61670824781,1.00019149266991
"log_lik[28]",-8.25767185586647,0.0123823358893044,0.916680429478538,-10.3679720069067,-8.75322895634145,-8.14137021169229,-7.62788686120459,-6.80123500972658,5480.63345809194,1.00046543298755
"log_lik[29]",-9.95113584525342,0.0150897759461469,1.06364442669408,-12.4760711774738,-10.5211736022718,-9.80441270387021,-9.21646737732872,-8.30721088492332,4968.52357501782,1.00078178095882
"log_lik[30]",-10.6164948346087,0.0137474187214117,1.09557737862949,-13.1317209425135,-11.216747170247,-10.4946435876746,-9.86712670268339,-8.81885378331593,6351.02454875523,0.999960278536985
"log_lik[31]",-9.64713158166084,0.013145766424384,1.03339629515244,-12.0125986472496,-10.2144699311796,-9.52090683352922,-8.92508478512865,-8.03699836412395,6179.6229529067,0.999857261963675
"log_lik[32]",-9.20567093448227,0.0145345240880581,1.03267628880395,-11.672468604223,-9.76283826237331,-9.06192615163068,-8.49517377935249,-7.59984874559913,5048.08639137185,0.999802552837272
"lp__",1638.34036366189,0.169905731979508,6.82816473884848,1624.32693381471,1633.97802673158,1638.62214770155,1643.0782210249,1650.4493431651,1615.0721186892,1.0005371319191
