"","mean","se_mean","sd","2.5%","25%","50%","75%","97.5%","n_eff","Rhat"
"stream_quality[1]",0.21590315488705,0.294699590762534,0.533091760096553,-0.881076849831835,-0.123743177925272,0.291610125500128,0.588313877910636,1.13311627044599,3.27223792671791,1.55668836631702
"stream_quality[2]",0.225805606726692,0.419382249674233,0.701912567976349,-1.366900553624,-0.210135563230459,0.386744182189762,0.741657382089028,1.26090649408405,2.80121180090449,1.81222625707365
"stream_quality[3]",0.372645635271605,0.556675203056458,0.858353369501019,-1.45616868823893,-0.139125295998854,0.659512738023782,0.980029855943011,1.48687159349671,2.37754354711431,2.40192758026117
"stream_quality[4]",-0.0702901764095543,0.00465264223106562,0.350946388955341,-0.784949718436308,-0.289634179092244,-0.0764905970383784,0.155738983426698,0.624477758794394,5689.60661000502,1.00223126657877
"stream_quality[5]",0.240053505018702,0.41944015871339,0.679826826609902,-1.17531809108132,-0.166441596721693,0.423563997837644,0.723909092237185,1.24057678131406,2.62697886312466,1.96753448954142
"stream_quality[6]",0.141891653946909,0.183663278229536,0.441515094708679,-0.79278889961272,-0.149157236540337,0.149228967664795,0.43372978262635,0.985446269964934,5.77891688608064,1.22603540412544
"stream_quality[7]",0.277797143699984,0.522578527937648,0.819537862851874,-1.42460792384294,-0.235440577278127,0.53660115345221,0.861299556375376,1.40791340194303,2.45943258908826,2.22405835659093
"stream_quality[8]",0.531490964718837,0.535066648418647,0.831745530332422,-1.1809566601337,0.0260697271417939,0.777011951766355,1.10860899089506,1.6941586518869,2.41637975457286,2.30531616951307
"stream_quality[9]",-0.727852218339295,0.967042376170061,1.41412778341961,-2.24897948163758,-1.68306207888982,-1.33392619271897,0.0632152512245307,2.11394569915005,2.13838696786996,3.72180950186249
"stream_quality[10]",-0.474886918758966,0.536888713552316,0.850210840897903,-1.69757819330194,-1.05801966719256,-0.709510988699566,0.0526776245938117,1.41084724998771,2.50775282247657,2.14356578803089
"stream_quality[11]",-0.0717618823571912,0.0978419383882592,0.382311898947788,-0.802764683272224,-0.328406211539386,-0.076846177036005,0.177092607830423,0.704802985934919,15.2681189201833,1.07790817489491
"stream_quality[12]",-0.39945656435336,0.429169957585818,0.702529028574698,-1.47580730226837,-0.891404990182808,-0.560597949073522,0.0487532001725475,1.16664551365845,2.67959970707256,1.91408848301953
"stream_quality[13]",-0.516174194801176,0.628170776079396,0.947874214922219,-1.72052864383187,-1.16384927566634,-0.856173917563956,0.0709124759467338,1.46869919784022,2.27691051245831,2.72493125360408
"stream_quality[14]",-0.63707105307418,0.761486591232441,1.13678105175359,-2.03206045319473,-1.40185814280693,-1.05689533420577,0.0497611296502611,1.7670621121436,2.22858463142209,2.97626991762234
"stream_quality[15]",0.0157852146034342,0.0563146485480025,0.361156766515128,-0.700405945478952,-0.227963041379118,0.018335630642991,0.248594470333792,0.736266316577631,41.1290573579298,1.03544576139866
"stream_quality[16]",-0.280090608906332,0.252173367249466,0.530677470182447,-1.24594587476118,-0.632893957612855,-0.300391718260118,0.0247858464921448,0.89050471209891,4.42856338585572,1.33744545346109
"stream_quality[17]",-0.573341387182267,0.774447282771441,1.14485089494775,-1.91936252795256,-1.35650919221791,-1.0380652708666,0.0951761729057282,1.74919170673182,2.18531544537169,3.25554815025698
"stream_quality[18]",0.0277130652499666,0.00585610656175012,0.370636217225348,-0.697764303595256,-0.211496405996306,0.0126406779673814,0.266898791471199,0.78074074035299,4005.69398027562,1.00394972082182
"stream_quality[19]",-1.10607130993824,1.51062236807732,2.1777885102316,-3.2359689169474,-2.53634882432082,-2.11880664370835,-0.223950617882042,3.12424506809126,2.07835428978799,4.88183146900069
"stream_quality[20]",-0.624562979056646,0.848353123716107,1.26007834826913,-2.07911177355537,-1.49672786653247,-1.12826755958207,0.104436903953097,1.92600154010012,2.20618420945288,3.10895412436756
"stream_quality[21]",-0.156997660243967,0.0191020714019978,0.430627683385066,-0.973898137014721,-0.455238225182217,-0.163361456019132,0.139462688325238,0.683249139924029,508.209714986343,1.00947677206799
"stream_quality[22]",0.231830053513182,0.376173404644116,0.627315948202276,-1.08652504866374,-0.164146887904955,0.369795081320632,0.660983423941099,1.22834058616479,2.78097113935722,1.81870841674128
"stream_quality[23]",0.0344015110302643,0.00497897335937261,0.363182416171722,-0.680236627163643,-0.19414166712067,0.0233939677889344,0.272411314087466,0.755836788004254,5320.71530841712,1.00140709203459
"stream_quality[24]",-0.284575110258589,0.423727459325932,0.69699924850692,-1.31328359408718,-0.790616070975539,-0.460920235276865,0.145866713707545,1.18117745809501,2.70577326701934,1.88166553961524
"stream_quality[25]",0.415011083713444,0.63801857177846,0.965324466834346,-1.58020418993735,-0.152742814311812,0.766138697314316,1.09191011628498,1.61528075712162,2.28918022972086,2.69175189116995
"stream_quality[26]",-0.142112549816846,0.175745280755746,0.439286366624736,-0.974174119415699,-0.429763896075912,-0.15078371089284,0.122520578699493,0.789734838243118,6.24781420741786,1.2087440369358
"stream_quality[27]",-0.0245025142270046,0.106625674187125,0.399471449247552,-0.784860546224802,-0.305466576076377,-0.0275578776597707,0.249202218901256,0.76372056252084,14.0361470647027,1.08421708840089
"stream_quality[28]",0.678034576164785,0.858045091686414,1.26147817814594,-1.83634886226704,-0.0303930151817981,1.20286479754742,1.5266970617866,2.10798633109892,2.16142047775996,3.4775910060364
"stream_quality[29]",0.649890821463311,0.70221770204188,1.05291972236929,-1.45730772033482,0.0496817204098436,1.02605441199599,1.36834807757253,1.99434250720469,2.24826228194023,2.86335229047251
"stream_quality[30]",-0.140940225211749,0.142436375531594,0.4021221970846,-0.914088598794467,-0.412657434929564,-0.150455434891561,0.129904282924177,0.669396949808183,7.97029260589205,1.1500949627595
"stream_quality[31]",0.0682191288611652,0.0127157508318487,0.410296601118908,-0.714818461568898,-0.220404882672358,0.0738681883821602,0.362851995869741,0.860814354851424,1041.14644404352,1.00662736223377
"stream_quality[32]",0.472847585848229,0.512595962668593,0.805221848649096,-1.2241659995096,-0.00626403822976391,0.69120812516466,1.03026492597187,1.6677495761815,2.46763395906064,2.20291641678354
"stream_quality[33]",0.645531397639118,0.896994616071176,1.31658949747745,-1.96922980257834,-0.0491749890099941,1.19746307926708,1.52601030039106,2.1270471975372,2.15437400452251,3.55640525247561
"stream_quality[34]",0.784961767243242,0.935321686710233,1.36882490600117,-1.92027431374887,0.00540500751158269,1.36259659326562,1.69821853633436,2.31851643313594,2.14177472410831,3.69844230039308
"stream_quality[35]",-0.0208688691453884,0.00582180206287987,0.365515817757872,-0.747541332567294,-0.267848993646431,-0.0250973518902836,0.215657951089781,0.708797863294601,3941.82627848596,1.00141796100858
"beta_conduct",-0.477961686367923,0.575957230711481,0.825185621426916,-1.24120414721204,-1.00328622656688,-0.878339358222322,-0.156156965865694,1.10446368774923,2.05268748318015,5.9583147122139
"beta_depth",0.518571807804797,0.199159480549787,0.313940750167364,0.00605484829715849,0.220751792216475,0.600639343027819,0.745210770308849,1.00925831974993,2.48481130138136,2.1688899067105
"beta_do",0.168039514726386,0.0232619691563895,0.130083313154071,0.00625520453329519,0.065050568109089,0.141892799870181,0.240428569565656,0.486891157008061,31.2716090626046,1.04176275236472
"beta_thermal",-0.419526993789742,0.452092386808407,0.655779239002689,-1.10410585361027,-0.848998834350223,-0.710900959345734,-0.162080295128179,0.892904998015477,2.10407365988095,4.27425365907635
"beta_canopy",0.395723381163922,0.470046769832755,0.680796451065279,-0.937267344429295,-0.00157949292762394,0.700318654015004,0.841020292428863,1.10791732940312,2.09774367922435,4.39359254752112
"beta_q",0.279153984887703,0.316449368737211,0.477075479985119,-0.704813997007795,-0.0303715320267904,0.449042760955607,0.607871540539406,0.886631771989599,2.27282356978763,2.73912089877143
"a_conduct",-0.009587159638478,0.00519594015038752,0.181266948224422,-0.372860020598559,-0.129002884279264,-0.00992638907089036,0.11573895091758,0.337311123299317,1217.05152880688,1.00733041530901
"a_depth",0.0168244151537098,0.00807669482121424,0.18945765816286,-0.354491613240343,-0.106118234847307,0.0204752223449248,0.143390960704663,0.388058278345371,550.246112511726,1.00796703314252
"a_do",-0.000378419068956658,0.00151832222652392,0.177257784894442,-0.342676258306533,-0.116023828248653,-0.00537249998467282,0.116851429418638,0.351896271368986,13629.5882613064,1.0004634716273
"a_thermal",0.0151283412374791,0.00336352889320026,0.176037219122021,-0.341336501587202,-0.0998484875532027,0.0172280882753082,0.130178402317333,0.357551654670999,2739.16802455349,1.00279962578921
"a_canopy",-0.030807810205299,0.0033461825948942,0.178376712669278,-0.377385568211185,-0.145926908642822,-0.0342201213278081,0.0876041918520911,0.325564703626034,2841.69223237544,1.00355020974428
"a_q",-0.00570872017427466,0.00251402096990153,0.182086322186349,-0.367459629258019,-0.121519642580794,-0.00809979968061899,0.114195076576321,0.35334471748742,5245.86193511361,1.00189078875155
"sigma_conduct",0.433137178802324,0.0147707238321728,0.161696729045659,0.0420436667857554,0.344744386393973,0.449371452195069,0.539421007008007,0.720080345074372,119.839203233824,1.0465217006417
"sigma_depth",0.865811289952953,0.0890633924210142,0.168399767082086,0.612528442305546,0.741852733198071,0.835928809832256,0.964151838481092,1.25446530478308,3.5750696419124,1.46516747190386
"sigma_do",1.0292451063663,0.00125599278282822,0.130225518528848,0.811663199514963,0.937948201880684,1.01352214460581,1.10695975278014,1.32414078065927,10750.2336379582,1.00186840371027
"sigma_thermal",0.680892018986796,0.00327480277972507,0.107841495709629,0.484867907067067,0.60724270207185,0.675538788895766,0.747417521963822,0.909565886026756,1084.4299528947,1.01042060759742
"sigma_canopy",0.710795111112766,0.00198712509089608,0.109719295332487,0.515477840652569,0.634683183656138,0.703885798828193,0.77750636532746,0.947657880499829,3048.70641919877,1.0039111004383
"sigma_q",0.935899654746534,0.0010328370535066,0.124345567949533,0.724558462624819,0.849004014731514,0.927686755562069,1.00825580199949,1.21333603985633,14494.2918072438,1.00149724322674
"beta_trout",0.9390622304742,1.12983897454391,1.68085869158908,-2.60832021041198,-0.101349642190836,1.57261405188439,2.06334657593247,2.97235892701311,2.2132440457444,3.05762175080124
"alpha_trout",0.0240253930630093,0.0078810964900887,0.513028505850551,-0.998088896768427,-0.306123319416913,0.01816626646159,0.357210237259408,1.05483869200707,4237.49993274935,1.00182028121019
"conduct_hat[1]",-0.426580089038657,0.00195035425864871,0.292320983211645,-1.01961936467415,-0.609752530788792,-0.418342822305147,-0.2441534103556,0.15927042421405,22464.3044122242,0.999872022793977
"conduct_hat[2]",-0.584671990797816,0.0360929760716422,0.366878633228525,-1.21204915711219,-0.864498700672959,-0.596777260338353,-0.326241512510693,0.146494836838326,103.323581513996,1.02362306247554
"conduct_hat[3]",-0.808594919477726,0.012677495671298,0.330903441426847,-1.41118837668898,-1.05786094199377,-0.824757438590157,-0.582532630978535,-0.14270394804391,681.295665510038,1.01087474132855
"conduct_hat[4]",0.0347989673041454,0.0191504251844711,0.294446912476987,-0.557185639638933,-0.150399736014297,0.0334021183729309,0.2193200244337,0.626621132697019,236.405277743591,1.01146295917984
"conduct_hat[5]",-0.586265265505862,0.0375269035892651,0.312962114601228,-1.16998741895151,-0.799954177027086,-0.603258505671857,-0.377378071879196,0.0545169683754642,69.550150175668,1.02223432976637
"conduct_hat[6]",-0.263624827245378,0.00641821540507035,0.306947871019575,-0.894991682822591,-0.466823877870655,-0.244429798168909,-0.033441037159647,0.291859134129131,2287.18173291267,1.00148841220688
"conduct_hat[7]",-0.724770947634577,0.0668333891917018,0.352116742449839,-1.34659657765327,-0.992221943835648,-0.74217863142395,-0.482831636471559,0.00100601494121916,27.7578855245137,1.04630720644658
"conduct_hat[8]",-0.84692158006682,0.0705894822018798,0.321496921923021,-1.50888900430172,-1.05383798697804,-0.82344233366272,-0.639854497247288,-0.237698127019713,20.7430992865009,1.05514139012353
"conduct_hat[9]",1.4268697498982,0.0132166861400001,0.372756501654358,0.668858165256081,1.16789297371078,1.44329937371361,1.71069347163612,2.07184790761895,795.436106732137,1.00815450780927
"conduct_hat[10]",0.797437716649576,0.0121727754091048,0.335730743741064,0.219695065009239,0.54584585225283,0.777152623408119,1.01775420383806,1.50459079017308,760.681766929456,1.0084047735814
"conduct_hat[11]",0.133887621199041,0.00278600910391492,0.298286734669504,-0.483312036677216,-0.0575462326991237,0.153841674495689,0.322561590955518,0.703097402232843,11463.1194364069,1.00069123059702
"conduct_hat[12]",0.642341633487869,0.0211560935451424,0.310022546974073,0.0729588436484387,0.416932375336313,0.624359903101143,0.84239034586493,1.28432756765891,214.741312120388,1.01306732731925
"conduct_hat[13]",0.932318432756248,0.00198841207839577,0.300219836977993,0.331609872863316,0.742876816082056,0.936537758783774,1.12059726804631,1.54364616367875,22796.3850776815,1.0003605541911
"conduct_hat[14]",1.13414154547501,0.00525888847766437,0.319911883310237,0.544533371476621,0.913915967245272,1.10330421148263,1.34276721002724,1.80222067628979,3700.60578040681,1.00276075736836
"conduct_hat[15]",-0.0859611171782664,0.00215764948910458,0.289819911619825,-0.66326283052636,-0.264859070033233,-0.0954534958997137,0.0960895268025709,0.499566449917816,18042.4142444726,1.00198914571488
"conduct_hat[16]",0.382740634300805,0.033251507558086,0.340152657334554,-0.196944238311496,0.124125050376479,0.369533780534652,0.616556600216621,1.07877433692619,104.646583942991,1.02174489430713
"conduct_hat[17]",1.13058873902772,0.0131577162691665,0.324079150192809,0.458984922487095,0.921272373721119,1.1537477916912,1.35041204619935,1.73636632758362,606.654115973256,1.00958268135697
"conduct_hat[18]",-0.0386857120983287,0.00456953773898546,0.311048956143704,-0.688053110143411,-0.238126169914553,-0.0185246423714956,0.173309037961296,0.53405913357948,4633.54045940884,1.00209902551594
"conduct_hat[19]",2.2259256211824,0.036239491013041,0.467166589804707,1.2605571618881,1.90208775930089,2.24675470382063,2.58811719410701,2.98067273965354,166.180236676466,1.02284229593725
"conduct_hat[20]",1.24395545470055,0.0155896233739517,0.399599441207738,0.422655203906632,0.967967918255702,1.26487417419242,1.55426873389099,1.91088858289832,657.019860826283,1.00882116627578
"conduct_hat[21]",0.0890656288175566,0.0613484704189945,0.374631658499203,-0.558436729209025,-0.189099351575566,0.0903356203694779,0.352116216150828,0.826401118275253,37.2907803651644,1.04255933562937
"conduct_hat[22]",-0.527348976319813,0.0130789896374495,0.298313685244424,-1.13937211296656,-0.710459597560735,-0.525349450689073,-0.341161389812476,0.0726186808016324,520.23307870999,1.00921046323752
"conduct_hat[23]",-0.0268317657842706,0.0085056080838205,0.303506666558435,-0.652353121182872,-0.218109357529157,-0.00793203476963943,0.161052489789193,0.571404803457895,1273.28532672036,1.00716176322384
"conduct_hat[24]",0.596578043565059,0.0143699540691151,0.347855504984828,-0.121387864841541,0.3586312353016,0.617378255541647,0.864072644547923,1.19663703599921,585.985677651988,1.01090900431883
"conduct_hat[25]",-0.920673445792914,0.0332882345228925,0.333921325351497,-1.51786801588094,-1.1747321827508,-0.937303212155099,-0.692705098879171,-0.247983088033038,100.625206803992,1.02159804080991
"conduct_hat[26]",0.240603657768525,0.00412191047572225,0.304525307606967,-0.336107616134235,0.0435693975046738,0.22036703781574,0.432854115654177,0.86899496285942,5458.20283931521,1.00008412450022
"conduct_hat[27]",0.124562836216686,0.0278432095861483,0.322494235608698,-0.546588213541975,-0.0921236017575851,0.143995834515172,0.362036820196984,0.703755404837645,134.154523045113,1.01714500659662
"conduct_hat[28]",-1.29239641607871,0.00372349458760476,0.3227999088813,-1.91880313316683,-1.49540875143395,-1.31142511589327,-1.08239141817306,-0.633664534332741,7515.62933900386,1.00013635001815
"conduct_hat[29]",-1.09554660713259,0.0572769088300881,0.323588444123906,-1.76860810519634,-1.29695472243695,-1.07578504881872,-0.896572811136817,-0.464006074121129,31.9173528337509,1.03820540349495
"conduct_hat[30]",0.211045516468549,0.00336562946739693,0.29565867221171,-0.384141783793025,0.017748658341415,0.223669237187198,0.393828721392503,0.798186784329452,7717.00250929557,1.00235619863461
"conduct_hat[31]",-4.20523426804694e-05,0.0409494618945666,0.364199857698453,-0.708121768196647,-0.257260525956354,-0.00127231936639545,0.267566897657223,0.628138969083796,79.1012133270659,1.02993185195098
"conduct_hat[32]",-0.791814786499797,0.0417092645591013,0.315588603976948,-1.46374775589134,-0.995789006893981,-0.764593899161989,-0.577911274409717,-0.221646431729643,57.2502727650064,1.0250585119683
"conduct_hat[33]",-1.32137561980735,0.0166262142070913,0.333012555461383,-1.95182045970255,-1.53250251977819,-1.34459393790227,-1.10700240182991,-0.635810232028223,401.175564796377,1.01089508389329
"conduct_hat[34]",-1.42924501571538,0.0114363924891291,0.32634092730388,-2.05966364196073,-1.63273074347184,-1.44733389202086,-1.22537759372836,-0.750344947683201,814.263529276723,1.00838519236922
"conduct_hat[35]",0.00260928748030316,0.00249201023311632,0.301747798830702,-0.58847098931014,-0.187304155289512,-0.00941760735373304,0.188260234110297,0.623092725358455,14661.8434715765,1.00017462908259
"depth_hat[1]",0.23505860004477,0.116748085348973,0.293494867655182,-0.351552797743165,0.0390769808247241,0.226919434271973,0.425468147312657,0.837502496482065,6.31977313512586,1.19660485489093
"depth_hat[2]",0.284287819561041,0.142906312616479,0.329218701877553,-0.360746703945093,0.0520664657335378,0.282430528702644,0.513662302336133,0.919275139650152,5.30720874243693,1.24921815749168
"depth_hat[3]",0.415364273202022,0.201183683449205,0.378382780058723,-0.3573740676867,0.140417626730406,0.450335603486613,0.68104119347582,1.10593988534382,3.53734335343815,1.47344233900831
"depth_hat[4]",-0.0254519024764318,0.00695023873601948,0.242453925708134,-0.513014092399483,-0.179467245748821,-0.0182848229379984,0.134799295620833,0.44037880821613,1216.91150117444,1.00261209102533
"depth_hat[5]",0.291093570281791,0.145922519233571,0.315394467564315,-0.354398716612928,0.0733437406463731,0.298619308461242,0.509417708747777,0.899462000854273,4.67157692224958,1.29578929086559
"depth_hat[6]",0.155136845350139,0.0773295040679996,0.271995485174756,-0.352103610923051,-0.0253346520181506,0.140070096688581,0.32578320280983,0.724123132600902,12.3718014239281,1.09373983291793
"depth_hat[7]",0.348846518284803,0.174138885278485,0.350230097954082,-0.360915413637027,0.0990094346895411,0.365560626897902,0.599302011248494,0.987753638838993,4.04497098824412,1.37192556593633
"depth_hat[8]",0.496047126126432,0.231497810395927,0.429909501920947,-0.349789622616223,0.180083222804902,0.51938709917996,0.799098015897326,1.30922103494726,3.44873887756044,1.50027605389034
"depth_hat[9]",-0.722870218851059,0.331509049389953,0.555064433557961,-1.64413093004045,-1.12528639513523,-0.825440420130475,-0.320174682356817,0.34015113002957,2.80347071845834,1.79588639787067
"depth_hat[10]",-0.429177813055402,0.197681290005921,0.396897184839601,-1.22072343331033,-0.697224434052832,-0.425447905634624,-0.148773786470825,0.29576475229789,4.03111236519519,1.37852025598974
"depth_hat[11]",-0.0565970060191173,0.0108215180786161,0.250866736753119,-0.55057232558409,-0.222288732402385,-0.0519296068840392,0.108518115656559,0.429774863166475,537.414998169024,1.01067788746654
"depth_hat[12]",-0.348619513067787,0.159768662874503,0.346726330991964,-1.05024798584519,-0.57535514272659,-0.347373503633885,-0.103385058139337,0.286698470514594,4.70966966476257,1.29708169657745
"depth_hat[13]",-0.484758175149679,0.222995980798971,0.409617900873919,-1.24541374756028,-0.771410202293934,-0.523940436001681,-0.20243017910995,0.305274686008303,3.37414532832243,1.51914724950952
"depth_hat[14]",-0.598038317689105,0.274113905339432,0.482412180158551,-1.46965913937964,-0.939547473953213,-0.647395191944368,-0.269462513882576,0.317161176260424,3.0972366865071,1.62334629974064
"depth_hat[15]",0.0482036203887504,0.0183246628499324,0.247152177964579,-0.41274732752344,-0.112079168691274,0.0473705125113551,0.204434603075241,0.552541394443535,181.910135762739,1.01496620688038
"depth_hat[16]",-0.218030348380792,0.0969275150363383,0.299694671435983,-0.855319983552735,-0.404624959263362,-0.201877209666826,-0.00344844029668807,0.308818014783792,9.56013191896919,1.12390725860735
"depth_hat[17]",-0.566921013586428,0.262329051297469,0.457680141879167,-1.36585610951374,-0.89352763057485,-0.630098892360515,-0.257851595476495,0.321456336386401,3.04390687464115,1.64528550137911
"depth_hat[18]",0.0374866907066648,0.00977721243118894,0.254227004265111,-0.431868324269388,-0.12962967823426,0.0324892508077765,0.199769739842756,0.566134993500828,676.103613748945,1.00909526982753
"depth_hat[19]",-1.12060811662522,0.511951772565254,0.808446091466995,-2.36376287566154,-1.70237769729076,-1.33884380590807,-0.34160537015803,0.406674553564618,2.49369899012166,2.14740763707919
"depth_hat[20]",-0.625178551341184,0.288740135490133,0.506724132868607,-1.50719122716634,-0.991835274205839,-0.690490633280803,-0.257391401988722,0.326789900144734,3.07984503022204,1.63145353022847
"depth_hat[21]",-0.0803934983939464,0.0138405503697126,0.281841419785228,-0.683877521978062,-0.261110394335127,-0.0640435868792401,0.112771542646082,0.432873441968917,414.670285284208,1.01413876901076
"depth_hat[22]",0.270573323860546,0.135568941864587,0.304301206351077,-0.34979274507634,0.0654369200744212,0.27224040668425,0.473420403438052,0.865475416488617,5.03833378160195,1.26611199337299
"depth_hat[23]",0.0395099988727482,0.00970002653338843,0.254146955636648,-0.428979793537623,-0.126236631818875,0.034354730218858,0.19968986680046,0.561697456230083,686.473819726314,1.00880302490371
"depth_hat[24]",-0.283894713285938,0.133566676988464,0.323369057560692,-0.922069213621655,-0.501565897562143,-0.293310504291011,-0.0472716784733385,0.315474053643855,5.8613908131128,1.21807446391894
"depth_hat[25]",0.465913304802451,0.224984383136356,0.404335485682895,-0.359934391907459,0.17375532354332,0.511954130086287,0.752488759688463,1.17431623465281,3.22982483111117,1.56634658347299
"depth_hat[26]",-0.115537862071051,0.0478296801152383,0.259529368725102,-0.653906869544904,-0.288823911786165,-0.105780429115907,0.0596195059435022,0.369067773434147,29.4427294401612,1.04313080109869
"depth_hat[27]",-0.0315223079220634,0.00827506651452914,0.255894984606995,-0.52222923046434,-0.204846407849681,-0.0309166138675538,0.135759589314892,0.482481510532967,956.270066405577,1.00480887182054
"depth_hat[28]",0.689928892136923,0.32177460505122,0.533079317585308,-0.365292667082447,0.274479463835204,0.795122857241917,1.06442313552447,1.58701812355696,2.74460679574986,1.8412994702848
"depth_hat[29]",0.619942851127378,0.287937228706919,0.499515651323153,-0.355606162702216,0.241046547651321,0.682650971180598,0.965074452960752,1.53097049871889,3.00955691062725,1.66650226760942
"depth_hat[30]",-0.108698807417438,0.0417641676241363,0.255718801466397,-0.626631690251095,-0.278012765317342,-0.101480606790499,0.0662327529007348,0.36639335945364,37.4901916187891,1.03637227664371
"depth_hat[31]",0.0463514083730817,0.0107238537547812,0.272887512002185,-0.457875170966604,-0.141219474013083,0.0394798707126951,0.21757121587727,0.613733413619968,647.538445087936,1.00948424597287
"depth_hat[32]",0.453154942984959,0.214289864629615,0.405911886964625,-0.349798812556011,0.164876737378764,0.468474524091926,0.728694643571324,1.24452449597719,3.58806480452936,1.46308384133107
"depth_hat[33]",0.682025655139827,0.320464965637885,0.5250471163626,-0.366814592329149,0.28331359831678,0.792370912338714,1.06091667246669,1.52797978599082,2.68432712255096,1.89547241925735
"depth_hat[34]",0.776686767139882,0.359606898317313,0.590149209116471,-0.366627370756229,0.310303984584732,0.892607609504476,1.19640327233496,1.75518666572145,2.69319395199017,1.88748261112405
"depth_hat[35]",0.00455311529419007,0.00688950899090979,0.249974808151687,-0.490364283492249,-0.154723223367751,0.0100101261028799,0.164512328689431,0.500847588786446,1316.48509060652,1.00246266526348
"do_hat[1]",0.0484062885277632,0.045759532500872,0.20423308486896,-0.331326347065657,-0.0889188371800495,0.044042690756759,0.17927829173716,0.468591618590193,19.9199863636157,1.05829378909644
"do_hat[2]",0.0512792063297376,0.0643194255526833,0.221714719308439,-0.367483995676951,-0.0930101249960676,0.0492080160269292,0.195601156090919,0.492458088252739,11.8824156067383,1.09669120412084
"do_hat[3]",0.083040868487637,0.0876336895535609,0.242976602499236,-0.384417723586848,-0.0729602604574145,0.0817737827114196,0.239096091554597,0.577596435699602,7.68752810821747,1.155156127415
"do_hat[4]",-0.0134251508148888,0.00152596460547961,0.187439731652253,-0.380612598502998,-0.134275506325611,-0.0183192990889753,0.111082156922712,0.356452003161294,15088.0942047778,1.00038338777461
"do_hat[5]",0.0567779039121961,0.0647544179460296,0.218533107538289,-0.348854550757468,-0.0865213446910104,0.0555908530106368,0.196666461407508,0.492818957587284,11.3892643929382,1.10052679865741
"do_hat[6]",0.0323496856005657,0.0243926714544536,0.19440638404436,-0.338427312898095,-0.101091167143098,0.0276110245189159,0.15474779097284,0.431457749514445,63.5188040305757,1.02451777628089
"do_hat[7]",0.0642115616691521,0.0800032600956526,0.233161602722297,-0.382018638115361,-0.0859754670097666,0.0663010848218327,0.2158521090689,0.529516167150928,8.49373475495578,1.1382845931509
"do_hat[8]",0.112969715929912,0.0890230443957567,0.250587374805847,-0.338296339095575,-0.053696658623164,0.103431885896192,0.269804379855731,0.644289863336889,7.92343479962343,1.14867547367645
"do_hat[9]",-0.163065662392714,0.146559993992136,0.320735902911253,-0.81360485291323,-0.367939987589011,-0.160447065141685,0.0435126967016418,0.447694033462389,4.78921437502307,1.28569822957641
"do_hat[10]",-0.106634348169469,0.0795092213616104,0.241060353923712,-0.615595529779476,-0.256634049037453,-0.0935414103343818,0.0458377325889545,0.34856909094971,9.19213891385921,1.12544490363185
"do_hat[11]",-0.015492878417784,0.00182412451616181,0.187127496878946,-0.38239112199562,-0.135366504127528,-0.0208042418910905,0.105531360892249,0.356362981235937,10523.6466138733,1.00394719140271
"do_hat[12]",-0.0904029409171544,0.0630837554215084,0.223831849646596,-0.563601432660747,-0.230005763872783,-0.0775581633802829,0.0526953210970741,0.329565394259517,12.5895059811834,1.08938123784499
"do_hat[13]",-0.115505323389589,0.0942098130181625,0.252785022175102,-0.642317100747461,-0.275321694760059,-0.104459519232001,0.0556152759859706,0.363970924237052,7.19963355031088,1.16643138294209
"do_hat[14]",-0.144220644141253,0.115655095327042,0.283790103126979,-0.751020359715641,-0.321263710136014,-0.1305177790794,0.0496875475824008,0.388021653753448,6.02094901799901,1.2079396776196
"do_hat[15]",0.00271789036720194,0.00304347898332891,0.187319270169951,-0.359584710023186,-0.126778418422194,-0.00119780286571235,0.127839416836303,0.377388693011373,3788.12498702982,1.00460605334362
"do_hat[16]",-0.0659840945079441,0.032686038484657,0.207508687277541,-0.501611691383788,-0.190419567982956,-0.063014949337101,0.0717270578899279,0.321878649436928,40.3039851932767,1.03370240028644
"do_hat[17]",-0.131892967969118,0.11678272145359,0.280000051737356,-0.716902301639776,-0.307483687165132,-0.124147174026287,0.0539439131115442,0.400745576766842,5.7485596197162,1.22144347828914
"do_hat[18]",0.00789464812634331,0.00155306290580595,0.186792814262501,-0.351263031632789,-0.113772053373364,0.00100517354666639,0.130199798314342,0.38483343624865,14465.7926882643,1.0015849199354
"do_hat[19]",-0.251619688639266,0.228800288554902,0.452774012905855,-1.15006556669866,-0.542217963066097,-0.251421797737944,0.035730820630941,0.61129973497314,3.916064616445,1.39347715562171
"do_hat[20]",-0.135850780199563,0.126859951074947,0.289825155643768,-0.714784934468104,-0.321660605779515,-0.134394055521995,0.0517406218228574,0.418977251519846,5.21942998720342,1.25162673624516
"do_hat[21]",-0.035187661625506,0.00409215302827511,0.196157212304084,-0.42759644343043,-0.167926783641678,-0.0331373807171679,0.0966229696443898,0.34521911578541,2297.76087234083,1.0021208063435
"do_hat[22]",0.0558920213312669,0.0580968761381542,0.214585757685827,-0.338957550856994,-0.0890082833129883,0.0520876047050789,0.193135245067485,0.499649593405451,13.6425710976153,1.08357544696903
"do_hat[23]",0.00435431768703169,0.0015036732853008,0.187072374570675,-0.349408335209397,-0.116451502277814,-0.0015195404116375,0.127414192270891,0.380993403336943,15477.9111701797,1.00075072311401
"do_hat[24]",-0.0648635718121556,0.0601705726406086,0.216360658243696,-0.50087305885843,-0.204367273147917,-0.0594948993900452,0.0806462572825889,0.35041617059957,12.9296955467832,1.08644436677104
"do_hat[25]",0.0953299228987508,0.100328952075404,0.257571615575278,-0.405361989149601,-0.0702906028802248,0.0950676893463967,0.261248324778909,0.609465151845327,6.59088071762031,1.18603054117474
"do_hat[26]",-0.0382771383527235,0.0152004806828456,0.194410910221459,-0.43702678839069,-0.161152430468998,-0.0400347827161215,0.0916303732905048,0.339094512041299,163.57865148896,1.0156928817037
"do_hat[27]",-0.00678342992584948,0.00153948481282373,0.186858237330792,-0.369714133719195,-0.128358285951827,-0.013247439576346,0.115412899080898,0.367931784237572,14732.4059637976,1.00339662495679
"do_hat[28]",0.151006718488376,0.137040404077655,0.311119612666604,-0.443149900676691,-0.0480349284537243,0.14729463955487,0.350358191096717,0.785238376416228,5.15415551032306,1.25825217316682
"do_hat[29]",0.14140978799209,0.115402011186857,0.286155344710463,-0.374980514587627,-0.0465968641622639,0.130854765455116,0.318909825999368,0.742128051055382,6.14861030487849,1.20388097330715
"do_hat[30]",-0.0297605953181386,0.00889111977760423,0.189165244416595,-0.405583015885347,-0.150533831960225,-0.0336425135665127,0.094414422512428,0.339006582334135,452.657551502254,1.01055003333185
"do_hat[31]",0.0135605338168189,0.0015521948999679,0.187961920041675,-0.344627058869777,-0.109084663297598,0.00731064422888898,0.134483455689033,0.395809495971081,14663.8240574266,0.999992396544936
"do_hat[32]",0.103956886845879,0.084203907305586,0.246094975470442,-0.339332950329809,-0.0614951709705896,0.0925625409187478,0.258558374499955,0.6249887759413,8.54163490795192,1.13693198134758
"do_hat[33]",0.149825229905075,0.142074090183557,0.319180712212357,-0.463892887650918,-0.0538606654775442,0.143952653204618,0.350795241201629,0.806499066827372,5.04711861885574,1.26573370703211
"do_hat[34]",0.172953361791401,0.151377716175135,0.334440237270102,-0.4665358363958,-0.0423277518709445,0.165098803410041,0.38517836047839,0.862397325206892,4.88104878308828,1.27829084445485
"do_hat[35]",-0.00558699494878593,0.00163099132971768,0.186985768423366,-0.370633381637402,-0.129939256773684,-0.00881957319383116,0.120078429701711,0.361968445149334,13143.5839126982,1.0008391004291
"thermal_hat[1]",-0.319666790334512,0.00256274462255594,0.267930908273802,-0.878170073450337,-0.49284175977652,-0.303669326679547,-0.147548145614463,0.184163882748663,10930.3727055941,1.00235643166771
"thermal_hat[2]",-0.426074188623248,0.00571509688491373,0.297768514421486,-0.986450004457356,-0.62089790275255,-0.43760652370682,-0.233231239746517,0.182074334319477,2714.62818650556,1.00538107412184
"thermal_hat[3]",-0.614313349416047,0.00222731698503353,0.281383304830009,-1.18348945059275,-0.79486430587192,-0.604474690198591,-0.431097265042978,-0.0704562970063952,15959.9892451913,1.00030609230556
"thermal_hat[4]",0.0553786098491055,0.0172766732906474,0.26660750336257,-0.466967898513206,-0.110558409215167,0.04856076173787,0.22335819318693,0.591250861479594,238.135693059498,1.0109979358391
"thermal_hat[5]",-0.441408454595147,0.00281563416560473,0.275052879627179,-0.999023683500574,-0.615468995329077,-0.431865313854812,-0.265326209559072,0.0962497354504509,9542.89047470266,1.00390075771984
"thermal_hat[6]",-0.201741921552603,0.00515982147647906,0.282420865681923,-0.808163627445564,-0.380812051860311,-0.183864694577883,-0.0019938664175952,0.29580484936381,2995.87858197027,1.00207339521043
"thermal_hat[7]",-0.54763169301662,0.0190578522977859,0.297764655433171,-1.13386454183028,-0.738815018089989,-0.546308219462665,-0.353406135544154,0.0371021769013505,244.117198998231,1.01220068992858
"thermal_hat[8]",-0.668748037533462,0.0811028405884428,0.321140895446423,-1.34060061665584,-0.877453101951517,-0.647749014130854,-0.435824390007836,-0.0980188494855676,15.6790266074638,1.0731804581255
"thermal_hat[9]",1.16159596557655,0.00768627122216081,0.330198376329795,0.542939283173898,0.930391420022952,1.14959353322003,1.38340070021392,1.83249990045342,1845.51872700856,1.00649514836959
"thermal_hat[10]",0.683529891717233,0.0253842282230649,0.338674013153798,0.12103754358682,0.434404148007121,0.661252521908753,0.908846376404478,1.39719602420551,178.006483379403,1.01906638776104
"thermal_hat[11]",0.124042000753157,0.00205852018408114,0.269004178985675,-0.434393283976273,-0.037324845916405,0.129118122696835,0.293983844990965,0.649047857308812,17076.8512047564,0.999993088373826
"thermal_hat[12]",0.55555596873794,0.0360234762014328,0.310802147444395,0.0210404529893356,0.327441178594223,0.532967871690494,0.754468502255353,1.21575359004333,74.4383577771723,1.02307692644899
"thermal_hat[13]",0.777780225544919,0.0219029430475019,0.30066485576467,0.234217007734548,0.56426346624324,0.762480032380045,0.970597880472067,1.41083578607139,188.434485565227,1.01437016585035
"thermal_hat[14]",0.951558730057042,0.0323429726883195,0.349525562419276,0.361127204226004,0.696858600560016,0.931844948149877,1.17862946282355,1.68626389735681,116.787945457105,1.01994637148543
"thermal_hat[15]",-0.0460649657418948,0.00185182598049433,0.263876759271236,-0.580949390000607,-0.207842381185573,-0.0445686773459683,0.120493880626997,0.472173255992533,20304.9506327509,1.00088256254555
"thermal_hat[16]",0.353996596224423,0.0325904629106044,0.321914882938199,-0.184371661513588,0.112391778160469,0.331805240197684,0.563771783661098,1.04315363384285,97.5665735036582,1.02246425723196
"thermal_hat[17]",0.932208368067529,0.00558548296742884,0.311764850209969,0.357458652178629,0.712420560129381,0.919717079075705,1.13231900668323,1.58840834550156,3115.53643805223,1.00293365792751
"thermal_hat[18]",-0.0220513040770759,0.00327450647079782,0.28275782678929,-0.633725225624624,-0.195419495151761,0.000326476058657731,0.164850728086568,0.49450864458563,7456.54364559106,1.00110902692876
"thermal_hat[19]",1.79483838279309,0.0093362182603401,0.394270933998218,1.05192218554058,1.52045200321154,1.78580816162772,2.05405127075559,2.58273016688216,1783.3949451331,1.00528176825252
"thermal_hat[20]",1.0029130786227,0.00374349130625045,0.316407511355435,0.392035616875632,0.796222621482993,0.994684498595066,1.21023430993909,1.63492325740373,7143.97476840376,1.00336896842939
"thermal_hat[21]",0.122648220573845,0.0441060399015312,0.329395284968629,-0.454533022776207,-0.120892363458351,0.104461605210466,0.341319425654382,0.821813946028744,55.7748774278069,1.03164563664011
"thermal_hat[22]",-0.402496479858514,0.00260697831418027,0.278665534996717,-0.984932204581987,-0.576362404363843,-0.385313922540408,-0.221078883052979,0.121248759878159,11425.9332069361,1.00090002690179
"thermal_hat[23]",0.00124441625615764,0.00296175237588826,0.274405738103746,-0.555304021195766,-0.172194322749411,0.00681912538382956,0.174588387994988,0.536663959221143,8583.98374005716,1.00496422931311
"thermal_hat[24]",0.49166675520317,0.00315964348512449,0.291811808068307,-0.0971984666272488,0.302994811907888,0.492197101342245,0.684597167702036,1.05783521040509,8529.61754491971,1.0002723512472
"thermal_hat[25]",-0.703857900421898,0.00216006524144796,0.282311622335765,-1.27780518917677,-0.88671971465566,-0.691791910093944,-0.51994893514914,-0.160332044133315,17081.4124133411,1.00080482908001
"thermal_hat[26]",0.229297152630094,0.00455438701021187,0.283160507682938,-0.287300024966991,0.0356614003604866,0.210511366545995,0.403614330859982,0.841880367261408,3865.49842235683,1.00070746834835
"thermal_hat[27]",0.111657195209122,0.00808040717092369,0.279231188842586,-0.473722056078398,-0.0646150658558222,0.128369280216023,0.296629293750765,0.633802195551286,1194.15681081222,1.00793689088557
"thermal_hat[28]",-1.01630759911208,0.0350514300717312,0.325303775026832,-1.69999405211956,-1.22107378580761,-1.00223251315294,-0.784724123743176,-0.429007872184527,86.132434621671,1.01940878604772
"thermal_hat[29]",-0.867122471098404,0.0814975349453513,0.338860949273908,-1.59496725033656,-1.08213017012639,-0.840383337020145,-0.620568022396207,-0.276640220164661,17.2883720686841,1.06634393279098
"thermal_hat[30]",0.19509578665607,0.0028914483553108,0.269132440487821,-0.329364814688742,0.0233189135866408,0.187263320976161,0.364948738727858,0.744824823311285,8663.65639826698,1.00536575142333
"thermal_hat[31]",0.00408688596406723,0.0263660466675888,0.307460474915296,-0.630821616653044,-0.202288108561761,0.0167214446145366,0.227809974869107,0.563450469669096,135.984232511244,1.01912194179343
"thermal_hat[32]",-0.629511716219413,0.0547995223216899,0.327334834480456,-1.34722991836981,-0.835878460674221,-0.599192683775185,-0.389191753430431,-0.0743472870386973,35.6804977145393,1.03757554713321
"thermal_hat[33]",-1.04184125454694,0.00555615816161832,0.342506859528474,-1.77173997375007,-1.25924178892216,-1.02135344496145,-0.80149157258111,-0.418695956607019,3800.05032117938,1.00230160247765
"thermal_hat[34]",-1.13044182974926,0.0653949336903846,0.348294073225613,-1.85968393664469,-1.35492545523319,-1.11297061696668,-0.877600854370584,-0.504078100624465,28.3663829177553,1.04270843026087
"thermal_hat[35]",0.0361311167346207,0.00242330760479579,0.275732820283018,-0.48432958488024,-0.137563727830978,0.0207481532170877,0.199040538835867,0.631768152792553,12946.7223820466,1.00019022597034
"canopy_hat[1]",0.315320962886314,0.00233163690029756,0.276512412981541,-0.208625246896092,0.132682669720058,0.305971288793056,0.483629865871085,0.89100495141157,14063.9535889005,0.999982686352363
"canopy_hat[2]",0.433595241162157,0.0269945799785058,0.323641688618601,-0.199522935965162,0.21351599854759,0.432939883839233,0.648906426644085,1.04630243603567,143.739380244125,1.01962183389115
"canopy_hat[3]",0.615187241752101,0.010505523699889,0.298428227267753,0.0467727083581967,0.415990900536414,0.608218550623332,0.812938672002597,1.20687247683084,806.945835375894,1.00802533429824
"canopy_hat[4]",-0.0656555355126984,0.0173498289602308,0.268766013761795,-0.603619994371946,-0.236263538213624,-0.0611971869143706,0.100393530947449,0.472297602277787,239.9707476749,1.01133564596696
"canopy_hat[5]",0.437043609907724,0.0265386757183375,0.285325073745489,-0.120722384829404,0.24637330693193,0.432641067859503,0.626705673227089,0.999557028559267,115.590297335914,1.01681935582259
"canopy_hat[6]",0.187131265268684,0.00403704445404329,0.282013892531908,-0.311943029647935,-0.004434933759822,0.163828951757203,0.370747099082688,0.792187954496927,4879.93393632878,1.00077180234953
"canopy_hat[7]",0.545718159922197,0.052916081757862,0.311720554070465,-0.0615279478142706,0.340097525667795,0.544341856693121,0.751946734610587,1.13705358353008,34.7020811817599,1.03844051861403
"canopy_hat[8]",0.656973711880306,0.0575836468056677,0.310322538968853,0.0965854461142524,0.440823837267026,0.64522636618793,0.852602101968689,1.30764301376662,29.0421195401567,1.0426669069529
"canopy_hat[9]",-1.19358548355678,0.00797005215259744,0.329957064512781,-1.85068178293192,-1.41705225303594,-1.18630225733542,-0.969730491552457,-0.572151287487159,1713.92785064049,1.00343554378991
"canopy_hat[10]",-0.707096254545151,0.0123006868170587,0.349702722694668,-1.47054486011334,-0.929574152731979,-0.679580756997069,-0.448471898329188,-0.130523644492506,808.238073442219,1.00752056855173
"canopy_hat[11]",-0.146518114591899,0.00204459166893496,0.270033534683828,-0.685914988840201,-0.316612678212603,-0.152926411962769,0.0228536559028903,0.406115113986612,17443.0420950498,1.00006086735154
"canopy_hat[12]",-0.574877867845065,0.016632301545566,0.31254148556801,-1.26127230131055,-0.772435359233619,-0.548431822023769,-0.346447398996738,-0.0429326211432125,353.110509739542,1.01144890489256
"canopy_hat[13]",-0.804449279484005,0.00297418774304017,0.306689246108935,-1.45752800670248,-0.993906027635737,-0.784629580734861,-0.594807241658047,-0.256509270936308,10633.1107387167,1.00129505419391
"canopy_hat[14]",-0.978662843930088,0.00687580302820971,0.354228526369401,-1.74894347454343,-1.20362488654901,-0.945693447961334,-0.732389770709998,-0.369508547088144,2654.11790013491,1.00306103327603
"canopy_hat[15]",0.0292153695121514,0.00187450850203065,0.264830152955284,-0.515642224022438,-0.136142115510731,0.0344871287391146,0.188656464611944,0.559227020121543,19959.9768669729,1.00230311938896
"canopy_hat[16]",-0.367561155835514,0.0228267952370906,0.32712599277701,-1.06621507964158,-0.579902203964789,-0.345322704829831,-0.130840082697594,0.17928557008965,205.371521760122,1.01846649675473
"canopy_hat[17]",-0.959795016051049,0.0036169242947334,0.309962205701124,-1.6053523767612,-1.15412461092032,-0.952798855957054,-0.752122332209332,-0.36908994210583,7344.10111957385,1.00360115444586
"canopy_hat[18]",-0.00180760010778512,0.00303193782477191,0.278836401174522,-0.528974140428221,-0.184664784185787,-0.0205541102454319,0.173203901751058,0.582920773938229,8457.81838962488,1.00099938670179
"canopy_hat[19]",-1.84268099427122,0.0194547780579888,0.420582725366304,-2.64804662403141,-2.12462260312352,-1.83420307119826,-1.55434123226269,-1.04135133507344,467.358666432086,1.01146178246959
"canopy_hat[20]",-1.04880435337847,0.00872213463298306,0.357520074305232,-1.73955342490939,-1.29470387035477,-1.0478429924496,-0.807318722800157,-0.351051903566101,1680.17799178108,1.00403640475482
"canopy_hat[21]",-0.129366539860498,0.0509117682903183,0.339545790508194,-0.832702031519445,-0.35322777811405,-0.118898154166014,0.111874874870878,0.477680183940578,44.4795452637558,1.03753683310804
"canopy_hat[22]",0.396079293674489,0.00779019430790772,0.28394950416541,-0.141212983432003,0.207092111702519,0.384743077464258,0.5652779525034,1.00941882154922,1328.57369313586,1.00686167220252
"canopy_hat[23]",-0.0088510738382433,0.00366652159283438,0.277181761370713,-0.541939015981321,-0.186097724251363,-0.0146931120121251,0.158878341464723,0.569427436302485,5715.06016050772,1.00484662757405
"canopy_hat[24]",-0.510444325142705,0.00898372426356512,0.294762250703058,-1.06625981932167,-0.715165221614601,-0.518412863858996,-0.315539322776,0.0838933403764486,1076.54180811335,1.00724158423937
"canopy_hat[25]",0.708843762693356,0.0233916591032637,0.30690249070692,0.113109168766811,0.498701625178537,0.702365352160222,0.911727566976146,1.30676216050635,172.138801026771,1.01552372138068
"canopy_hat[26]",-0.242030535814203,0.00463019946742366,0.282877280934381,-0.842317255595451,-0.420880300081761,-0.224630919461573,-0.0382385203803587,0.269948603795339,3732.4735286645,1.00036069720036
"canopy_hat[27]",-0.127984814365479,0.017803854347808,0.287350841484572,-0.657273087031885,-0.318968864753493,-0.147688724950532,0.0543689445038345,0.472985308797818,260.493494110602,1.01246843804477
"canopy_hat[28]",1.01518662174188,0.00501887521793113,0.319686710971106,0.419361652659617,0.796555284067406,1.00557913067007,1.22947949141223,1.67258293786728,4057.29299080012,1.00108376229831
"canopy_hat[29]",0.85753599113563,0.0492107547011404,0.318868546364618,0.277189794420996,0.637842297531026,0.841657719188702,1.0514982934739,1.54306459384017,41.9858851018084,1.03231515425505
"canopy_hat[30]",-0.2100356580887,0.00216015310560382,0.269339747484501,-0.763778022340451,-0.3743150538097,-0.21285949357147,-0.0378233350358702,0.325814253277495,15546.4713054008,1.00269174454924
"canopy_hat[31]",-0.0216013905923979,0.0340634513289633,0.315573018619898,-0.578483142498096,-0.248441021503902,-0.0339349053449204,0.188285216864402,0.634301886881847,85.8267031892425,1.02498192993484
"canopy_hat[32]",0.616360564754406,0.0289184566132304,0.31263748816679,0.0646154758845122,0.397860097980988,0.586127643883892,0.812619124961721,1.30080500411597,116.877761166699,1.01935344935303
"canopy_hat[33]",1.03754363570884,0.0077111120080586,0.3248994981524,0.427653025615829,0.813168623917033,1.03005343750717,1.253260135458,1.69611029558226,1775.26854444946,1.00647117024183
"canopy_hat[34]",1.12690015467112,0.0118769954759071,0.33131592350946,0.509635815483373,0.897759584274958,1.11092238728601,1.34967096507373,1.8159577153501,778.164539343224,1.00921583318562
"canopy_hat[35]",-0.0400683049195693,0.00247671261907195,0.274722654092154,-0.602485227972588,-0.211289133835515,-0.0348628348048564,0.130793391614296,0.501205939453135,12303.7560949903,1.00035267216038
"q_hat[1]",0.222403563447773,0.00164954399967192,0.237876751569262,-0.221358907963725,0.0655826082293022,0.212111056280364,0.366493591115977,0.729977541830485,20795.8267017347,1.00018894988308
"q_hat[2]",0.30158786970161,0.00829006936675959,0.267195731192453,-0.201960747219206,0.120509340725923,0.293787680927041,0.481579585450186,0.843198134304672,1038.82573955978,1.00829703138695
"q_hat[3]",0.429667644786536,0.00291455145234803,0.270252272148307,-0.0735283891238376,0.243185878883526,0.419292450233202,0.598209989492146,0.987807659087264,8597.95672238799,1.00120313184629
"q_hat[4]",-0.0334540746215801,0.00641014752674904,0.227844727187452,-0.508222521364084,-0.174366839698376,-0.0265975960407394,0.111476976914197,0.418081799166589,1263.40303431919,1.00736297658348
"q_hat[5]",0.305626460154689,0.0042987648848244,0.248304295139065,-0.16068553402727,0.135188684335237,0.301218178746322,0.461865763410146,0.824917830400978,3336.42278777462,1.00624440683488
"q_hat[6]",0.135578814062593,0.00299612341252604,0.238936539502802,-0.302737653218036,-0.0215254609535171,0.121137202572264,0.283912541738217,0.639974158867694,6359.83344872692,1.00062630004454
"q_hat[7]",0.379219373797001,0.0191386635313089,0.270336524190961,-0.127831768759472,0.193146100270236,0.373455255999187,0.557415317519984,0.932507886350531,199.519908298408,1.0136910385134
"q_hat[8]",0.465258673445898,0.0441106934193515,0.294901201724413,-0.0506366284069262,0.261823045040949,0.437139106415491,0.645940780070198,1.10511586817795,44.6956558899062,1.02993180521748
"q_hat[9]",-0.795154764948608,0.00311969641260173,0.352591453876302,-1.52365563127551,-1.0157082562611,-0.782828257894108,-0.553848141580109,-0.137245521853422,12773.7642383031,1.00008907132536
"q_hat[10]",-0.461688924413082,0.0102127734175484,0.301138208284934,-1.12724489777199,-0.64441358917041,-0.434133608878554,-0.241251238747605,0.0494060382681937,869.449437516213,1.00930599221401
"q_hat[11]",-0.0784671176518618,0.0017807657580088,0.231040806439689,-0.539488498443213,-0.221798669426474,-0.0835022270409597,0.0656537016863832,0.381029181321176,16833.0879035952,0.999851502195626
"q_hat[12]",-0.368563062832728,0.0192757026783589,0.268738969924834,-0.956198336108054,-0.53556782158451,-0.344497369857628,-0.185512019002302,0.095510841427785,194.375202453575,1.01248048405695
"q_hat[13]",-0.522140065222348,0.00227898273767817,0.279169520646661,-1.10782143518361,-0.69570906117675,-0.501417229036309,-0.336547719692376,-0.00972179459674348,15005.6195252632,1.0039818992859
"q_hat[14]",-0.641995948880864,0.00647556847303155,0.324035214735472,-1.36106884823031,-0.836746188346633,-0.616291968267813,-0.428050366471001,-0.0606421299549603,2503.96710985957,1.00596283340657
"q_hat[15]",0.0425803758254539,0.00171517224334825,0.230164326994336,-0.400867624809413,-0.104641776246336,0.0414285256757053,0.183105289870742,0.510745527359174,18007.7953834584,1.00108934393686
"q_hat[16]",-0.22584362686728,0.0203931487669658,0.262762072396137,-0.798023185016296,-0.387678330418873,-0.209685141671397,-0.038373851220616,0.238461545796346,166.018613348684,1.01606797414161
"q_hat[17]",-0.631797867973055,0.00220308000771481,0.306474782427901,-1.2803097211204,-0.820723276242151,-0.623114780968196,-0.427202055858801,-0.0581728163431749,19352.1379855982,0.999890887570964
"q_hat[18]",0.0171783761987944,0.00242834616670482,0.235469953744416,-0.433354371029634,-0.135181928355311,0.00740190036525896,0.16281197664305,0.512978341535974,9402.63989862912,1.00072789854405
"q_hat[19]",-1.23876487587968,0.00428724511135226,0.486188771326772,-2.21746310994402,-1.5491505420027,-1.23297613009829,-0.903406126181817,-0.297612111606604,12860.3628237851,0.999950373315294
"q_hat[20]",-0.6866579753763,0.00368662488284726,0.329389650578073,-1.37009137313342,-0.899957561626392,-0.675562141332526,-0.460837844849697,-0.0755033391695193,7982.92407918377,0.999965979586344
"q_hat[21]",-0.0728610236594621,0.0339474424108632,0.268860577373939,-0.634682129126732,-0.24715654968514,-0.0637066217826561,0.11556632113956,0.41174918741197,62.7249224989154,1.02719300130383
"q_hat[22]",0.277364870991563,0.00198573076927329,0.245522027051266,-0.177880986008245,0.114285593352842,0.266282906997751,0.427871323147952,0.805578717332557,15287.6309935013,1.00176474181182
"q_hat[23]",0.00165174009427825,0.002066568908017,0.234542574862881,-0.466862262991574,-0.143243391836784,-0.00408235758401436,0.148999605546199,0.467745819110936,12880.8224865073,1.00274414748134
"q_hat[24]",-0.339294368028666,0.00311253672837229,0.26913705505643,-0.887362595821298,-0.509338359915433,-0.33258516472891,-0.155104393202832,0.160793807851965,7476.83888287244,1.00083852402311
"q_hat[25]",0.491718905203867,0.00309688222560517,0.279490929249294,-0.0308884063510262,0.300121701276627,0.482824674692857,0.670935107767414,1.06957671504992,8144.90562172236,1.00299129071972
"q_hat[26]",-0.143202306597478,0.00257664033743404,0.236292995257617,-0.638548776281203,-0.292917105481457,-0.129250931402196,0.0107968300445132,0.297148830753818,8409.96313555917,1.00048658103071
"q_hat[27]",-0.0769499252326587,0.00452486844570889,0.239181194765161,-0.542464974266773,-0.227594042644135,-0.0832383570929397,0.0792506040279154,0.406425877890151,2794.10130063808,1.0057807340712
"q_hat[28]",0.705612955895535,0.00285936224827698,0.331610759603876,0.0871601968558998,0.479603980880026,0.699552818455192,0.91704195429903,1.38934985247055,13449.8942270804,1.00266045763858
"q_hat[29]",0.603026169723275,0.0365753424273812,0.322458352231625,0.026040521069952,0.38310526365294,0.574926948848004,0.807564274375558,1.29228283240157,77.7267411155025,1.02258491357759
"q_hat[30]",-0.123256078137891,0.00191216149518285,0.230626182973222,-0.590734187969284,-0.268195213512156,-0.123165083476961,0.0259059621177723,0.328160397460913,14546.8206729046,1.00291526224263
"q_hat[31]",0.00131042009696836,0.0140147880932475,0.256411908774271,-0.47617180964204,-0.177739720321672,-0.00373420630699033,0.171335979747805,0.523589082780216,334.736686088298,1.01522262277554
"q_hat[32]",0.430345187446391,0.0247070047327966,0.281048772312792,-0.062893891934705,0.239481445839965,0.404383864012221,0.602788482503035,1.04788954210013,129.396696289021,1.01615162896946
"q_hat[33]",0.718332361591128,0.00256920530510496,0.33131205241517,0.0979071404623685,0.495897528483889,0.711560482546846,0.922584723494834,1.4130485032911,16629.4103247478,1.00011739240868
"q_hat[34]",0.782405229281772,0.0145173810929426,0.352826429850332,0.127757520058617,0.540047704357038,0.770975534570309,1.0098538455691,1.51904898140582,590.671022248053,1.00990748290896
"q_hat[35]",-0.0127202470378612,0.00183251429130995,0.234545709722283,-0.490504751556183,-0.159205539285565,-0.00318643542662526,0.134999714768024,0.447704768463246,16381.7481938531,1.00032968156102
"trout_logit[1]",0.8510976444489,0.00649758399405796,0.769771514537274,-0.499212355831147,0.348069884114754,0.780023486737481,1.30238705916071,2.54804938571054,14035.2407714661,1.00048062039536
"trout_logit[2]",1.102656728349,0.0331555358556672,0.838060768434945,-0.469968108215044,0.55481747813918,1.07296657917069,1.61223627310437,2.87198819450723,638.908872150607,1.0109919859245
"trout_logit[3]",1.58055356348895,0.01070993712513,0.897906313166075,0.0564101465037038,0.981754837102631,1.48467135625547,2.10486280561509,3.57664428520268,7028.91364470861,1.0030134068123
"trout_logit[4]",-0.0456006739612856,0.0167325642386171,0.712506057949475,-1.45480719839963,-0.490016375411032,-0.0529412853239133,0.377404520918949,1.43612299979471,1813.22676237992,1.00653084938956
"trout_logit[5]",1.15046756553353,0.0370240246293349,0.815655993796707,-0.28443689275728,0.614307841561691,1.07263220419368,1.63176782451875,2.96322997182757,485.340810984536,1.00971043271004
"trout_logit[6]",0.548720216795393,0.0122471811715214,0.760490702709094,-0.791662197272515,0.0317789727191312,0.477033021466534,1.01315343239543,2.21851050965216,3855.8091825435,1.00094814228856
"trout_logit[7]",1.4142278288239,0.0938182844274884,0.899584470548395,-0.161792999857602,0.79875863037782,1.33059574221625,1.95971823167456,3.3747331238324,91.9409369068818,1.02000240709116
"trout_logit[8]",1.67391950345074,0.133710127199479,0.934592429882314,0.181656660854294,1.00781214889417,1.56828685891402,2.19938746912286,3.79895215703279,48.8557757994126,1.02874154955354
"trout_logit[9]",-2.78756428457715,0.0194337629346107,1.21154692731303,-5.50674003246738,-3.53147300083706,-2.64415255977636,-1.90993156060311,-0.786590966770952,3886.57166150179,1.00292243881452
"trout_logit[10]",-1.59140220301806,0.0302029577820239,0.985053115700091,-3.8646843612549,-2.15630886687492,-1.47133608077728,-0.881142228330486,-0.0405609933148077,1063.70290873603,1.0035837723865
"trout_logit[11]",-0.266578085811741,0.00586709356615049,0.729529687837372,-1.79003641521447,-0.709560309494086,-0.249577707634816,0.196990077708812,1.14147834115921,15461.0829961646,1.00077364374745
"trout_logit[12]",-1.27888694619925,0.0245108057689148,0.881215384323866,-3.28827672014639,-1.78534543546903,-1.17538042998997,-0.64741132563285,0.135377116447031,1292.55479761795,1.00572605094881
"trout_logit[13]",-1.83202000783294,0.0148785847491663,0.955282374740908,-4.01680920106559,-2.39256333061477,-1.72537837850048,-1.13926551672272,-0.283670985309248,4122.30654367389,1.00181617628996
"trout_logit[14]",-2.24420519479449,0.0298929652696158,1.09318374929415,-4.77544022345256,-2.8666696256415,-2.11226184482082,-1.46673206172783,-0.538283774950742,1337.36002950628,1.00240778866266
"trout_logit[15]",0.151673465625275,0.00473908661419818,0.709356967524881,-1.27436739594772,-0.277045830869974,0.15431619150765,0.587460005610458,1.5804256237168,22404.7646051384,1.00067483322392
"trout_logit[16]",-0.780626132465296,0.0307333844487663,0.858649030235391,-2.70844424731199,-1.28098440801004,-0.697885052956763,-0.174788780721613,0.62429000734716,780.567725300181,1.00921291177294
"trout_logit[17]",-2.21100021668418,0.0218615758606379,1.03638087887641,-4.56519005169783,-2.83207243700819,-2.11009943215349,-1.46394780939503,-0.48501705036698,2247.37660152064,1.00425553241874
"trout_logit[18]",0.070616295927116,0.0075611351971514,0.737027185754108,-1.37502356909954,-0.387201092664083,0.0503519625543331,0.530175824513183,1.55530103712547,9501.51826862366,1.00103396262715
"trout_logit[19]",-4.34681783334044,0.0407513337601998,1.67762265884443,-8.15537538085461,-5.36946735184995,-4.15148003058709,-3.11533042228947,-1.5801386655033,1694.74714801185,1.00597724794553
"trout_logit[20]",-2.4177580054014,0.0182073203988807,1.16303230372636,-5.03914474274858,-3.12959381181997,-2.2794327421652,-1.60711788890503,-0.473042262077852,4080.29427413255,1.00334625355341
"trout_logit[21]",-0.17997702017605,0.0922234630338692,0.828060877032531,-1.87970038383608,-0.714659812681634,-0.156249273199678,0.399849205852268,1.37749091061132,80.6197932706203,1.02374139311889
"trout_logit[22]",1.04771109491049,0.0161369718556625,0.802386516673472,-0.328399703744458,0.51522551960838,0.964510946189282,1.50908609080002,2.88464377686366,2472.42519881296,1.00477524940523
"trout_logit[23]",0.0401408786142514,0.00759363118528811,0.731251909681355,-1.44748526512374,-0.407250837205051,0.0410671856355823,0.492395114243729,1.48501960017301,9273.31529915549,1.0053926927164
"trout_logit[24]",-1.15495626240086,0.0132679114853627,0.87162894092831,-3.05367570159342,-1.680684248902,-1.07699481399569,-0.574718149136202,0.398032326427272,4315.76861615525,1.00417216021788
"trout_logit[25]",1.79959934051264,0.0241086373193441,0.929868386202737,0.231286790616194,1.17102662525778,1.69993363344047,2.34792043352074,3.89309335968763,1487.63928390752,1.00714167794187
"trout_logit[26]",-0.489519914581999,0.00958054675741547,0.767388815868722,-2.19247452084052,-0.937668102310736,-0.419134379521424,0.0272379986984472,0.863273557984235,6415.7929683013,1.00031412004447
"trout_logit[27]",-0.237491000540548,0.0367380084973263,0.761938815970962,-1.78500948836268,-0.707988195964554,-0.239556165175541,0.252762056534337,1.25926117762085,430.139154256119,1.01043836332535
"trout_logit[28]",2.53708615212419,0.0174764915581872,1.08607865052024,0.749069273112135,1.75242309948886,2.42093649365355,3.1864773512875,4.99454636324522,3862.01583639177,1.00195443203391
"trout_logit[29]",2.15590410155943,0.102138200661182,1.01473126073508,0.517232697407669,1.42493665773737,2.03989252118931,2.75110442349431,4.4749675342248,98.7019366676167,1.02035078643484
"trout_logit[30]",-0.385399104557494,0.00537847694900199,0.707096653811515,-1.83294212941906,-0.822201040054561,-0.367266283559919,0.055512531325018,1.00319617339886,17283.7883998119,1.0017768190341
"trout_logit[31]",0.0460660326656821,0.0649579869323363,0.822457751004188,-1.52162019926623,-0.493430711708785,0.0194057295005027,0.566731012778129,1.74096613436548,160.310541328682,1.01826916629141
"trout_logit[32]",1.57807353849679,0.0521152355051493,0.929910376504994,0.102914215661127,0.899502685931211,1.45911360321866,2.11786540790673,3.6986317063185,318.385131727189,1.01303464354874
"trout_logit[33]",2.59136890846656,0.02187960871976,1.10041069896919,0.793544485266178,1.78714135220524,2.47495152603456,3.25451506187003,5.0869436613515,2529.47566912206,1.00303221260005
"trout_logit[34]",2.80716406485334,0.02769245478829,1.15600076568248,0.927750767889516,1.96970137451197,2.69141788108641,3.49178007876197,5.39682319084096,1742.5824378685,1.0061605319302
"trout_logit[35]",0.0132099004417072,0.00541039478421377,0.718612731771766,-1.42028337410094,-0.437710723478827,0.0139111185182739,0.446981640020085,1.45653338029346,17641.3535324564,0.999942768238088
"conduct_rep[1]",-0.433236155464179,0.0040431684249432,0.546847660700369,-1.56214255059825,-0.757052463133188,-0.422714834045999,-0.114458926542403,0.666135905068323,18293.1734113478,0.99998952383474
"conduct_rep[2]",-0.592509729876361,0.0182162545643554,0.589267799248737,-1.62531853976326,-1.01998569300402,-0.642886879068208,-0.224205112654955,0.646148485939665,1046.4229251888,1.00897729085135
"conduct_rep[3]",-0.807408364046702,0.00762178816887815,0.569167924045402,-1.86506459255049,-1.16405777776732,-0.866838573371872,-0.463542952741956,0.414300852414569,5576.56906777057,1.00331334499798
"conduct_rep[4]",0.0291398311964038,0.00441062690938912,0.548199828223164,-1.07814289148972,-0.30267072308771,0.0266834234674877,0.351560542745081,1.15002366064411,15448.173722631,1.00271666544104
"conduct_rep[5]",-0.585483212152947,0.0140556857600025,0.558294649844447,-1.65897023669804,-0.923347516244202,-0.631141624651028,-0.24991568478712,0.60247333445684,1577.69428984856,1.00785051840602
"conduct_rep[6]",-0.264143213799812,0.00538612755491832,0.551659259781278,-1.43697158722769,-0.599533218258452,-0.216427090479058,0.0739875020423805,0.768337990184419,10490.3156528291,1.00033793701699
"conduct_rep[7]",-0.72467364573555,0.0479349779785849,0.577941141483296,-1.7784171951859,-1.10925032439211,-0.781175472536581,-0.363660668362715,0.538844158261617,145.365771770667,1.01725041438236
"conduct_rep[8]",-0.847157420684171,0.0502007312077957,0.559926784780499,-1.99536330855391,-1.19439536091739,-0.81299579808432,-0.51718451401255,0.251264522319158,124.406307509078,1.01692657200682
"conduct_rep[9]",1.42333611993371,0.0102528825598624,0.598169531097664,0.104236613348143,1.05684135906559,1.48024633340211,1.83410649392048,2.49729611781332,3403.74181193143,1.00280145838801
"conduct_rep[10]",0.796321224121082,0.00930160794461102,0.576121105563626,-0.270670428140311,0.410727436351304,0.746412950439813,1.15202470394423,2.02883292215705,3836.29070942178,1.0031824426997
"conduct_rep[11]",0.135303619215278,0.00434257443270649,0.55961000156904,-1.03575574478041,-0.198155953733397,0.167829202650376,0.472155432465861,1.24426228021548,16606.4343663553,0.999929210933712
"conduct_rep[12]",0.640219240040988,0.00596238788480269,0.561448420324168,-0.435040290553936,0.296897901760216,0.595194653791601,0.979309202474754,1.84331650510207,8867.05244153893,1.00287668161997
"conduct_rep[13]",0.931273569143692,0.00410887193103522,0.550648335082917,-0.193635578574236,0.60643564385602,0.938476304873535,1.26346908231751,2.04962949878484,17959.8808404489,0.999821085702595
"conduct_rep[14]",1.13697555677294,0.00510693198231994,0.565038917377936,0.040707924926693,0.800247330712295,1.09117223801492,1.47730859446202,2.33907114555437,12241.5546276542,1.00050437651327
"conduct_rep[15]",-0.0851548980571884,0.004277330025556,0.550713752486957,-1.22511347866667,-0.412143628325944,-0.0953256526293447,0.24776756769254,1.04379369216742,16577.0147155318,1.0007733885667
"conduct_rep[16]",0.380279577682485,0.0168378755938144,0.567122158988316,-0.643758611297528,-0.0157993523691425,0.325769309590233,0.73735514598888,1.5985340732033,1134.43244910133,1.00823690555287
"conduct_rep[17]",1.13402168705425,0.00649358489370055,0.564966991060836,-0.0805768352276448,0.803091057878485,1.1870112084579,1.48018224244692,2.21307339813056,7569.67272868216,1.00280331008638
"conduct_rep[18]",-0.0408129451199855,0.00511497659813757,0.553673667971736,-1.22292588395795,-0.368823810013935,0.00805701674777955,0.294400250186601,1.00725575149891,11717.1081044815,1.00085428497316
"conduct_rep[19]",2.22299694801845,0.0231755368008266,0.657582085821035,0.789912512449806,1.802426864397,2.29507922645946,2.72287155743017,3.29887718003899,805.08241817863,1.01156484299346
"conduct_rep[20]",1.24000058713834,0.0136288617275016,0.613117951902323,-0.11056568254398,0.85802798343397,1.306734807194,1.67827894900252,2.31831278136775,2023.80606859723,1.00438263782268
"conduct_rep[21]",0.0857472462956933,0.0395515733654232,0.598252533081077,-0.941796139390914,-0.36025372162095,0.032571115182235,0.457051741699767,1.39096793328949,228.792383867247,1.01494658907436
"conduct_rep[22]",-0.531309084435889,0.00426530013523454,0.548127085413792,-1.65514332301693,-0.851651369361509,-0.530278101497913,-0.205007974919963,0.581434315589612,16514.4202902844,1.00276748478718
"conduct_rep[23]",-0.0244143173195868,0.00449685748196028,0.55507825016789,-1.19243519983513,-0.348947437480781,0.00591108258272131,0.30128870735575,1.09095362340006,15236.6739281511,1.00183855519073
"conduct_rep[24]",0.599253064580378,0.00976174905302799,0.574756610292288,-0.630547111479045,0.242533766582586,0.654412396595563,0.986213908411488,1.6440168578288,3466.67135280676,1.00335801560011
"conduct_rep[25]",-0.919256540089519,0.0124492977041232,0.569484077290241,-1.97071038145106,-1.27839704667997,-0.969388463988122,-0.575838760047622,0.305105972501197,2092.53854503459,1.00785141608428
"conduct_rep[26]",0.244352202052141,0.00463672915198894,0.548959189433177,-0.829322175253477,-0.0863980879597847,0.204102211947811,0.576677308936667,1.41051861165981,14017.0513080787,1.00028283102882
"conduct_rep[27]",0.132537671304312,0.00800897475246282,0.555393698617176,-1.0540536764913,-0.206022648768312,0.184961670847638,0.476773663954893,1.1781709276996,4808.92547610809,1.00521953135802
"conduct_rep[28]",-1.28966943818545,0.00486360735497446,0.563365124297308,-2.37501083799318,-1.62646932173544,-1.33849573739165,-0.955464399588574,-0.0954544360602778,13417.2311859525,1.00005086815575
"conduct_rep[29]",-1.09154334410637,0.0403273250920845,0.568961953696556,-2.25601092677622,-1.42858768021221,-1.06817010793459,-0.758905205935138,0.0645578743284618,199.052492434589,1.0132765312024
"conduct_rep[30]",0.208364032434539,0.00442982579731073,0.550508340739673,-0.929818729066231,-0.122274371894032,0.2351730784363,0.538915805977329,1.30379973441281,15443.8121615028,1.00091728095844
"conduct_rep[31]",0.00300413535997994,0.0321443143924786,0.586674850328175,-1.25561590658988,-0.369912356346036,0.0495985893679381,0.442169784925004,1.02022521596193,333.109185235015,1.01189749379654
"conduct_rep[32]",-0.792701762007772,0.0182886358937097,0.558128330080454,-1.98044313498491,-1.13773341349953,-0.749544968933303,-0.451846760159838,0.293104919786126,931.334106432098,1.00859893534707
"conduct_rep[33]",-1.32827910298695,0.00764029145461397,0.569842228026861,-2.42762684452104,-1.67212376382827,-1.37369196429469,-0.987416869917093,-0.104776440837096,5562.74826415711,1.00416859026098
"conduct_rep[34]",-1.42548379654352,0.00591143447441344,0.563270417927798,-2.54835829965443,-1.75861575809101,-1.46164604193473,-1.09471261320395,-0.218951198885868,9079.21136777113,1.00246415126905
"conduct_rep[35]",0.00215271560760326,0.00444556368685452,0.555112709691167,-1.09160720485636,-0.336226882053385,-0.0230535108654095,0.334835267266346,1.14843919491964,15592.2456833039,0.99996346875318
"depth_rep[1]",0.238499586762711,0.0694868165706966,0.925384739243368,-1.64942896778637,-0.350410272767074,0.256570404870423,0.846390470528497,2.01167665006621,177.353529227733,1.01570361484714
"depth_rep[2]",0.285248833350947,0.101259444260002,0.937579799859846,-1.62642381204201,-0.316284768099359,0.295676565270994,0.907132116730166,2.10298032947749,85.7324835395288,1.02093704555687
"depth_rep[3]",0.422169778625367,0.196806916088031,0.97371640480295,-1.60019397412937,-0.18295377257632,0.451336632617503,1.06581752390292,2.24263531847948,24.4784695679903,1.05036563941756
"depth_rep[4]",-0.0212808934295458,0.00714497454324213,0.91068996948077,-1.82202281765009,-0.606300840513516,-0.0253002969203728,0.560271718743961,1.80106527744126,16245.7488431089,1.0004623033828
"depth_rep[5]",0.293248428234826,0.108156904128395,0.932502701998044,-1.61608603648782,-0.309084848512023,0.315090938781572,0.90750743183486,2.08328731198205,74.3347187547157,1.022934179495
"depth_rep[6]",0.151981289062479,0.0117612731285032,0.922139814045147,-1.7176555891278,-0.440655415491713,0.171167256703212,0.757977058694627,1.94253268330137,6147.30661878547,1.00603028241569
"depth_rep[7]",0.345300397045859,0.14309618398316,0.95364100656312,-1.63529787891488,-0.253571958558847,0.370952069670638,0.985530664569913,2.16318577212939,44.4133702394311,1.03296721680835
"depth_rep[8]",0.496673019134145,0.218245826031476,0.979272897972103,-1.54747840521917,-0.126054197872653,0.537247546082877,1.150981925135,2.32449022494713,20.1333284000606,1.05818555927464
"depth_rep[9]",-0.721468388552498,0.337894156238756,1.04049697853167,-2.62484389425768,-1.42660459230556,-0.782457989787065,-0.0872409451755596,1.50387714574747,9.48244396726747,1.12156367896208
"depth_rep[10]",-0.437689847838889,0.162696078419749,0.954590544855704,-2.25664162033645,-1.06637970885758,-0.46412062496854,0.155742028409033,1.57553446440028,34.425486538418,1.03837290235002
"depth_rep[11]",-0.0495498454521012,0.007448325710751,0.908080972216468,-1.79860442664836,-0.642737043336498,-0.0679684431057161,0.530962250983618,1.78699143925362,14863.8677177052,1.00094613521949
"depth_rep[12]",-0.347821340762401,0.133742710967388,0.942749907876223,-2.16198735384189,-0.964028539381673,-0.371409246080498,0.249330980812779,1.6167609083263,49.6881415057456,1.02917777083929
"depth_rep[13]",-0.494074623110672,0.209260742800184,0.970133331341171,-2.31683984021957,-1.14310941563652,-0.530044084807914,0.115851880416652,1.55005003423057,21.492519382392,1.05586546943627
"depth_rep[14]",-0.593061376252287,0.272440477650727,1.00773029587002,-2.44526187583694,-1.26825787814721,-0.636512164689472,0.0251179758494848,1.56098150855166,13.6818669961472,1.08390617428825
"depth_rep[15]",0.0472870877152406,0.00735629117864952,0.914491990688076,-1.74818684214566,-0.551963102105854,0.0465016197219193,0.652824416728317,1.83427805902734,15454.0384998396,1.00094624306036
"depth_rep[16]",-0.217190966167895,0.034007418878176,0.942724734960389,-2.00103076232482,-0.84669782639303,-0.243474486043274,0.383357424693212,1.70215476422935,768.462116769826,1.00999207585443
"depth_rep[17]",-0.566162498398555,0.255683488229213,0.992661347701276,-2.39790313851619,-1.23098265524797,-0.618910039353029,0.0445855565839608,1.56083658509041,15.072901391373,1.0774396827433
"depth_rep[18]",0.0405238050424223,0.00765030362480143,0.913811979857244,-1.7749423522453,-0.561151960050976,0.0452774246702296,0.631783104036529,1.85788976909496,14267.7782533181,1.00084702127194
"depth_rep[19]",-1.12019107795186,0.528075095130609,1.19274608311528,-3.21225068619355,-1.94393274984495,-1.23125209393469,-0.420290304791233,1.5405003279495,5.10157911665498,1.26195417479239
"depth_rep[20]",-0.622191919447289,0.300407555825884,1.0261716502337,-2.50470320449354,-1.32051955611183,-0.675720035394007,0.0243654772819683,1.55183891418267,11.668588409541,1.09790217259172
"depth_rep[21]",-0.0858085115409335,0.00950013424806521,0.932300031356819,-1.90136230915647,-0.698816083085586,-0.0950630331817256,0.514443439895226,1.79918450648692,9630.56823796625,1.00142102781396
"depth_rep[22]",0.26809060871959,0.102538934601798,0.931543209741666,-1.64205784092512,-0.322788986206221,0.290625209213174,0.883676533170257,2.07665438762313,82.5331474580459,1.02195758015351
"depth_rep[23]",0.0402833639974338,0.00762751901883026,0.921283324091135,-1.80811016350108,-0.546068885447801,0.0434066799784983,0.634974675728838,1.85581106499061,14588.8084460251,1.00099923773201
"depth_rep[24]",-0.283424526202784,0.0990988755210673,0.931385330704346,-2.05307935071975,-0.896927033282439,-0.309593598646591,0.3133849128807,1.60748948816294,88.3326651256825,1.0210916713924
"depth_rep[25]",0.462749711704946,0.222115034810292,0.976192787197146,-1.60249024850882,-0.144574806564467,0.501800395245621,1.12184184121145,2.29033501299422,19.3159145570262,1.06001200646377
"depth_rep[26]",-0.132715990488371,0.0081183292584866,0.911717565771563,-1.9160340059704,-0.733405755735323,-0.131075785819019,0.459148956083465,1.66656715889965,12612.0975785695,1.0027837235541
"depth_rep[27]",-0.0229503458188634,0.00733921162365891,0.9208546451576,-1.83552778461972,-0.630653137321495,-0.0203344355636419,0.572251721948421,1.80052568996156,15742.849554579,1.00051461716968
"depth_rep[28]",0.6902061548415,0.331124157557051,1.02647378003228,-1.5523866798139,0.0663577841563843,0.753813137441872,1.37772076723065,2.57283326251568,9.60979200649617,1.12011291816852
"depth_rep[29]",0.600880435213477,0.294283665116188,1.01492100771421,-1.52617462904729,-0.0379436009512585,0.659658822262233,1.29364496995932,2.46784716576938,11.8941160476221,1.09565725940738
"depth_rep[30]",-0.0983735059281766,0.00738710855077663,0.916046240547476,-1.90910627655526,-0.694967514590686,-0.0949333870645807,0.492234721539193,1.72735930137833,15377.5033992895,1.00180928964854
"depth_rep[31]",0.0535855527085461,0.00802082141523546,0.922017249905809,-1.80648495253403,-0.533513180440647,0.0629927549722372,0.653551460379961,1.85045801068654,13214.1854948351,1.00082115017827
"depth_rep[32]",0.462028993502449,0.203086141250795,0.967563471780589,-1.5645037525631,-0.137301112569399,0.498290421446356,1.10923763680634,2.27424621448844,22.6985624202244,1.05334231689842
"depth_rep[33]",0.676253638056605,0.328859629287017,1.02937801307018,-1.5076960948546,0.0510649900579684,0.728061970559541,1.37155052524677,2.55685882869403,9.7978017960651,1.1196378193346
"depth_rep[34]",0.782385668484611,0.37895212422675,1.06770586955059,-1.51561314332029,0.124909382734628,0.855769422111294,1.49874946687017,2.73808446100475,7.93842906946624,1.14999673881775
"depth_rep[35]",0.00683531954493145,0.00754147809897408,0.92560857690708,-1.79943856026515,-0.60457080801441,0.00969421876307885,0.607438113958374,1.80284455506204,15064.0515139998,1.00004282427897
"do_rep[1]",0.0510072579964461,0.0084558561982028,1.06257007620439,-2.03939151008824,-0.662350071044749,0.0510666035625777,0.750648524045858,2.13098619754857,15790.6491888535,1.00160520292746
"do_rep[2]",0.0503018190313502,0.01006866560924,1.0487739077589,-1.99860571554042,-0.650433606855229,0.0415795765352614,0.746988018238494,2.14121000928129,10849.7545327144,1.00390819206089
"do_rep[3]",0.0777839892034979,0.0109445810837207,1.0795167256163,-2.04860556475183,-0.638267439560011,0.0763925534759696,0.794429175871688,2.19791699940332,9728.8266430446,1.00618372586738
"do_rep[4]",0.00458259714174247,0.00850185546906609,1.06337525705941,-2.06213116056746,-0.697359531973521,0.00335439994385763,0.707753781639978,2.09626768689851,15643.922873542,1.00014362033468
"do_rep[5]",0.0559203940811276,0.00930836563324841,1.05813242451457,-2.0339114639556,-0.641177967465041,0.0583969551257434,0.761478204034682,2.15776712129051,12922.1023734867,1.00404725751473
"do_rep[6]",0.0343719958386021,0.00841537514844957,1.05623962314952,-2.04096621654865,-0.674322610070072,0.0327234839308689,0.723833320172475,2.13872640294936,15753.5323237527,1.00063181389912
"do_rep[7]",0.0817175666330702,0.00985344696704527,1.06355197737181,-2.0138210128194,-0.618526691040113,0.0788231986854912,0.782146867808459,2.16025574909743,11650.406311771,1.00504662946359
"do_rep[8]",0.113501191971958,0.0125719356609264,1.07834962714772,-2.01481728004739,-0.601567343430943,0.112300697442753,0.832111904615144,2.22816845421863,7357.23935794371,1.00554453989118
"do_rep[9]",-0.163328597938933,0.10491776998571,1.07911962508617,-2.28057895576187,-0.873528933139377,-0.172648897209874,0.557684091437206,1.99251969943279,105.789138214661,1.01831147192115
"do_rep[10]",-0.106742337513805,0.0145205297408685,1.07015344137142,-2.20621761091896,-0.814588506935493,-0.0975844959115987,0.595183692412972,1.9964135043535,5431.59254406096,1.00654494178439
"do_rep[11]",-0.0216247729207845,0.00829807983790128,1.0510592503901,-2.08912073943873,-0.727912414575953,-0.0146239645723824,0.676223390989502,2.04335250610892,16043.5022550761,1.00018510518859
"do_rep[12]",-0.0959488855918623,0.00888800060432963,1.06361019259541,-2.18878549424777,-0.795418971851754,-0.102091845688001,0.603554610703441,2.0220933071588,14320.4554360559,1.00361671704999
"do_rep[13]",-0.110554671861472,0.010650362702049,1.06587049591578,-2.23127571738283,-0.810762466683971,-0.104731263228541,0.599311201583582,2.01534932284729,10015.6718123504,1.00598402631476
"do_rep[14]",-0.139977873092563,0.0705547635700073,1.07688592172402,-2.24513351452051,-0.849324833398851,-0.135831115834921,0.571569620439586,1.98938056285301,232.962874874037,1.01390569163282
"do_rep[15]",0.0058580657677083,0.00808004319472207,1.04317867652558,-2.05187127388802,-0.689670792519213,0.00138873268893467,0.686833112757772,2.05997829064646,16668.2512168235,0.999963965346263
"do_rep[16]",-0.0695372631128429,0.00877326276683785,1.06125582848554,-2.16146495032289,-0.773070385288135,-0.0740871038740164,0.641526932700286,2.01960577504156,14632.4787729233,1.00132726925554
"do_rep[17]",-0.128985079942663,0.0658324030599227,1.06907018394323,-2.23372532791228,-0.839426928606969,-0.122682532921424,0.593968552185136,1.93487472577553,263.713897979325,1.01259189637712
"do_rep[18]",-0.000833573796247833,0.00830526766399424,1.05388968584984,-2.06790812862879,-0.697853904281507,-0.00554744164682693,0.697086941774664,2.05653634756841,16102.1193487112,1.00010468225003
"do_rep[19]",-0.256825453283216,0.209819728516788,1.12757041651031,-2.46915174996769,-1.00452952068274,-0.260436421868712,0.484436110096383,1.97042905718048,28.8798347875688,1.04218633238892
"do_rep[20]",-0.136460719598773,0.0530729251553837,1.0773158886309,-2.24074570161905,-0.851942871630729,-0.129553062246098,0.563403139082578,1.9941014197803,412.040666035951,1.01220787708514
"do_rep[21]",-0.0204465109163148,0.00828090848974568,1.04775906635536,-2.09774926315545,-0.702125055278717,-0.0237835972369401,0.675394162311019,2.0420008902482,16009.0987769011,0.99997069684372
"do_rep[22]",0.0611393721575311,0.00877740138960491,1.06207289716503,-2.07258643530651,-0.633924845440101,0.0666655445487478,0.759005378242871,2.14813817791593,14641.2020677381,1.00175295557476
"do_rep[23]",0.0139489720323815,0.00822996493075216,1.04922353309556,-2.03092973091223,-0.689613590070751,0.0105200379983607,0.718489307363205,2.06758801320531,16253.2447953893,1.00017297923201
"do_rep[24]",-0.0686967300092831,0.0100125023445698,1.07106721528151,-2.19997087094376,-0.772248990728287,-0.0639117871035168,0.634152889855146,2.04405897219053,11443.218497643,1.00416715785534
"do_rep[25]",0.106544729010205,0.0227183778565943,1.07109813744793,-1.99961835613161,-0.606255100634446,0.109241124657893,0.814270578385051,2.20065077405057,2222.81792919435,1.0074215356986
"do_rep[26]",-0.0378187792418132,0.00846816049115601,1.06357993059195,-2.10281224944532,-0.74865522225284,-0.043294461537865,0.674910675697187,2.06277022062257,15774.7362571433,1.00017015427404
"do_rep[27]",-0.011116106640886,0.00855943576599558,1.06299090828797,-2.09884856175924,-0.710094399269213,-0.010630073652436,0.676319773502317,2.08177950782924,15422.9988361587,0.999904523636982
"do_rep[28]",0.151925637087334,0.0824965372495587,1.08745629956957,-1.97002052192175,-0.572739671912451,0.148677816501995,0.875205836157344,2.31347711180154,173.760952121106,1.01656921952031
"do_rep[29]",0.138449223759985,0.04721758177255,1.07218532121898,-1.9534434114322,-0.571703278465605,0.131054875881198,0.84511513075745,2.23391916828678,515.622941632332,1.0106130859602
"do_rep[30]",-0.0279209669919958,0.00843449787303546,1.04918839566544,-2.08891043724652,-0.716889247950566,-0.0270567111499752,0.67031159388057,2.03185964431572,15473.4975661084,1.00011288915214
"do_rep[31]",0.00714667855187222,0.00838570690979249,1.05691490397344,-2.07341324822168,-0.697755224256656,0.0126827502413441,0.698362097926901,2.09366838770744,15885.4925684568,1.00007663333718
"do_rep[32]",0.112511534845302,0.0147862902816847,1.05573626500558,-1.98128063149648,-0.584751254469729,0.103174332306076,0.818775893769391,2.19185880713025,5097.91305350925,1.0059764000399
"do_rep[33]",0.151284875681312,0.102151547149426,1.08548396777429,-1.97912884545291,-0.55723712992557,0.149484953661608,0.864252666818384,2.27212644591002,112.916375567974,1.01873889886449
"do_rep[34]",0.160621312840741,0.121103281525711,1.09397028869686,-1.96536404285,-0.56091585275309,0.148819386166338,0.898656185807154,2.312780910093,81.6017047024121,1.02217234732659
"do_rep[35]",-0.0178407784363395,0.00827118009667845,1.043442039074,-2.06426749384386,-0.713837926026044,-0.0167466551649337,0.678827211970378,2.0291723026482,15914.8190614539,1.00005218334637
"thermal_rep[1]",-0.317135107698753,0.00624505914367878,0.744060108817088,-1.80712263141318,-0.802578660988452,-0.313803313944411,0.163926632877283,1.16489816203409,14195.2462694643,1.00012501912995
"thermal_rep[2]",-0.434236672301838,0.0065627007908095,0.751956408924254,-1.94422449726674,-0.919851368349456,-0.432741867778589,0.0605777781587649,1.0407768774246,13128.6515557686,1.00091927025318
"thermal_rep[3]",-0.620699516436092,0.00583367203023479,0.745326157186204,-2.0866763357547,-1.11786415174379,-0.612702416550075,-0.129855668342486,0.850048608144946,16323.3279969184,0.999939631604749
"thermal_rep[4]",0.051292323299726,0.00567751869084496,0.7350780215897,-1.44047436634837,-0.429909782170149,0.0542866808802503,0.540440109411867,1.48819985072577,16762.9222367358,1.00114701847512
"thermal_rep[5]",-0.441166568652662,0.0059036203196839,0.740522144973969,-1.89994235240961,-0.927344837377561,-0.441935255065057,0.0410320721385113,1.03629934208776,15734.0042487028,1.00011000893345
"thermal_rep[6]",-0.198140622702566,0.00642125872309226,0.746452734105074,-1.66160058248798,-0.689835840092628,-0.208687734671627,0.291390530851124,1.30121229448928,13513.3893155044,1.00065450713858
"thermal_rep[7]",-0.557445677248577,0.00664434626124534,0.756381735458819,-2.02558467116152,-1.06497950196947,-0.564325981749843,-0.0637500694135695,0.946233741870213,12959.1809044845,1.00203418906494
"thermal_rep[8]",-0.669170543494755,0.0494058191036311,0.766313505092572,-2.1590414643694,-1.18678649429175,-0.674940559423658,-0.158360041176496,0.847283769819807,240.578465791788,1.01234776677958
"thermal_rep[9]",1.16002406430702,0.00633108655168103,0.770414313507026,-0.386005221988644,0.657827278303833,1.16477579848601,1.6586645674553,2.68345105944908,14807.8560652534,1.00112380344123
"thermal_rep[10]",0.687448377284436,0.0131343611835054,0.767347013831758,-0.852320382992746,0.186796333746184,0.693855316824064,1.20107827138945,2.18935148478183,3413.23118635931,1.00508373061294
"thermal_rep[11]",0.129321678730541,0.00593963653110933,0.734198846746198,-1.32276872428676,-0.362297324910565,0.124637612834704,0.612945476519386,1.5828149903593,15279.4477139335,0.999955025807489
"thermal_rep[12]",0.553655100998442,0.00747764805801247,0.76217055469446,-0.97206844368403,0.0534848312261584,0.562558832317138,1.05546120947497,2.03281269145534,10389.0130354804,1.0023145849194
"thermal_rep[13]",0.762890159662448,0.00673584475782955,0.753048161340519,-0.725385884227872,0.263630974735469,0.767118490997076,1.2647722819017,2.2430447022947,12498.5999123908,1.00309438488431
"thermal_rep[14]",0.955286938867275,0.0127399004779806,0.769148052431745,-0.5677867292392,0.454830686166091,0.957434506582783,1.46304055820516,2.48412806718896,3644.91847199049,1.0042696781966
"thermal_rep[15]",-0.0390944292453388,0.00578628258198417,0.73579879102054,-1.47752861412599,-0.52442593975289,-0.0440751107049599,0.442766726602702,1.40996835252443,16170.3291929211,0.999927303333759
"thermal_rep[16]",0.351928357329404,0.0106765359760355,0.764749566938836,-1.17071206751796,-0.150241182451634,0.357925831327004,0.863980578034248,1.81900931541423,5130.71325873917,1.00556671554077
"thermal_rep[17]",0.929843462675137,0.00601952710705475,0.75069889394934,-0.55517424940507,0.436808206438213,0.931261282667822,1.42592174889643,2.40625157290751,15552.736102253,1.00063679666813
"thermal_rep[18]",-0.0192866229861229,0.00588907689883523,0.750261363173305,-1.48798821445321,-0.518383258070952,-0.0252134656779052,0.462404608431663,1.49403779934672,16230.4556758844,1.00035570567699
"thermal_rep[19]",1.79114171840631,0.00642331982337439,0.784861747014896,0.22772039175127,1.27234106089281,1.78760393463077,2.3061166421073,3.35907561516079,14930.2552472456,1.00133896027109
"thermal_rep[20]",1.00200637465622,0.00620033655539554,0.758525064145648,-0.494294770480694,0.504062664007852,1.00094955620704,1.49171865187559,2.51741354313037,14966.1241756482,1.00054981792013
"thermal_rep[21]",0.127868306839387,0.0151243590048918,0.76458186421886,-1.41757005942449,-0.373030030466456,0.147262700617485,0.634501827778537,1.58148342620417,2555.60676792378,1.00629516514233
"thermal_rep[22]",-0.405968580239096,0.0060232472599491,0.747928688306945,-1.87316164954094,-0.898002953049682,-0.414211529181222,0.0894229332625764,1.07829326040293,15419.0991140783,1.00051660985843
"thermal_rep[23]",-0.00325477512315804,0.00576547287857958,0.739401981668058,-1.47730662115978,-0.486013475826656,-0.00460795083419955,0.480105693211103,1.46690135839292,16447.1765134861,1.00060475308518
"thermal_rep[24]",0.498418487745543,0.00618835582096845,0.753174509460106,-0.970253603642121,-0.00188292399785672,0.504845134134436,0.993422899440487,1.98217323821806,14812.9198352035,1.00010733065119
"thermal_rep[25]",-0.707728961363562,0.00586539493908885,0.750323981292914,-2.19660063150517,-1.20035967559697,-0.711673571765392,-0.216947606101252,0.774047264147918,16364.5148410469,1.00000159224821
"thermal_rep[26]",0.229644619559531,0.00607820235458204,0.746196171992255,-1.27062887168677,-0.246457400722386,0.236036071492162,0.721695349706688,1.67501731831308,15071.4738597659,1.00015718526436
"thermal_rep[27]",0.116701147789674,0.00608822102020357,0.744064927491395,-1.34077033113961,-0.379428920932147,0.117675969810674,0.607219081961205,1.59492802643784,14936.2250098294,1.0013738599448
"thermal_rep[28]",-1.01318940775724,0.00622057509823456,0.760367594966333,-2.47722980573429,-1.51756652197263,-1.02009272046823,-0.509523444910567,0.499133390904186,14941.2222193727,1.00349745442677
"thermal_rep[29]",-0.871597563680254,0.0393886337379814,0.758001367817131,-2.35431889700537,-1.37478677464806,-0.87460982591588,-0.375996012820168,0.622849780959835,370.337887562329,1.01162273982318
"thermal_rep[30]",0.194119256999614,0.00588128291327047,0.743960328757517,-1.27050996072423,-0.288665263342776,0.200834337110929,0.683524085516991,1.65784375852174,16001.305352344,1.0003182266771
"thermal_rep[31]",0.00148151969132341,0.00889009407570115,0.74722326183406,-1.46295005626758,-0.496461931534812,-0.000633814650567976,0.489424259752128,1.49516233954469,7064.60775095762,1.00377062313944
"thermal_rep[32]",-0.630491609044357,0.0178367863687662,0.760675903974739,-2.09951414861028,-1.14745121758875,-0.629304359087606,-0.123444179155757,0.873617627918203,1818.72106491865,1.00734016220839
"thermal_rep[33]",-1.04030401856921,0.00638128239320459,0.769207576415584,-2.53526463951386,-1.55360935822908,-1.04989074900462,-0.533946569322935,0.493993879017559,14530.1861563567,1.00072716352249
"thermal_rep[34]",-1.1201031338744,0.0145400273782681,0.770299045837826,-2.63871093722491,-1.62611232288542,-1.13506690410453,-0.609289911550287,0.421832332861892,2806.65008672147,1.0076236775485
"thermal_rep[35]",0.0397869004282777,0.00592629499884234,0.744652407701833,-1.44982790992533,-0.445254313696184,0.041020618182246,0.534255420540636,1.47805176695833,15788.4924645791,0.99977794378452
"canopy_rep[1]",0.318274173267829,0.00598360986221691,0.767846301673092,-1.21717502336901,-0.18468977353163,0.323374725172661,0.825367915852376,1.83288067901753,16467.2870142697,0.999865759678255
"canopy_rep[2]",0.437412788936023,0.00842681852271949,0.787211336287223,-1.10683318740628,-0.0831601970328321,0.431883444087464,0.949677573573218,1.98893496920539,8726.80751039677,1.00232249813362
"canopy_rep[3]",0.606335195185486,0.00622114002657103,0.785249471312984,-0.930318258672904,0.0889883657636012,0.604462959054935,1.12695459673899,2.1181776545887,15932.1854184684,1.00110467385121
"canopy_rep[4]",-0.0669056464465462,0.00599594372160589,0.760712010861713,-1.57128903713905,-0.575014578761988,-0.064807454049552,0.44023773794286,1.43777004957257,16096.2775117563,1.00118832135931
"canopy_rep[5]",0.427475817279533,0.0063609937784012,0.781925780182571,-1.12458510223892,-0.0944867885042306,0.430029214452378,0.946112475198512,1.96380199592209,15110.5795867158,1.00298319843563
"canopy_rep[6]",0.19843685154114,0.00619758050612563,0.772861778326799,-1.33535020229833,-0.306179252440706,0.205118929233456,0.706030335003573,1.69496728774063,15551.0352557696,1.00005222556428
"canopy_rep[7]",0.548275925042698,0.0145122982826843,0.777443063582668,-0.982248331852471,0.0333331575259799,0.546270188652957,1.0609771456469,2.07692525072251,2869.88697878745,1.00711996311666
"canopy_rep[8]",0.662647698279496,0.011007688730444,0.782071421489317,-0.906019185963709,0.140052505895996,0.677952332499763,1.17653989585835,2.19487000273117,5047.78154715966,1.00593992748432
"canopy_rep[9]",-1.18049942862809,0.0063522028439517,0.792641519242774,-2.74943780195196,-1.70417522208809,-1.18438844624468,-0.668415605740428,0.390763615932392,15570.5846104681,1.00036160742237
"canopy_rep[10]",-0.705044333304897,0.00958017455410113,0.79922094129485,-2.25369734242847,-1.23725020928512,-0.707914610644028,-0.172033692357096,0.897419667114689,6959.64143912359,1.00100162076412
"canopy_rep[11]",-0.150869453642435,0.00599707428876274,0.767494577849119,-1.65826581690887,-0.655957507151263,-0.150942501791042,0.345646935118362,1.37007219765522,16378.4113571659,1.00022912596375
"canopy_rep[12]",-0.567168077924292,0.0082721859064782,0.784675118339279,-2.10229377250909,-1.08766024288827,-0.578572759979208,-0.0413695005443836,0.968966388664664,8997.8591595154,1.00197488468262
"canopy_rep[13]",-0.794474070235895,0.00613119652813691,0.779737149575612,-2.31123664129968,-1.31976362911831,-0.798977676121009,-0.292732217981838,0.742807715409106,16173.5731817443,1.00014334960283
"canopy_rep[14]",-0.981084422111263,0.00767786695651526,0.80466249764702,-2.56796890494355,-1.51206390879907,-0.981019783816074,-0.452325754867611,0.626464304447565,10983.6417001782,1.00040201391418
"canopy_rep[15]",0.0353004846565339,0.00601036153511811,0.769135394733973,-1.48100805593424,-0.475195361519678,0.0334498998515731,0.539838912160298,1.55278683239373,16375.8707604533,1.00039644806207
"canopy_rep[16]",-0.36884359489359,0.00783026220475365,0.796891553875767,-1.91518202210557,-0.89777991940001,-0.37570160521718,0.155620052103744,1.22130797452767,10357.2828677958,1.00172727022681
"canopy_rep[17]",-0.969227161169699,0.00597271660564116,0.776159882015623,-2.5039863726393,-1.47245182266801,-0.981576054119704,-0.465307736919914,0.581644575556754,16887.2357001086,1.00082247093946
"canopy_rep[18]",-0.00269975899221809,0.00603906472072902,0.771440323685057,-1.51362922046343,-0.514183691604644,-0.00865476326115003,0.508766733430916,1.53043347138855,16317.9389511476,1.00032157728705
"canopy_rep[19]",-1.84567511272145,0.0119850518633461,0.83377729341673,-3.46712299992685,-2.40370367310394,-1.84749394823376,-1.29408428600283,-0.171101057183992,4839.72061750744,1.00404325906346
"canopy_rep[20]",-1.05430356214163,0.00707948330152941,0.806061350209941,-2.64515970422879,-1.58431280294709,-1.05354650468533,-0.513974474738368,0.531927877137526,12963.8223771089,1.00053246766343
"canopy_rep[21]",-0.124478279432895,0.0161357496747007,0.79993401240155,-1.68758273040458,-0.6538203114467,-0.132916906781302,0.398720818449068,1.48468786524261,2457.70656987414,1.00575154204722
"canopy_rep[22]",0.39831846578679,0.00605490767227369,0.770913399281531,-1.11256312669667,-0.107750396749749,0.397009159159342,0.907130393864412,1.9328383648964,16210.4898278356,1.00056516722902
"canopy_rep[23]",-0.0120929232721567,0.00599476218596228,0.770375125813134,-1.56439011522229,-0.520735635614971,0.000625518410351795,0.507662000180419,1.50961388654746,16514.3157885305,1.00041896085096
"canopy_rep[24]",-0.512963145748678,0.00706779714140637,0.78419380046446,-2.06161625126228,-1.0219909991088,-0.513402454306486,0.0117735289257552,1.01580187578696,12310.5840403239,1.00109161669809
"canopy_rep[25]",0.710861926265716,0.0076063880063071,0.773478776185449,-0.795572419439741,0.203942370730148,0.707293902750071,1.21376124811761,2.2478549276811,10340.459841158,1.00267134272327
"canopy_rep[26]",-0.236646769566431,0.00651817193058283,0.777770417642651,-1.77343060944017,-0.749016895253931,-0.233705901305307,0.273630576137232,1.28829159712899,14238.0730956176,1.0001460138117
"canopy_rep[27]",-0.128380527578167,0.00666432624499532,0.773737276239358,-1.6547081976189,-0.638118894780661,-0.125702698791103,0.37930968141488,1.40048350654437,13479.5235538759,1.0024976747043
"canopy_rep[28]",1.01132982937405,0.00613245077760971,0.782128466071697,-0.522392686095636,0.493880624382615,1.00943597831633,1.53778672462871,2.54146713348721,16266.2724875718,1.0000543344086
"canopy_rep[29]",0.867186915199786,0.0133433553793247,0.788829888396186,-0.691366264443041,0.346172513202434,0.872749678247239,1.39143650732423,2.41244135535846,3494.91493036026,1.0064055024037
"canopy_rep[30]",-0.214310387838999,0.00609135047901422,0.76546235281712,-1.71415639161091,-0.716327648329077,-0.220841351630748,0.286111373932832,1.30009242888783,15791.3949417695,1.00007086501628
"canopy_rep[31]",-0.0157741567615563,0.00996932891722642,0.786840645779878,-1.56834363607516,-0.537588264869368,-0.0132725087695638,0.507280324920658,1.53551480328901,6229.33551121736,1.00304437040393
"canopy_rep[32]",0.62390689067553,0.00638153382864218,0.775719416475915,-0.895144641774419,0.101851755526251,0.627934571855653,1.13736792248327,2.12940217440174,14776.0779192997,1.00275740233926
"canopy_rep[33]",1.02889948251583,0.00646305601036243,0.789555070500025,-0.531713306956854,0.519049086542869,1.01559352784259,1.55765209468036,2.57586900262257,14924.129695518,1.00131122748457
"canopy_rep[34]",1.12996002247926,0.00715854502763372,0.787456437062688,-0.417238753887179,0.607979482912038,1.12827953206345,1.64589432334108,2.71252024978363,12100.506600573,1.00236410765081
"canopy_rep[35]",-0.0451041668777242,0.00620202429770012,0.770441794319616,-1.56765663600331,-0.557374278820729,-0.0441023117419188,0.458695816599161,1.48216844545165,15431.6633849683,0.999998075818313
"q_rep[1]",0.214506481494368,0.00782652700722129,0.967923265381093,-1.69601249780083,-0.427598866526717,0.20791696179142,0.850700365189734,2.12580483372788,15294.7957354347,0.999921870537079
"q_rep[2]",0.306622201757686,0.00776288794432662,0.982378216861577,-1.63714306653534,-0.34491170922625,0.306976373692813,0.958467690784292,2.2672911078166,16014.4052139349,1.00031403976669
"q_rep[3]",0.437652800352676,0.00781935296718636,0.974277031636292,-1.49722751850905,-0.197196759096439,0.444530906852718,1.0700140380085,2.3805356100282,15524.7027353121,0.999932815547995
"q_rep[4]",-0.0370668920021598,0.00770616810653655,0.970002302103137,-1.96406834714735,-0.669251875158336,-0.025632052283886,0.602295356112394,1.85614510653974,15844.1363997095,1.00072974892885
"q_rep[5]",0.298666206245936,0.00782352935017587,0.983616809652039,-1.63338782115828,-0.355502708856765,0.287511959538306,0.942471815126304,2.27474537711589,15806.8907547504,1.00059922709049
"q_rep[6]",0.143766332544949,0.00755963223986576,0.971288657451408,-1.80249902805272,-0.487265573200249,0.14305114060123,0.769757403906448,2.06480189711936,16508.0318181282,0.999834690420604
"q_rep[7]",0.37080632492741,0.00792254204555248,0.982466137511527,-1.55007122364506,-0.270902530978465,0.366459799280523,1.02517105312625,2.28721729466825,15378.2202157905,1.00077905784029
"q_rep[8]",0.460660728046866,0.00872275658868183,0.997771474733726,-1.51233460294046,-0.202312495338756,0.455013351377614,1.12563991308648,2.41081361060208,13084.4255511714,1.00302043442027
"q_rep[9]",-0.806657927551776,0.00801446701508899,1.00942325119893,-2.78522056734783,-1.47040588816416,-0.815413658270297,-0.145753124428898,1.22456416605314,15863.4380370493,0.99996833748139
"q_rep[10]",-0.463566325154545,0.0081709637177703,0.992587031569691,-2.43412972325204,-1.12118287556892,-0.459747108825042,0.193629182700116,1.50492634107666,14756.7469254434,1.00089919800725
"q_rep[11]",-0.0878933376974464,0.00771736337498631,0.974354227071044,-2.01191725218376,-0.726753937207708,-0.0971716545640799,0.555618857534702,1.8383731157655,15940.2764088325,0.999904131460791
"q_rep[12]",-0.369746916277463,0.0079422570829973,0.991047423076084,-2.31757624491806,-1.03535959608633,-0.36287946639604,0.282786678391725,1.58713417638226,15570.4438225798,1.00109328428582
"q_rep[13]",-0.520487654530165,0.00767999952819505,0.981378921544119,-2.44060417543514,-1.17054870229159,-0.521536828655247,0.121657297265604,1.44298652377649,16328.6795041198,1.00021771311512
"q_rep[14]",-0.631542956479064,0.00780051626871824,0.99849258963763,-2.61783576846223,-1.28990092480537,-0.632428270955521,0.0215351893646868,1.3377205705369,16384.8699352345,1.00081810146132
"q_rep[15]",0.0495626386781663,0.00764724660361362,0.983408895727044,-1.88628619599271,-0.609352202873465,0.0445435639099313,0.703461893860034,1.96456018869594,16537.0513324353,0.99989582110324
"q_rep[16]",-0.227208766661262,0.00885504234392683,0.97549659537206,-2.14706874759721,-0.870656143692613,-0.228407982051988,0.414551904782917,1.69039755027136,12135.8508800686,1.00085208116782
"q_rep[17]",-0.628012952059226,0.00801983866536948,0.999267409999822,-2.59939607715985,-1.2875118102978,-0.633104774255034,0.0260377493420801,1.3450695084695,15525.020554099,1.00032101118943
"q_rep[18]",0.0190452250412917,0.00769866197048092,0.972211408141099,-1.88603044973384,-0.626326918145028,0.0207347046699274,0.668657780568644,1.93231873708779,15947.4380328621,1.00020691412133
"q_rep[19]",-1.24620164812278,0.00845579648951184,1.06415815189114,-3.35208389944755,-1.94718267675637,-1.25099681745812,-0.548925002338313,0.845644147597796,15838.1083063252,0.999997446406768
"q_rep[20]",-0.694903963934777,0.00795144727607381,1.00310715376251,-2.68114084990841,-1.3550146504613,-0.692598306104733,-0.0291853378911963,1.28243541646017,15914.8404133851,1.00006279125213
"q_rep[21]",-0.0649002572418071,0.00864813769609147,0.977484185359302,-1.98942681712995,-0.705821256996055,-0.0753628624421649,0.577725026319762,1.8899948977515,12775.3935531522,1.00126725656317
"q_rep[22]",0.267057965744934,0.007585497566919,0.98125742475535,-1.66998971927213,-0.382477114380642,0.264343328149624,0.905422600388584,2.21144864753247,16733.9229507542,1.00013543435478
"q_rep[23]",0.00166809468129984,0.00772190184668309,0.97455866733696,-1.93636027099131,-0.643129081165031,0.00947080293670383,0.648857572377058,1.89208845967578,15928.2264936361,0.999977663370818
"q_rep[24]",-0.32324478047795,0.00782249747059669,0.978934031929072,-2.24635244854889,-0.974286463913287,-0.334014782699427,0.332696170593925,1.60346546540226,15660.8738260789,1.00019885053309
"q_rep[25]",0.495580839387718,0.00781145522830004,0.98805279353267,-1.46788482892652,-0.149929240917386,0.487225534078257,1.14818418943742,2.44400224540577,15999.1313873169,1.00026769176625
"q_rep[26]",-0.136778280712249,0.00774515970929276,0.975163310001417,-2.08755075715744,-0.769378530731291,-0.131670341030223,0.507938971664245,1.75996609406079,15852.3608794266,0.999901426400789
"q_rep[27]",-0.0737194693036262,0.00809826069043663,0.97811565950593,-1.98449929908512,-0.719759424666551,-0.0653767368267209,0.572417588190575,1.84529827015281,14588.0390750827,1.00005670350418
"q_rep[28]",0.702399859533266,0.00780001937967381,1.00808220078169,-1.28707116340001,0.0398872782825048,0.698117180492515,1.36736209438822,2.68280577261048,16703.2326389984,1.00004785731377
"q_rep[29]",0.606104602887039,0.0087010773469087,0.999042211389786,-1.3645332350571,-0.050315857324825,0.602006975675695,1.26426604164638,2.58551159341688,13183.2236000369,1.00161021688878
"q_rep[30]",-0.134994571014263,0.00764477156644712,0.966070625613834,-2.02304797711807,-0.781402236000473,-0.138465570370234,0.501960508872103,1.78054354177161,15969.4047621456,1.00033429180261
"q_rep[31]",0.0107449730595553,0.00770310985462823,0.974470835560035,-1.90811226885189,-0.635812012380203,0.00396613702755341,0.667551383164352,1.91158051554455,16003.1512141992,1.00089672905185
"q_rep[32]",0.428595418323421,0.00793990181945381,0.987464694273411,-1.52168267076953,-0.229946770179034,0.42574939133239,1.0872178573006,2.37347015086669,15467.242311262,1.00069754573225
"q_rep[33]",0.726681397616908,0.00789136282316079,0.991373956262774,-1.21717830162281,0.0735414100413445,0.719647968726736,1.3823350991116,2.68588181740725,15782.3252135192,1.000048132576
"q_rep[34]",0.784019792976531,0.00791138416457429,1.00063671496144,-1.18777696784797,0.113238002020814,0.781138712602518,1.444563864244,2.7505577363439,15997.3453416776,1.00111793989383
"q_rep[35]",-0.000619978794200655,0.00781513190415575,0.960251492638792,-1.88927776182811,-0.642498763739333,-0.00200037675598446,0.626150888071905,1.92062871438286,15097.2329728542,1.00002219842582
"trout_rep[1]",0.6755,0.00370192516671866,0.468202360994272,0,0,1,1,1,15996.0196143979,1.00007392440687
"trout_rep[2]",0.726874999999999,0.0036973730870212,0.445578436567529,0,0,1,1,1,14523.181980644,1.00140581438299
"trout_rep[3]",0.794624999999999,0.00321143031106268,0.403988006962366,0,1,1,1,1,15824.8623422967,1.00008874136621
"trout_rep[4]",0.489062499999999,0.00387135666534282,0.499895978772613,0,0,0,1,1,16673.7358761989,1.00116858162884
"trout_rep[5]",0.728375,0.00353499649356293,0.444811449326113,0,0,1,1,1,15833.3911216583,1.00102246475617
"trout_rep[6]",0.621375,0.0041435596354561,0.485059598967878,0,0,1,1,1,13703.8633476918,0.999856787300827
"trout_rep[7]",0.770125000000001,0.00349240744747892,0.420765432987053,0,1,1,1,1,14515.4430754758,1.00223556359244
"trout_rep[8]",0.808249999999999,0.00318212646676475,0.393689756631427,0,1,1,1,1,15306.4105787285,1.00194879461412
"trout_rep[9]",0.0908125000000006,0.00230914917184985,0.2873512667723,0,0,0,0,1,15485.3937697792,1.00012158747872
"trout_rep[10]",0.209625,0.0035549114333196,0.407053700596977,0,0,0,0,1,13111.3027054024,1.00015893664339
"trout_rep[11]",0.4405625,0.00388757148433133,0.49647012876462,0,0,0,1,1,16309.0802940387,0.999879275816885
"trout_rep[12]",0.250437499999998,0.00349921107045427,0.433278538283392,0,0,0,1,1,15331.8328445517,1.00117724449543
"trout_rep[13]",0.1766875,0.0030451805240594,0.381415940577016,0,0,0,0,1,15688.144909174,1.00020797959391
"trout_rep[14]",0.128375000000001,0.00288027050710839,0.334517343707032,0,0,0,0,1,13488.7195212898,1.00042950512888
"trout_rep[15]",0.534125,0.0039045752187353,0.498849714407924,0,0,1,1,1,16322.6951126998,0.999869908333838
"trout_rep[16]",0.338,0.00420879032797076,0.473043323199966,0,0,0,1,1,12632.4402413632,1.00054191385877
"trout_rep[17]",0.133625,0.00267677524445136,0.34025960002945,0,0,0,0,1,16158.3481029238,1.00081937150488
"trout_rep[18]",0.514062499999999,0.00402818370034012,0.499817826522873,0,0,1,1,1,15395.8952525963,0.99997621762177
"trout_rep[19]",0.0330625000000001,0.0014573459531927,0.178805395064935,0,0,0,0,1,15053.4456335209,1.00000071290868
"trout_rep[20]",0.1206875,0.00261414067619145,0.325773940616807,0,0,0,0,1,15530.1186144815,1.00020644197948
"trout_rep[21]",0.460062499999998,0.00571497295918174,0.498418019714768,0,0,0,1,1,7606.04886136976,1.00277288569365
"trout_rep[22]",0.71975,0.00354005037918598,0.449135330562024,0,0,1,1,1,16096.6519590273,1.00020993686875
"trout_rep[23]",0.5069375,0.00390917886742768,0.499967493005392,0,0,1,1,1,16357.3313660237,1.00040867836846
"trout_rep[24]",0.2639375,0.0036577222329589,0.440779580979713,0,0,0,1,1,14521.8347753481,1.00023793675353
"trout_rep[25]",0.826187499999999,0.00296098184043745,0.378960011758354,0,1,1,1,1,16380.0522442469,1.00082503093686
"trout_rep[26]",0.391375000000001,0.00399651250584826,0.48807325048969,0,0,0,1,1,14914.4643313583,1.00018426625922
"trout_rep[27]",0.446999999999999,0.00418925287328274,0.497198602575643,0,0,0,1,1,14085.9663407832,1.00059730984425
"trout_rep[28]",0.8990625,0.00235723727248986,0.301255362223322,0,1,1,1,1,16332.8875799096,1.00077836957945
"trout_rep[29]",0.861812500000001,0.00288730168511071,0.34510745941102,0,1,1,1,1,14286.4512796006,1.00207455139458
"trout_rep[30]",0.4164375,0.00387664256386105,0.492983263534325,0,0,0,1,1,16171.5940698289,1.00030314784198
"trout_rep[31]",0.509,0.005342416065575,0.499934616638869,0,0,1,1,1,8756.91236042235,1.00247658144095
"trout_rep[32]",0.793812499999999,0.00332836576589705,0.404579343419303,0,1,1,1,1,14775.6065388559,1.00136314248586
"trout_rep[33]",0.897125,0.00242380683837227,0.303805041052503,0,1,1,1,1,15710.6422327005,1.00019928609054
"trout_rep[34]",0.913,0.00231356687304475,0.28184386590417,0,1,1,1,1,14840.6546875676,1.00026364359857
"trout_rep[35]",0.496125,0.00389116244783189,0.500000609412717,0,0,0,1,1,16511.3408653368,0.999977954691889
"log_lik[1]",-5.34083699124474,0.068277027509575,0.927526559231724,-7.40760651749932,-5.77281214182435,-5.2838010840194,-4.86230457114042,-3.28653592067124,184.545516036762,1.00831457775831
"log_lik[2]",-7.84635289361997,0.0930212527831368,1.14100359036744,-10.2027015955594,-8.42774655124872,-7.82353498521583,-7.25532352746348,-5.50236155186318,150.456049237262,1.02451930206752
"log_lik[3]",-5.07412068497855,0.0686176168798924,0.961371714789372,-7.21087314428645,-5.53423004683501,-5.0250176861283,-4.580306281566,-2.94491792118815,196.295986074295,1.00907288474505
"log_lik[4]",-5.95635926817145,0.0842475530416117,0.971813048821153,-8.0063496448669,-6.41203637261245,-5.92995926580796,-5.51157603947668,-3.7591926144462,133.061023875771,1.02335557344838
"log_lik[5]",-5.77503689074184,0.183520009514207,1.03890822072815,-7.9534333081659,-6.28111580793179,-5.75693722913983,-5.26136847280558,-3.34313567414197,32.0470102624925,1.06555994887111
"log_lik[6]",-6.24908238335402,0.0695971096003985,0.904451425674314,-8.25274920934415,-6.66236702243416,-6.19412090213387,-5.79262470920171,-4.4431183943815,168.883837306901,1.01430799701161
"log_lik[7]",-8.27121547583699,0.468897382198019,1.34109525624432,-10.8585355115165,-9.05897718267337,-8.28191697183588,-7.5392270227851,-5.15034042452828,8.18019462036094,1.16382498690474
"log_lik[8]",-7.66928835115836,0.0511319042912116,1.12052997469985,-10.2273128089146,-8.29256859370622,-7.54079665036247,-6.88678278403951,-5.84076462923354,480.245188625496,1.01392075851945
"log_lik[9]",-5.59508302392696,0.089016665657818,1.20508972540819,-8.29201902750958,-6.22669982834154,-5.49612697644057,-4.8666053532552,-3.21284121019057,183.272001181153,1.02005753949268
"log_lik[10]",-7.55797306442952,0.0507854424039862,1.039841615975,-9.92916088278335,-8.11412182989317,-7.46054302195083,-6.87934731412702,-5.68933144995963,419.233432564108,1.00856285870399
"log_lik[11]",-6.0946023787736,0.0808956101253343,0.999819921058404,-8.17418915437048,-6.57579693678591,-6.06722472070091,-5.61301736825819,-3.66949795114971,152.754376405557,1.01391666162679
"log_lik[12]",-5.63573625398507,0.0781320692187465,0.943508635152877,-7.83053072516804,-6.09698452286056,-5.54134629980843,-5.07647359174165,-3.95556908024223,145.825376444593,1.03190744325885
"log_lik[13]",-5.59334811510104,0.0762027393734796,1.0316719636196,-7.90254097232251,-6.09766424285503,-5.51113682092244,-5.00797016860974,-3.62959237474311,183.291400333848,1.01803027199888
"log_lik[14]",-6.10779300075171,0.0648930398181177,1.05706697016946,-8.63746298191212,-6.6444884856105,-5.99076762387868,-5.41827974104803,-4.3503248967529,265.343692547697,1.01667505355059
"log_lik[15]",-7.92967818523428,0.0796381209426458,1.09387437321633,-10.210359333992,-8.52448333589555,-7.88607653643943,-7.32930214548951,-5.51981631321835,188.665672233125,1.0149906056332
"log_lik[16]",-10.6140176476727,0.0635924514365257,1.26345622116971,-13.3277498631408,-11.3804353178524,-10.5236795242346,-9.75636473614207,-8.21864147600587,394.738296314725,1.00925870109558
"log_lik[17]",-5.37366003256406,0.0662075845540374,1.05879514843177,-7.76895613696369,-5.8863098580498,-5.28305889858986,-4.78631915464338,-3.19471238008786,255.745733667855,1.01144763377979
"log_lik[18]",-7.29007068340742,0.0826564371698783,1.08533551106378,-9.52855296708787,-7.88446981528152,-7.26126362265135,-6.70627963943137,-4.82156942332826,172.414847699303,1.01683149358679
"log_lik[19]",-7.65357664323507,0.109326254343831,1.87898767000019,-11.685122438397,-8.74068145148595,-7.53129831489945,-6.44477108341081,-3.84819313997999,295.392131580886,1.00597127673198
"log_lik[20]",-10.6849963700852,0.127525454782972,1.77844170697489,-14.232772478549,-11.7789168362364,-10.6598376094912,-9.60395154950405,-6.89226497655096,194.484729541793,1.0194899322209
"log_lik[21]",-8.51168633736208,0.0614639920527903,0.980261196271156,-10.7102448289998,-9.02196458134636,-8.45423915951983,-7.93898943233748,-6.5380062203564,254.356063297509,1.01092585400978
"log_lik[22]",-5.88703093867158,0.17863273213912,1.03508941478506,-8.07201864662895,-6.37688263318386,-5.84630774736259,-5.37814411546205,-3.49200058456439,33.576363142712,1.06226108468005
"log_lik[23]",-8.03389676236701,0.0880935908881542,1.11524734915191,-10.3484023573608,-8.63277620564444,-8.01552591693783,-7.44494532693398,-5.38519811120603,160.270566858599,1.02833507938284
"log_lik[24]",-7.03614293327002,0.0808489233521264,1.18727503683929,-9.50148326508959,-7.71021766708815,-6.99710234388606,-6.34333538567223,-4.36042315117375,215.652348194878,1.0097853897981
"log_lik[25]",-5.30440243662918,0.0844124898517199,1.01223129622432,-7.47523323676127,-5.80150971467998,-5.27260185614347,-4.81486429323843,-2.85994589136974,143.795766588134,1.02636687545716
"log_lik[26]",-9.84831027712774,0.163669239397575,1.22222206915455,-12.5003059294501,-10.5721916017307,-9.78109954768053,-9.04865488061069,-7.51654660161334,55.7655659783114,1.03761488670126
"log_lik[27]",-6.23590292944775,0.0736562728864559,0.984646158476124,-8.32236036335653,-6.70287143682775,-6.19326683851402,-5.73714857775629,-4.00371771910066,178.706728082015,1.01702840482546
"log_lik[28]",-5.51128021535628,0.264880976148565,1.11561615348379,-8.15274375626406,-6.11037642164942,-5.34173207331798,-4.75586041131979,-3.76685339164357,17.7389557963225,1.07390065002431
"log_lik[29]",-8.05649548313064,0.322712173050305,1.24323077953369,-10.8155506559763,-8.79578715699891,-7.93212105236915,-7.19122256735041,-5.98547247388545,14.8413296613675,1.07844232285728
"log_lik[30]",-6.30738059278157,0.0809543782888083,0.996009162689933,-8.35563711577309,-6.78313252654281,-6.28190303966273,-5.82763042990798,-4.11235159240734,151.372151481609,1.01796977677137
"log_lik[31]",-6.93012302703206,0.0554212858103145,0.913392743652051,-9.03446822578758,-7.38553871199375,-6.85621125457571,-6.3883442082039,-5.29565661113328,271.620109024203,1.01022017396035
"log_lik[32]",-6.69069746211352,0.185549676415025,0.992568981115735,-9.01990462756221,-7.21341418326033,-6.57604934180751,-6.01218327127615,-5.08468147823024,28.6154773604128,1.05334675604382
"log_lik[33]",-6.90871655191888,0.0992856854303896,1.21943661067855,-9.66516867053935,-7.58627027796617,-6.80124439389152,-6.12011013573032,-4.70790242851407,150.849954099004,1.02214181110716
"log_lik[34]",-6.3983626604953,0.576896142012135,1.34809865573073,-9.45184620075543,-7.21235833844686,-6.18031591287646,-5.40472950822075,-4.38402208984403,5.46069703386172,1.24355206410086
"log_lik[35]",-7.67048727532152,0.081056041977383,1.16378850508274,-10.0635902099731,-8.33851322413701,-7.64591738624202,-7.01146720544976,-5.1470983470352,206.147152610469,1.01389358462179
"lp__",-79.5280506914326,2.31367153603651,18.9231407377926,-107.341296031221,-88.9643387152765,-81.2357162040579,-74.3331864812374,-14.8954329437573,66.8933631697413,1.03822621447059
