"","mean","se_mean","sd","2.5%","25%","50%","75%","97.5%","n_eff","Rhat"
"stream_quality_raw[1]",0.0294620631027203,0.0189272163976232,0.575809911931556,-1.10668683734826,-0.333810778499124,0.0290928867289748,0.384800087545184,1.19711278211628,925.517804842028,1.01194155441115
"stream_quality_raw[2]",0.20632779294565,0.396573404194917,0.815567165708916,-1.41337744072306,-0.372217679518529,0.298895078911892,0.817396677331773,1.62405628129443,4.22933703504371,1.35258051832931
"stream_quality_raw[3]",0.01337733259732,0.0784232232054862,0.607020399569049,-1.15239329398474,-0.413228231951149,0.0101485318489937,0.422106185071088,1.20221929563132,59.912466161483,1.03308552868955
"stream_quality_raw[4]",-0.217063190262634,0.0855444204968655,0.627114042789609,-1.52573896051351,-0.618008424567119,-0.192551922583022,0.198777198407148,0.954218602534463,53.7414864605853,1.03437096185915
"stream_quality_raw[5]",-0.0752407260637821,0.0763001714054472,0.59405572133588,-1.28758940396627,-0.462687010395804,-0.0689140535533818,0.326620086207458,1.07559103316915,60.6182422098741,1.02874633169901
"stream_quality_raw[6]",0.0738171909588638,0.225183710860423,0.673865916818924,-1.25211098362739,-0.384610937068784,0.0929044122120945,0.549174164811184,1.31177008540159,8.95515358183223,1.13433964533257
"stream_quality_raw[7]",0.0617911704611567,0.137389372772009,0.614205639331369,-1.16629855257752,-0.32356203270603,0.0719354357057546,0.457588813295151,1.23861016944348,19.9857898969896,1.06186259404351
"stream_quality_raw[8]",0.318560850601265,0.211290138476109,0.665064181845127,-0.961157793803628,-0.124181809464163,0.29389462860403,0.750946762596024,1.67636999873151,9.9076045088429,1.12242827057861
"stream_quality_raw[9]",-0.0302184488388782,0.217558573339184,0.812331338519473,-1.56033685402674,-0.629881550752354,-0.0135405718952453,0.581053784590552,1.45091787415255,13.9416447283639,1.09494450910122
"stream_quality_raw[10]",-0.314090548047224,0.532799965943632,0.949913421546949,-1.84640474109456,-1.01129319611379,-0.477934572223115,0.338130075756938,1.64245043693479,3.17862775426365,1.59616736071046
"stream_quality_raw[11]",0.412424363096731,0.506289194394944,0.919102957368272,-1.5254490229088,-0.196023924642325,0.550644512843176,1.07151194006185,1.94559538181119,3.29557356185867,1.54709562793691
"stream_quality_raw[12]",-0.219428738669068,0.390021733627289,0.814823865091344,-1.65216458585984,-0.809965035718502,-0.302980590328754,0.340737389956641,1.4230803298958,4.36465442760119,1.33720609206659
"stream_quality_raw[13]",-0.181370263255476,0.217637961785989,0.653852652065949,-1.47803802507472,-0.61208902782334,-0.185481083770893,0.255058581675241,1.08480241080735,9.02589920209088,1.13115392976883
"stream_quality_raw[14]",-0.554261500539183,0.828086326988161,1.31302446191249,-2.35233391155496,-1.52195296869981,-0.95132228980242,0.28301235718456,2.1677316320266,2.51416864979127,2.12509357717436
"stream_quality_raw[15]",0.789142379140574,1.09924967403541,1.66775126780353,-2.64324176728746,-0.0625101234403577,1.39200196213809,1.95446121900822,2.86232434770579,2.3018120958709,2.64698762003096
"stream_quality_raw[16]",0.0440328347686742,0.00835624247031305,0.59843683518976,-1.17358625988439,-0.332648722000024,0.046262160435286,0.429368810764529,1.24056802482188,5128.78588329084,1.00035838563905
"stream_quality_raw[17]",-0.0388932748920579,0.0171557476897028,0.640744685107171,-1.30306599856579,-0.464128838876922,-0.0421801920635457,0.402559073269642,1.20060529736046,1394.92457037573,1.01038893329783
"stream_quality_raw[18]",0.632528272616324,0.804296681282209,1.27640178778038,-2.05924233231109,-0.162189557059731,1.00862264314428,1.53745501860651,2.44225624688708,2.51850173404505,2.11215751322275
"stream_quality_raw[19]",-0.780432933781505,0.862947581227943,1.34464725873049,-2.67720409519639,-1.72072809601046,-1.18746378164379,0.0849887335871184,1.98991245185623,2.42799568210422,2.27802747346797
"stream_quality_raw[20]",-0.435720487238415,0.594624782699909,1.0077266397307,-2.01477931093219,-1.15960940060192,-0.673793908037783,0.225124234483855,1.66865385656347,2.87209940855781,1.75413950510945
"stream_quality_raw[21]",0.094661585473592,0.0131921486908071,0.641559399636978,-1.13027774745039,-0.329612710865918,0.0847859606318429,0.512073435772391,1.39415919176274,2365.06275724066,1.00044287634126
"stream_quality_raw[22]",0.0919792282209463,0.222500624910352,0.65212972094634,-1.20665386319161,-0.348122795099238,0.106347791034614,0.537166412142801,1.35899888773415,8.59024434529341,1.1395395318764
"stream_quality_raw[23]",0.0387376123378601,0.208041316447633,0.725917954044191,-1.34107071940657,-0.499522721813586,0.0611626649393395,0.582370483443351,1.34610238689555,12.1751939797991,1.1049547216328
"stream_quality_raw[24]",-0.41419214528958,0.337830318585106,0.784571926252414,-1.96159183640303,-0.951322194480372,-0.389694715068996,0.112492205068222,1.14382586233539,5.3934701884832,1.25216312205901
"stream_quality_raw[25]",0.224181507087867,0.28469877814468,0.675245037165497,-1.14321194013439,-0.221312241802174,0.256264080698671,0.66955106107016,1.50230070998982,5.62537650993355,1.23360590047144
"stream_quality_raw[26]",-0.710925286028442,0.981120857284078,1.51191234568753,-2.67992645866803,-1.80272041169002,-1.23330931204379,0.163508398288309,2.41877536272518,2.37469703517342,2.41566373662188
"stream_quality_raw[27]",-0.185418622078774,0.149997339454998,0.622464919550807,-1.45204423938337,-0.584724293794586,-0.158906870621157,0.209487782974194,1.02971095577181,17.2211698337196,1.07020635523485
"stream_quality_raw[28]",0.355670454594777,0.238699635442393,0.709520005091293,-1.03177755965117,-0.0998639844851972,0.31919090249411,0.804782355688043,1.78956552581428,8.83539110366332,1.14076868784606
"stream_quality_raw[29]",0.355168119633596,0.184853568400144,0.689802296352744,-0.947059604007475,-0.107640540193513,0.3141444150541,0.793933544329337,1.77717676988659,13.9249483969708,1.09236006248949
"stream_quality_raw[30]",-0.773648790497727,1.04733427400727,1.59965870951968,-2.7900178452121,-1.91735569761133,-1.34358047802301,0.0881788122681893,2.52810063920949,2.33283508184545,2.53358365090424
"stream_quality_raw[31]",0.0463933113070487,0.182022940377357,0.669106429793879,-1.22516874809315,-0.429615297869604,0.0536957986568333,0.523223419990804,1.31550048276472,13.5125761759217,1.09001342406767
"stream_quality_raw[32]",0.365945420861462,0.405858446401784,0.79189692028555,-1.25221198022276,-0.165626819595725,0.460646402640311,0.922879508371422,1.74985280614963,3.80704605633142,1.4166556521618
"stream_quality_raw[33]",0.518563282532662,0.636601225874126,1.04942800293654,-1.70755339005511,-0.153074632971679,0.774459984693503,1.24092011274504,2.14655250412954,2.71750502790808,1.87224827239831
"stream_quality_raw[34]",0.633334583798696,0.622295920849495,1.04107726841504,-1.51414873658015,-0.0689056584956374,0.842864142846974,1.35458618683398,2.34415971695997,2.79880099358935,1.80302675073301
"stream_quality_raw[35]",-0.350405325341278,0.45445657529472,0.84123751758242,-1.79506606898304,-0.955827939930149,-0.470863491161345,0.211714036517456,1.38579689787554,3.42651378647789,1.50564198884436
"sigma_quality",0.267909646691122,0.00272330918401343,0.101273981556971,0.123519038994759,0.200130386119358,0.250930989262883,0.315552914791339,0.51645946082572,1382.93531690734,1.00302272463771
"beta_conduct",-0.768946388943795,0.777193212458534,1.15016497040353,-2.21413764979191,-1.52613613906007,-1.1946352576965,-0.275101875017968,1.50582749812439,2.1900915769445,3.2450328569601
"beta_depth",0.791388290788004,0.303097425626821,0.523542843636572,0.00886305008273674,0.286703432614852,0.846732022186802,1.15236516013029,1.76995250038469,2.98359561184504,1.69888277463996
"beta_do",0.249171060034434,0.0426792766737716,0.215116999541892,0.00664636188030901,0.0851200227734132,0.193679035501563,0.354963757401083,0.793615823681515,25.4047755670538,1.05433687387198
"beta_thermal",-0.648368839352069,0.63837151821939,0.957204403823885,-1.91826348568228,-1.28326001357415,-0.976517525586744,-0.214999019587182,1.27201506730798,2.24834199141563,2.87474629402674
"beta_canopy",0.923969249520004,1.07781389848297,1.58703591623974,-2.22030998084871,0.0648633950203633,1.5329401286944,1.95499934028484,2.88698530343886,2.16813315988547,3.46103450690989
"beta_q",0.306074152359569,0.302101186422677,0.549042366004383,-0.809646926918756,-0.066696618839096,0.379583343593309,0.674033352899507,1.28861754651775,3.30298691418915,1.55090202172501
"a_conduct",0.589238601103643,0.0238126271728493,0.218895256528046,0.182558884733248,0.438443566635162,0.582328121968706,0.730691926935267,1.03289763679747,84.5002660171729,1.02823280894481
"a_depth",-0.315101624805374,0.162692667881834,0.30977464814223,-0.879575738741225,-0.538191861412565,-0.341409116832583,-0.0913205688682377,0.293026137474815,3.6253987686825,1.46403529578986
"a_do",-0.0782559145612273,0.0646196756394805,0.213052713828062,-0.505345021725944,-0.217133763406188,-0.0721719788787834,0.060492368539884,0.334097085623723,10.8703766826322,1.10836952127132
"a_thermal",0.511687427777766,0.0233809989072836,0.220384348462549,0.0937704117946804,0.364054417160897,0.505600768027552,0.650382836655009,0.967873513815746,88.8454871082061,1.02738022527838
"a_canopy",-0.822251923845575,0.00449632084426695,0.1962724004892,-1.20631546767735,-0.951811181771248,-0.825483636135308,-0.696413258347171,-0.428461813459519,1905.47774544356,1.00344457887
"a_q",-0.235243010240922,0.00443784587271758,0.246613995555542,-0.732246514802623,-0.392119738947736,-0.230509380636411,-0.0754638499261195,0.235192351266579,3088.09753733793,1.00711518649004
"sigma_conduct",0.706459271574739,0.00845109417915478,0.113445248361815,0.482661585247943,0.633886560125373,0.70351840055737,0.777026453102,0.943016156969411,180.196660209114,1.02643846166867
"sigma_depth",0.890961810134846,0.0695624310199774,0.148237787598029,0.655914563581298,0.782848935603555,0.870424468130782,0.981414763498958,1.22782595939007,4.54117613916977,1.31549744880089
"sigma_do",1.00820898390156,0.00176137944746846,0.123745668879919,0.799211923159949,0.920134406724988,0.99676547717953,1.08285421839074,1.28127694725238,4935.76149888936,1.00578209433826
"sigma_thermal",0.790289319264534,0.00309569291201933,0.11062713428181,0.594611195715059,0.714257905121539,0.782592314903674,0.858762393123532,1.03032251218283,1277.04905277217,1.01171504475281
"sigma_canopy",0.310490305992793,0.0192978317654754,0.140295742660659,0.0694084549067396,0.213155464303718,0.303898555286749,0.396109780881652,0.625288358249891,52.8532810409547,1.05990771857205
"sigma_q",1.00539772315285,0.00171327771978017,0.125715981788437,0.792229724442563,0.91778347245661,0.991407878558278,1.08001503173765,1.28116965028475,5384.25287263418,1.00251446547454
"beta_burned",-0.07448537802811,0.140415371582053,0.229839616079605,-0.42781162201019,-0.231326947730762,-0.133316400721633,0.0865685078578701,0.418544371414272,2.6792945947814,1.93282370196224
"beta_wet",0.437417288056136,0.587346649112367,0.85701972754812,-1.28444014818034,0.108935708193228,0.791814642480831,0.998932625231939,1.38456025113063,2.1290832690668,3.88450905561603
"beta_trout",0.979052286160768,1.131654724878,1.70112680619557,-2.51087783814274,-0.0549551963300747,1.59823592801904,2.14279158420329,3.12943064933749,2.25967246893984,2.80612850868836
"alpha_trout",-0.817954230255256,0.0103592875530561,0.558358008574386,-2.0546173307408,-1.16363762751756,-0.779869827253064,-0.424091852772752,0.170286532937296,2905.13101250755,1.00151593079403
"conduct_hat[1]",-0.611204666560041,0.0026282496218313,0.236688515227268,-1.08945644180723,-0.767411934891052,-0.608478296395191,-0.453101403594195,-0.157541755753772,8110.00551197177,1.00180034300064
"conduct_hat[2]",-0.761098812220233,0.00380733287511239,0.263863980404034,-1.27644770913663,-0.935841588578479,-0.76253893570739,-0.585069868306917,-0.242321662006603,4803.0656341626,1.00013120830988
"conduct_hat[3]",-0.559512667109966,0.021090920354062,0.245790497433401,-1.08999302716998,-0.71235989039234,-0.540777205967232,-0.388960159868554,-0.126446594982211,135.812302998546,1.01886773075011
"conduct_hat[4]",-0.240892470681402,0.00280061125619882,0.223743775131241,-0.66970242700767,-0.385866649138132,-0.245062081561311,-0.101963958832777,0.220628519918042,6382.57994037407,1.00222823314061
"conduct_hat[5]",-0.539733470023597,0.00308413203128675,0.236437491027273,-1.03518744789402,-0.689720862892376,-0.529810564149418,-0.379168879216538,-0.100224447386436,5877.14980254023,1.00237671601751
"conduct_hat[6]",-0.420677787421313,0.00234671536809452,0.225572937766733,-0.886738217294895,-0.567141439383431,-0.417646992854418,-0.270166327418187,0.0163571390858906,9239.59970723813,1.00092158615045
"conduct_hat[7]",-0.401149106170618,0.00485061621597588,0.2379724468511,-0.925757496334933,-0.541455177626327,-0.386041247421277,-0.245705475652687,0.0252421199308927,2406.90818349131,1.00630650304832
"conduct_hat[8]",-0.479408723628373,0.0570678865101785,0.273890126126744,-1.09692852187215,-0.634946145974914,-0.450527555727461,-0.285673984951346,-0.0259903463034305,23.0339900139303,1.06169214893285
"conduct_hat[9]",0.789617509869555,0.058786680512129,0.325163827834587,0.245879778160877,0.560246400063164,0.755739416101414,0.986871340136101,1.52769569182664,30.594726798078,1.05251819442658
"conduct_hat[10]",1.09137864354076,0.00391923813154492,0.285886028609007,0.545161349776023,0.896444913355793,1.08690104158683,1.28169429971077,1.65488431772665,5320.86891363291,1.00439912169961
"conduct_hat[11]",0.32611452377627,0.00423594409187937,0.230599433245881,-0.104406173756091,0.174644182078789,0.315797995823323,0.469810506609956,0.813938534217752,2963.57574896357,1.00514028784058
"conduct_hat[12]",0.76626633489769,0.0138312490198076,0.248944576524359,0.291489225882799,0.602481836986767,0.759300978832718,0.924741475571586,1.27359129802006,323.953396343545,1.01322061776388
"conduct_hat[13]",0.959202309186907,0.0242116061622704,0.273243550146185,0.445188332349946,0.770023064859204,0.946462653184295,1.13800385165735,1.51956714626602,127.36574402242,1.01798481882945
"conduct_hat[14]",1.25175078230601,0.00711387605468491,0.309473772414847,0.660658895525465,1.04094320293352,1.250866862689,1.45216465987287,1.88753228727301,1892.49660653031,1.00844321181487
"conduct_hat[15]",0.285566466119942,0.00571758924909588,0.247161206996322,-0.16780725534323,0.119555909531487,0.269961858896501,0.440887788053807,0.804298172299447,1868.67902049919,1.00345749732468
"conduct_hat[16]",0.826672919576497,0.00335962959384155,0.258487125783349,0.323970607438486,0.6556392491054,0.820962101877809,0.994734487145142,1.34856428624233,5919.63649063695,1.00340826659052
"conduct_hat[17]",0.841743139699244,0.0325990329249663,0.280727193199136,0.344935704147698,0.648086303035279,0.818994551865818,1.0193227262072,1.44055328327596,74.1582604299874,1.02855792809559
"conduct_hat[18]",0.171919851972717,0.00449238093052162,0.235446609230466,-0.256493365667508,0.016961891857321,0.156376488064131,0.318731405392236,0.681188658573892,2746.82967502773,1.00302119929637
"conduct_hat[19]",1.33350850445159,0.0628568667220607,0.381217546615202,0.667770075400722,1.07125153572188,1.30316188669798,1.56593477996035,2.18282680049312,36.782420666261,1.04531575231556
"conduct_hat[20]",1.14554968886356,0.0206638521470009,0.298401107675846,0.575822011682925,0.944147980403574,1.1433037018991,1.33955155165227,1.74586531040767,208.534680222918,1.01615997897972
"conduct_hat[21]",0.561614811897331,0.00296932425856023,0.240942822735664,0.086017250308983,0.406746125059782,0.561798473704843,0.714304537706671,1.04969946011969,6584.34737504229,1.00266283948167
"conduct_hat[22]",-0.67941096976947,0.00261650312305474,0.248338564924217,-1.18365964163766,-0.84093793842174,-0.676215978514335,-0.513335883724951,-0.197146062975493,9008.36178078111,1.00019346773441
"conduct_hat[23]",-0.655306850859946,0.00604527753679558,0.274156238614759,-1.17426975783671,-0.841763159952244,-0.663038423036656,-0.479595745134553,-0.0929099488894878,2056.66604505045,1.00300674794655
"conduct_hat[24]",-0.365195360697933,0.0105322502230335,0.290680022184815,-0.856390989157586,-0.556241022880045,-0.392595227815707,-0.215827980648219,0.335814063203939,761.707150368854,1.01776820907477
"conduct_hat[25]",-0.735738315482098,0.0064296631995189,0.252252498517536,-1.25978829303589,-0.896519474152715,-0.726105127987913,-0.561764972524117,-0.264460172191669,1539.19805082956,1.00984877759583
"conduct_hat[26]",0.164196462607471,0.00545181272128785,0.244576279562846,-0.352125019603816,0.0110420278901368,0.177309510993692,0.325702957137907,0.618640621258718,2012.55061372731,1.00334269702603
"conduct_hat[27]",-0.48335720516991,0.00422476359002441,0.246815778652091,-0.935851161981422,-0.64774277496257,-0.49361093763088,-0.329350042358667,0.0409267888232902,3413.03716275244,1.00175288694418
"conduct_hat[28]",-0.75757327088945,0.0522537363216933,0.29679549892826,-1.44399485720714,-0.929237671332186,-0.72932791283441,-0.55567856695229,-0.260519790498831,32.2611557452796,1.0461943484055
"conduct_hat[29]",-0.4868334126011,0.0686648095319584,0.310138021297442,-1.22236239523427,-0.660216739030674,-0.442939055571703,-0.26777394931131,0.00373798360109479,20.4005362763634,1.07209778625259
"conduct_hat[30]",-0.0519004770645956,0.00501244532046246,0.234730651090463,-0.549325316622093,-0.196695040862123,-0.0372029973954099,0.102730763364121,0.382839221643458,2193.00847848488,1.00058193091367
"conduct_hat[31]",-0.395031473544447,0.00291092355164245,0.231746127621617,-0.84929405613879,-0.543979907100809,-0.395085998390974,-0.247766223581862,0.0710659728866474,6338.1625383068,1.00046302754501
"conduct_hat[32]",-0.55066470120841,0.0409178803829575,0.252449164258773,-1.11147203052386,-0.703509935802473,-0.531811039919495,-0.379743511290321,-0.102354767353907,38.0646304442936,1.03950965926429
"conduct_hat[33]",-0.677271039853895,0.0385979910925443,0.289418338313192,-1.34798793027073,-0.835373652086178,-0.646328213243572,-0.483023805536468,-0.188497040370179,56.2241227901791,1.0322623931148
"conduct_hat[34]",-0.697006868950186,0.0685060551910712,0.321756358638135,-1.46805307062387,-0.871039959405585,-0.650399473031186,-0.473566638020306,-0.186201411227902,22.0595351444016,1.06438815776559
"conduct_hat[35]",-0.349553001272433,0.0027526094213877,0.232197210959687,-0.803594565336646,-0.496831074681365,-0.348636121205261,-0.204321170021885,0.117334434371477,7115.81770674425,1.0000902044442
"depth_hat[1]",0.352832856549295,0.157043316469053,0.30607362701165,-0.241413888145401,0.136064359313888,0.372097274990838,0.57029891263968,0.926331356035596,3.79850675987281,1.41775298094918
"depth_hat[2]",0.427269112348105,0.192636558443094,0.351548175637847,-0.252410381102131,0.170182479327524,0.465747272954983,0.676343326326779,1.06165969130493,3.33036838776022,1.53605517303842
"depth_hat[3]",0.336687106709843,0.147117613960707,0.297836291170431,-0.236105601773733,0.131667355209285,0.341687231074416,0.539823632657749,0.921415594738337,4.0985089237935,1.37229041389339
"depth_hat[4]",0.1436396038047,0.0552567394026793,0.218520701870943,-0.282738206293515,-0.00338378492090313,0.142847771001713,0.28651602298442,0.582968102221552,15.6392047198358,1.07653423779482
"depth_hat[5]",0.313600903345622,0.138329256905152,0.283421394059524,-0.239060940126337,0.121038063947476,0.321913818246798,0.50467677327409,0.860454459130154,4.1979491324544,1.35438123609059
"depth_hat[6]",0.249589890285963,0.10777963402701,0.251586904671928,-0.235394753239378,0.0733890754815656,0.252815665175176,0.421881530451659,0.74368427237011,5.44882242568908,1.24148294901873
"depth_hat[7]",0.242593268132481,0.10349129529273,0.251848635873078,-0.228618030102761,0.0691549871020124,0.237254538691767,0.405844966600449,0.757781052978259,5.92204305540026,1.21619845529564
"depth_hat[8]",0.31312550695138,0.132524213398692,0.301135236796356,-0.222422561123018,0.0996706520753395,0.299534525327006,0.503553786087532,0.954416768493758,5.16336329404389,1.26727499979337
"depth_hat[9]",-0.43892675699165,0.218849792318215,0.410179838750129,-1.23473570520885,-0.716193455045016,-0.458110930354051,-0.123078401055733,0.305190617686792,3.51282360486739,1.49567331595718
"depth_hat[10]",-0.574598685406322,0.286584382231883,0.481325907376306,-1.38133472225671,-0.927570746762783,-0.665105993228792,-0.192121971616864,0.348052255864935,2.82080742320674,1.78768424174683
"depth_hat[11]",-0.163732514342938,0.0933504043303687,0.245850485276907,-0.665405221445547,-0.325175863728082,-0.159467955686767,0.00436295187318789,0.302182933595518,6.93601035788088,1.1766298640906
"depth_hat[12]",-0.406004066041924,0.207282485712686,0.373236986619395,-1.1050619413592,-0.671349916607807,-0.4509331147312,-0.120831887156116,0.311156993506655,3.24223233567437,1.56555090052447
"depth_hat[13]",-0.51232579199744,0.255875389729869,0.437250499540238,-1.25456655327568,-0.826026895271268,-0.591162838864174,-0.162373922364433,0.328146120112465,2.92013946901741,1.72104790857193
"depth_hat[14]",-0.664872181215184,0.328186089751002,0.54135198958375,-1.55753837831986,-1.06133465760082,-0.776475707618313,-0.21800316672605,0.365117091502799,2.72094106796993,1.8669272313635
"depth_hat[15]",-0.139862181848337,0.0816813247557304,0.242972409256486,-0.649081681952413,-0.298585000690332,-0.128867501703431,0.0264073613296101,0.315668275433649,8.84847390757404,1.13375824591867
"depth_hat[16]",-0.431913990343921,0.220407950550635,0.390987650850956,-1.1219173346961,-0.715775264224744,-0.484685126365586,-0.124040026693382,0.323380620946354,3.14681758651901,1.60598204571539
"depth_hat[17]",-0.453549516622354,0.228079666639349,0.404649396751999,-1.19210936791628,-0.736795988080041,-0.502801817427863,-0.143154469118371,0.316564619263333,3.14763709974352,1.60684365860827
"depth_hat[18]",-0.0786380794271553,0.0483769651369014,0.217606002857902,-0.541795712850238,-0.213705636272089,-0.0674636774098644,0.0645256606778495,0.330133126111462,20.2331966801222,1.06037298998747
"depth_hat[19]",-0.732168739083202,0.355636884004275,0.595587524149263,-1.75166797614546,-1.16171422618715,-0.839424569010233,-0.221226135291063,0.363513428058657,2.8046430183176,1.80737218505581
"depth_hat[20]",-0.613497568871064,0.303239609046614,0.507738340857897,-1.470012069581,-0.983896340252707,-0.708618193776192,-0.1949616689105,0.350746330845631,2.80354843147117,1.79989546690994
"depth_hat[21]",-0.290451276117437,0.154667899536409,0.312210794080073,-0.885213799010916,-0.505497843009544,-0.302455052702359,-0.0641426902542534,0.298031602878627,4.07469824697301,1.37139281617855
"depth_hat[22]",0.384024981551135,0.172041433242775,0.323656166416968,-0.249190007476108,0.154165114470211,0.409185510015047,0.611847986543763,0.970030518905971,3.53917198620781,1.47752576910443
"depth_hat[23]",0.366964811205754,0.165514483448408,0.329655362620247,-0.25319116742992,0.121157073691407,0.388707109795116,0.599852516291325,0.984206846317921,3.9668728835468,1.39353099450487
"depth_hat[24]",0.199028503504183,0.0844402195982015,0.269564426707271,-0.334462805474543,0.0141813323258067,0.203951036520231,0.383825086253393,0.714878201714268,10.1912264337992,1.12349735771788
"depth_hat[25]",0.42465507412918,0.189008981896242,0.343782474537251,-0.243846638545077,0.178522666567881,0.461888169483001,0.666774216350279,1.06092795066611,3.30828244994467,1.54548261880797
"depth_hat[26]",-0.0589137551457432,0.0397144562632781,0.216558607723567,-0.481222445162279,-0.203180678465189,-0.0598697009016743,0.0857552452584336,0.374491694078863,29.7340220690767,1.04464702382957
"depth_hat[27]",0.276457692927793,0.122135867951301,0.276619795629879,-0.248265592098793,0.0779281546994372,0.282696798885326,0.467592729928516,0.810717753915093,5.12955943400163,1.26435212767482
"depth_hat[28]",0.457375188969539,0.200957021996102,0.376062978661309,-0.244233125046408,0.182505719520254,0.478150891633036,0.708591021134433,1.18138935252104,3.5019891059291,1.49720872040226
"depth_hat[29]",0.322805228509665,0.13471731297306,0.317078959737487,-0.217467552799121,0.0972388905137914,0.299266476250338,0.516991169942029,1.02189471808903,5.53972269451595,1.24895486518401
"depth_hat[30]",0.0460754121633137,0.0031457665498991,0.206804031785389,-0.3494872531132,-0.0905674969061629,0.039928930073977,0.179055554503918,0.462154184746498,4321.80355626265,1.00196905455994
"depth_hat[31]",0.236438052026222,0.101977768178164,0.252801302500915,-0.248901651025759,0.0621636688086117,0.236777140818903,0.40622629012775,0.738058391452996,6.14536394911778,1.20568944725013
"depth_hat[32]",0.341670369894792,0.147836981603142,0.30506427715998,-0.228587249037132,0.130394268908093,0.346124385941795,0.541994507746667,0.963719805821212,4.25810666351621,1.35023602972549
"depth_hat[33]",0.406548243218743,0.178461200585564,0.345114046869715,-0.234842303830826,0.164717943591213,0.419781823980553,0.634430508570973,1.09170139052112,3.7397076436749,1.43878122871795
"depth_hat[34]",0.434254882969985,0.18865916558239,0.377573063914694,-0.230201368932742,0.161708010706636,0.432472711751858,0.673742272328607,1.23205470266538,4.00540273218965,1.39543211200765
"depth_hat[35]",0.208351523850297,0.088068239117705,0.242181289643733,-0.256099772075147,0.0431826929365166,0.204635200414461,0.372319034774304,0.68886304889279,7.56210231799041,1.16128363724942
"do_hat[1]",0.079120628012982,0.0610726015735671,0.216612806587047,-0.330616076081293,-0.065575546505249,0.0742420999324754,0.219674254894218,0.516581118235771,12.5798487015162,1.09219476535008
"do_hat[2]",0.0964963344290463,0.0792272308725326,0.236790796457703,-0.355990853575597,-0.0583716955672384,0.0880843056031497,0.251512223657838,0.575272058322537,8.9326575101604,1.13180340283112
"do_hat[3]",0.0768219140339569,0.053959254441042,0.21095779627077,-0.326003052483547,-0.0649603672371904,0.0704651857294102,0.216247384503507,0.505348766338496,15.2847830695555,1.07596959257819
"do_hat[4]",0.0291980234625293,0.0148724673972594,0.185045693399405,-0.337795891222297,-0.0941822930412672,0.0265836888536898,0.150481099703974,0.395917863910618,154.807470030419,1.01612843934483
"do_hat[5]",0.0706338053805853,0.0526902923526659,0.210585601702207,-0.332339069102734,-0.0705184013915474,0.0629239942867327,0.208648374423259,0.49101977241226,15.9733545478459,1.07354234830434
"do_hat[6]",0.0550447106791418,0.0390255873511115,0.197506104659691,-0.328893418695699,-0.0766555653417748,0.0499714124523318,0.18438238132325,0.453457110203821,25.6131003550713,1.04839849105014
"do_hat[7]",0.0535969180441393,0.035122608797149,0.195472816570669,-0.319270272880012,-0.0771666728940125,0.0486704174643013,0.181606921447716,0.453161340777494,30.9741365491355,1.04188767026267
"do_hat[8]",0.0739863156944692,0.0429303550474415,0.206721122705641,-0.311289708267157,-0.0633127284063973,0.0671266093722432,0.204340047431809,0.503541699785952,23.1867964489555,1.05359875576427
"do_hat[9]",-0.108938318580788,0.0849736665789745,0.242165298067373,-0.622149219932136,-0.261754455509288,-0.0968544288155745,0.0493110492579741,0.349018996822007,8.1218525818368,1.14800603050727
"do_hat[10]",-0.136781843989872,0.121035715025539,0.285849898335887,-0.720824090751591,-0.316525443808628,-0.126184143505499,0.0464085522754003,0.417654583515544,5.57762104252159,1.23564222804497
"do_hat[11]",-0.0417636153417349,0.0343281691506848,0.191444595726013,-0.421741282090252,-0.166337116782233,-0.0394862083864456,0.0824919746362285,0.327873912003596,31.1017581108372,1.04231746991592
"do_hat[12]",-0.0991028989433978,0.0853362177042334,0.237098100356527,-0.572865143091248,-0.249971013275603,-0.092419236917353,0.0554646005851112,0.357287179818743,7.71950350519317,1.15657510518252
"do_hat[13]",-0.123485341895642,0.105452428693606,0.263304660991887,-0.656826034545735,-0.290961296445916,-0.115416197528015,0.047219235864149,0.387591168725163,6.23453289905422,1.20381263524497
"do_hat[14]",-0.159308524002723,0.137768151876706,0.312585099052701,-0.806185748824754,-0.35777426640102,-0.147485211547687,0.0401406954084818,0.447629955640727,5.14800402363169,1.26355071504488
"do_hat[15]",-0.0373773129881804,0.0294153412785245,0.189737053896988,-0.420371278620573,-0.160914989068338,-0.0352029062471489,0.0867602527273818,0.322639381059458,41.606053466283,1.03391458405096
"do_hat[16]",-0.105991098788305,0.0928494150141993,0.247499614041382,-0.601760921801999,-0.267300263578615,-0.0945659220588378,0.0555326284417693,0.368484948363625,7.1054356117676,1.17375190957655
"do_hat[17]",-0.111774469797626,0.0926970977688386,0.247917977550725,-0.619992235569629,-0.269163008699726,-0.102000553833641,0.0482739963011057,0.366019503212622,7.15292656641997,1.17063537743123
"do_hat[18]",-0.0212851945737432,0.0114892567526681,0.182579974311412,-0.384902458160229,-0.143203019914894,-0.0187737214725703,0.100187992041686,0.331627423177479,252.535486199678,1.0136680520248
"do_hat[19]",-0.177808072132297,0.143639711381721,0.325483508135546,-0.853338764683322,-0.383806970102498,-0.161335096671357,0.034933429791735,0.441732572762492,5.13462733972302,1.26443695395996
"do_hat[20]",-0.14606980064077,0.125268147640125,0.292233401664858,-0.74406254835983,-0.333881326075187,-0.134975088619775,0.0413982681046249,0.417632313330842,5.44224884400755,1.24370568314335
"do_hat[21]",-0.0716780611119861,0.0634880009595497,0.213696214799415,-0.503535197587211,-0.209333181900916,-0.0653320277104157,0.0680748002975006,0.336171502748022,11.3294898258449,1.10298786171137
"do_hat[22]",0.0863559302045689,0.0695168013107502,0.22685381500624,-0.342976891156241,-0.0633617149039394,0.0786399195718976,0.232711804941299,0.553091533344589,10.6490928368138,1.1091547639573
"do_hat[23]",0.0800005142006914,0.0679084979733409,0.224345812572777,-0.344728123198277,-0.0670538150579917,0.0745557899715447,0.225033031663439,0.53639110120503,10.914093908341,1.10555680549359
"do_hat[24]",0.0400575525778078,0.033603162061218,0.198535551865048,-0.348284344687692,-0.0933423161468077,0.0355242770442044,0.171205044618821,0.441163789823312,34.9073018838752,1.03840931594778
"do_hat[25]",0.0974014044352337,0.0746245770517377,0.23251212513565,-0.337228171644016,-0.0554603615041421,0.0893931548728091,0.246574721967622,0.573938521285577,9.70794809744648,1.12076491657698
"do_hat[26]",-0.0188739899144112,0.0135708707858881,0.184265160554641,-0.381225852679426,-0.139928653492782,-0.0177978103507264,0.103862711878291,0.340960466456557,184.361837918581,1.01558632601605
"do_hat[27]",0.0605466994335043,0.0478933982452989,0.205964800615854,-0.33107022879056,-0.0751707453234398,0.052718245272645,0.193923591270205,0.481390834550316,18.4941640271796,1.06322694393172
"do_hat[28]",0.107206492773183,0.0750736563242856,0.237569193379041,-0.331201920669645,-0.0505152930816669,0.0963960155185488,0.257743204367388,0.610991200589459,10.0139428943649,1.11797709085212
"do_hat[29]",0.0764612060367205,0.0418958986915276,0.20768978754324,-0.307486553897012,-0.061337471480588,0.0676622717973835,0.209870128441851,0.51540828696605,24.5746455577965,1.05221538348675
"do_hat[30]",0.00775621029384477,0.00215107519069551,0.179639024585209,-0.348761072813253,-0.113077381337795,0.00458071726976399,0.128873127323293,0.360645467774612,6974.13249224763,1.00035336020658
"do_hat[31]",0.0518000131489937,0.0358616321846243,0.198070673053362,-0.327372764175077,-0.0803812316640321,0.0460931374608892,0.180245590369159,0.453704334085195,30.5056477324756,1.04214795569646
"do_hat[32]",0.0797187948740884,0.0521021421108204,0.21151761129349,-0.317045835574164,-0.061374227622235,0.0732697756110597,0.215567669892097,0.516950439826175,16.4809373438359,1.07260998669819
"do_hat[33]",0.0948429599183358,0.0665335360660332,0.227859919059146,-0.329760449328963,-0.0573980282772548,0.0862912904283699,0.239944137457086,0.568444606125482,11.7288293205777,1.1007236930618
"do_hat[34]",0.103202919992613,0.0667285270497142,0.231372302442518,-0.315504260147015,-0.0520303833064326,0.0924057251733153,0.248805133630474,0.604061063516731,12.0226349302906,1.09921792099737
"do_hat[35]",0.0452110945513982,0.0305725134264732,0.193377013633643,-0.330270670093917,-0.0825803714767497,0.0415586645784264,0.171898867721532,0.42529660354328,40.0080523011593,1.03361383154151
"thermal_hat[1]",-0.478728995891139,0.00280283904317058,0.227442983585263,-0.940847175105948,-0.624860177858164,-0.47271971153005,-0.322586830346055,-0.0527541316586448,6584.893729646,1.00275346565251
"thermal_hat[2]",-0.603738964072616,0.00414660171320255,0.256331638101339,-1.11805889906032,-0.775797378885854,-0.597334218590648,-0.43057182650459,-0.107852967463593,3821.37607522665,1.00032837825878
"thermal_hat[3]",-0.436119222888834,0.0181290683299484,0.229212340322289,-0.908827218836085,-0.57887253356233,-0.422343920716386,-0.276533938384622,-0.0248094511039447,159.854556221258,1.01715970784892
"thermal_hat[4]",-0.174232178590935,0.00270866255449592,0.212775475456444,-0.594593012380606,-0.312315518636422,-0.17324225375882,-0.0388161467217371,0.26298094326914,6170.68434916947,1.0013095509184
"thermal_hat[5]",-0.42073295550505,0.00257275231138449,0.224565171920936,-0.891247097224509,-0.559905630681806,-0.40992083352787,-0.269562637774778,-0.00777562934601344,7618.83993811098,1.00302673337422
"thermal_hat[6]",-0.325177370330677,0.00243641585632523,0.217972088376394,-0.764235937252548,-0.466907535037003,-0.32022676974511,-0.177123845931748,0.0840324029855592,8003.84990582676,1.00127050520265
"thermal_hat[7]",-0.307311826058938,0.00324673957823879,0.221906142807215,-0.794747820826753,-0.441917393382365,-0.294207438341248,-0.160253118293398,0.0926555122242517,4671.3643146478,1.00598154072483
"thermal_hat[8]",-0.372858638732749,0.0484151056251023,0.253322956908161,-0.936050130815517,-0.521341489240396,-0.347672512990339,-0.200391473681767,0.0643594859798445,27.377092921211,1.05109781949106
"thermal_hat[9]",0.675434934079415,0.0563072202424966,0.305255714646278,0.164789282648871,0.464257036780738,0.645542064157522,0.858509863687447,1.36668390520844,29.3899894787913,1.05184631963961
"thermal_hat[10]",0.927111603173149,0.0055301638340973,0.293865905215755,0.356744303728454,0.737192260449797,0.927474691409784,1.11883372288513,1.5085155851837,2823.72505610474,1.00717469783779
"thermal_hat[11]",0.292368470234001,0.0040914406762469,0.216804649278086,-0.113491748641794,0.149319244587122,0.283693280868441,0.428565912857872,0.740758083250357,2807.91958092829,1.0065152456774
"thermal_hat[12]",0.658538132496042,0.0169115962079519,0.2509002773756,0.183870608129511,0.493323342258733,0.651241649446048,0.819474855445148,1.17111419250308,220.106608316633,1.01448402707313
"thermal_hat[13]",0.817155067407289,0.0236372488381877,0.279132274441579,0.292548981096007,0.635339938070301,0.806672965419405,0.996029091424133,1.38936665479903,139.452483909049,1.01955578008444
"thermal_hat[14]",1.06103728195144,0.0121851960580565,0.32413655077171,0.439628285336089,0.847868475822647,1.05920542285454,1.27092417053273,1.72164074765483,707.605125588644,1.01108545664825
"thermal_hat[15]",0.257642430844975,0.00501972287312946,0.226441473861047,-0.158708356462255,0.10655338141229,0.244522236847787,0.398639808948068,0.73260743594734,2034.94400335793,1.00472444683205
"thermal_hat[16]",0.709248480898119,0.00468879526153474,0.263320942935986,0.212197330365259,0.533943591752926,0.705292543075497,0.877086257107235,1.257601551359,3153.90250629145,1.00638633740708
"thermal_hat[17]",0.720210992192731,0.0348986984983363,0.276612539265942,0.219142907720495,0.534676271217705,0.704348158924352,0.886964344123466,1.31437166415382,62.8239538290067,1.0293899307067
"thermal_hat[18]",0.162668378494946,0.00430917557840347,0.213695514899585,-0.237849330830199,0.0167929514951342,0.1521383069915,0.298855166315142,0.598916185865838,2459.24860986931,1.00412657370646
"thermal_hat[19]",1.12541331679271,0.0623998236417542,0.369537196007269,0.450699647260725,0.879974411944905,1.10767235904432,1.34621310375467,1.91625246553338,35.0711166404411,1.04489270635584
"thermal_hat[20]",0.968995121006644,0.0254564829521043,0.297992169643126,0.399561700351251,0.774074633001055,0.964639506369005,1.1589970993636,1.56479598372141,137.029130236637,1.01907832374939
"thermal_hat[21]",0.491744047200702,0.00317699994757417,0.239689743599527,0.0318313352827162,0.333356122678235,0.487804933420572,0.640653200986821,0.988741578297917,5691.99469103686,1.00483479513202
"thermal_hat[22]",-0.537018006817775,0.00277079194203262,0.241483145010989,-1.01883932010523,-0.695537126545535,-0.533671913753289,-0.378452992784442,-0.0740515895766633,7595.66521804159,1.00056080367416
"thermal_hat[23]",-0.516692044343042,0.00574373718263712,0.26165778062752,-1.03711302735274,-0.689579650660887,-0.517812202931947,-0.349308830572918,0.0113124112151733,2075.28710537677,1.00112288193435
"thermal_hat[24]",-0.276401355863546,0.00750342132727508,0.265861238101047,-0.752230279161422,-0.450096046313834,-0.296839723273061,-0.126446153515678,0.323816718895908,1255.42675275346,1.01203528185902
"thermal_hat[25]",-0.581835974862773,0.00676593019494629,0.241007862467613,-1.07452278573244,-0.738919396922458,-0.572585048242707,-0.417053572575288,-0.134350814447004,1268.84156300111,1.00978864612055
"thermal_hat[26]",0.162626296329944,0.00435705723126252,0.225504555887386,-0.305631321984798,0.0168923743593233,0.169548742065742,0.312370990323257,0.584222859389999,2678.70020953423,1.00155565643757
"thermal_hat[27]",-0.375615149077529,0.00397281869156455,0.236721114417044,-0.821702697167792,-0.534114546846276,-0.379095575535672,-0.226276092172264,0.105675976845624,3550.39360282525,1.00072200070346
"thermal_hat[28]",-0.602380570411754,0.0480389261973646,0.278992557856294,-1.24371215848921,-0.762143669477137,-0.574527194811506,-0.412158525371075,-0.132058689443822,33.7286263992198,1.04321834593168
"thermal_hat[29]",-0.378668871114616,0.0584418535401521,0.279170192020441,-1.03645022749308,-0.532899842289813,-0.341276766191797,-0.187073729629466,0.0696679862557012,22.8186594789555,1.06343751206839
"thermal_hat[30]",-0.0147965721103023,0.00400231992966962,0.2147587368055,-0.455764937050448,-0.149588197957655,-0.00929608952962463,0.1253011498644,0.39907472054709,2879.24140234764,1.0004418150176
"thermal_hat[31]",-0.303267954979519,0.003071784075357,0.220498072084962,-0.740810764256821,-0.445501225619344,-0.303696754735673,-0.162599508149286,0.135048732665353,5152.62129377279,1.00045717727735
"thermal_hat[32]",-0.433741432967064,0.0350184929397055,0.243423923179575,-0.972903019506761,-0.580219609040182,-0.416550612778033,-0.269254291706341,-0.0088789155004914,48.3205213525745,1.03208156027432
"thermal_hat[33]",-0.537091273111518,0.0333834173118565,0.274060127251052,-1.16331980245151,-0.691236030745196,-0.509509439463939,-0.352228277087392,-0.0745530881187718,67.3953801382806,1.02819313020576
"thermal_hat[34]",-0.553726510697007,0.0607559740245038,0.297643436814233,-1.2606713238488,-0.713828920626476,-0.516372138014073,-0.353248849521317,-0.0639526580255149,24.000188109551,1.05721424722733
"thermal_hat[35]",-0.260256530423526,0.00268576830256878,0.215668766938698,-0.684154867683967,-0.398999319671285,-0.26308909376104,-0.125340861001041,0.175118556780788,6448.1840152036,0.9997659408934
"canopy_hat[1]",0.773765082293059,0.0131828793912737,0.252537843600365,0.20941939023706,0.625293952558851,0.802533635588264,0.937886844311777,1.22421984872311,366.971534511312,1.01541225049044
"canopy_hat[2]",0.980878324100066,0.0357651628327126,0.30595047637008,0.288460492777131,0.792494671275612,1.02528094724523,1.21417247049765,1.45513665079944,73.1782221472031,1.03393098404685
"canopy_hat[3]",0.68811633862443,0.00222148125681798,0.224736441245645,0.246681338074096,0.549234029579284,0.674518930438561,0.824946205026266,1.15439532924653,10234.3836287496,0.999998264188148
"canopy_hat[4]",0.285394300736951,0.0185702251663218,0.245549393835706,-0.248023319445836,0.137744976261848,0.308235839703674,0.443011587456215,0.742323052687364,174.84104495963,1.0168029271685
"canopy_hat[5]",0.671234518675872,0.00590075738295879,0.235331941126099,0.16835843604775,0.536011036274531,0.678702649875029,0.814777716081279,1.13702401897015,1590.54601272453,1.01069030336322
"canopy_hat[6]",0.518453340690987,0.00681794917517324,0.238451723496042,-0.00210367420670739,0.37288051577618,0.538069750940779,0.673649862709751,0.959181508020133,1223.18856593031,1.00789408376597
"canopy_hat[7]",0.478917150625788,0.00250727669014295,0.228694759556777,0.0233402932556436,0.34054569762631,0.471600027586726,0.613165598123526,0.951739081333718,8319.70447373968,1.00029829364213
"canopy_hat[8]",0.570491893526014,0.0428776996465717,0.252699111201982,0.123162403635141,0.399334151212094,0.542530886886593,0.722031834668102,1.1201496429331,34.7331741046068,1.04409773422286
"canopy_hat[9]",-1.06414406334129,0.0229562330029715,0.265893661754302,-1.64048092870114,-1.23969858300794,-1.04266250338607,-0.860588352286604,-0.628120376371827,134.157427393662,1.02306228205737
"canopy_hat[10]",-1.50773502385774,0.0347663643960133,0.312494801128724,-1.98517571306072,-1.7391218060183,-1.55385088408312,-1.31593938368261,-0.783476204818639,80.7917541104384,1.03349385573009
"canopy_hat[11]",-0.478576493767019,0.00348646229492378,0.2417705488313,-0.974614838456504,-0.627851833877627,-0.46576074842388,-0.330009278274223,0.0140662967107985,4808.80146347963,1.00008911647867
"canopy_hat[12]",-1.06514402125905,0.00518956790908291,0.251149465819508,-1.50875263292422,-1.23406142873805,-1.09109094491241,-0.911969689000867,-0.522611072062228,2342.08212121964,1.00493322168822
"canopy_hat[13]",-1.31843312516904,0.0048234172085948,0.254413546462716,-1.78069673674896,-1.47846810770204,-1.34440113042261,-1.17453274473843,-0.753233697798972,2782.08764092435,1.0067605381269
"canopy_hat[14]",-1.71794288296155,0.028118484872358,0.326683154212077,-2.21120244733731,-1.96935012699783,-1.76693094784808,-1.51224196716111,-0.979367009927285,134.980070037362,1.02959195424644
"canopy_hat[15]",-0.424454818587444,0.00691562385041794,0.274293502984252,-1.02938067484327,-0.589678263738556,-0.399273631203306,-0.242475507992103,0.0682845197333768,1573.14340846318,1.0011382980909
"canopy_hat[16]",-1.15611654610537,0.0127609449077605,0.283592276836879,-1.63858953235817,-1.34242015478404,-1.19751516164458,-1.00541419604023,-0.46194716275494,493.881924000264,1.01865428812572
"canopy_hat[17]",-1.14980975608793,0.00314304667298051,0.237147431299073,-1.65165548209162,-1.29262586625689,-1.13196146635091,-1.0018207165385,-0.688973103367688,5692.9214225714,0.999922642572862
"canopy_hat[18]",-0.271032956677925,0.00518642219863187,0.25459326396501,-0.820703846680721,-0.427737588242716,-0.245339211642276,-0.102838729782418,0.187804373511914,2409.67284144835,1.00127567667862
"canopy_hat[19]",-1.79027523049348,0.00338139920578584,0.251493997711422,-2.2996199282895,-1.93640810378,-1.79611607647967,-1.64295281176913,-1.27137894202396,5531.74760118515,1.00107637456908
"canopy_hat[20]",-1.56791040399023,0.00938473165441609,0.282452656314407,-2.02952816109174,-1.77028685316785,-1.60639910981829,-1.39740518846212,-0.933753298110579,905.831895796603,1.01465537655319
"canopy_hat[21]",-0.802133766855358,0.00558055876562338,0.265555419634666,-1.26699325410419,-0.974225281457508,-0.837557211007731,-0.649249592634969,-0.188601650098182,2264.40949276354,1.00735901407109
"canopy_hat[22]",0.86705488734996,0.0333753780827375,0.269156074097331,0.250500376781852,0.708635819666645,0.905236680327323,1.05048456576382,1.31754940393614,65.0363233742273,1.03286623100778
"canopy_hat[23]",0.852702546669431,0.0400323228976981,0.339167288214746,0.0652910410443626,0.649281199256874,0.90193295281609,1.11050181051944,1.35799503885106,71.7804763508573,1.0397339106589
"canopy_hat[24]",0.474260015497029,0.053983549803727,0.344285844602039,-0.358910602787284,0.284264578976353,0.537441326414108,0.729499359508059,0.981476231938116,40.6738662001034,1.05066343700465
"canopy_hat[25]",0.928922124592214,0.0062448967779429,0.235554654843038,0.43089989507539,0.785465608591143,0.950919771303657,1.07889762939956,1.37801511830105,1422.76395187517,1.0094958626022
"canopy_hat[26]",-0.271944035989546,0.00968275748358519,0.280833773111066,-0.734360842174541,-0.486348184588118,-0.302184407919501,-0.0870033893519643,0.342114383033431,841.202511638284,1.01236299378169
"canopy_hat[27]",0.617634469458397,0.0281442934166,0.286893633375239,-0.0648286433414912,0.455516791169093,0.665754828610531,0.816835233783635,1.08213781393835,103.910903652495,1.02770113417174
"canopy_hat[28]",0.938974902093922,0.0117017622800766,0.237667511054623,0.508583025127517,0.784251600690472,0.917303237480952,1.07989905438856,1.45544311848181,412.512481603044,1.01245872880105
"canopy_hat[29]",0.570292627164108,0.0596427392523378,0.283034256677309,0.117537308150909,0.361184954046717,0.528531594232993,0.745782375011525,1.2227025886355,22.5197125739089,1.06504136040239
"canopy_hat[30]",0.0245110947357711,0.00712970937304075,0.263067275271161,-0.437981155228552,-0.157878870700762,-0.00534386647912855,0.187628428702164,0.596238472532671,1361.41333094512,1.00182052286456
"canopy_hat[31]",0.492293388832604,0.00688078828667947,0.256973833951631,-0.0839292373341419,0.340768296181424,0.522144053698688,0.661956710412903,0.950884961644978,1394.76620987082,1.00840919981534
"canopy_hat[32]",0.674798467530192,0.00955069436551004,0.230122644787746,0.225421491163693,0.533374566872666,0.666997134376747,0.80684972306407,1.1577945737105,580.562284212002,1.01098903152571
"canopy_hat[33]",0.833114326597226,0.00362504049604789,0.241201834374689,0.371665058095583,0.684382185281285,0.817472728810171,0.973650589710709,1.35636554649091,4427.2646902041,1.00412526076748
"canopy_hat[34]",0.850884075530498,0.0438768308133835,0.269404246581789,0.378769892004575,0.676485781474953,0.815787351431623,1.00461475437406,1.46419927039124,37.6997414451683,1.04012697165011
"canopy_hat[35]",0.430058448723115,0.00736570038093026,0.256667975973414,-0.14654025911354,0.285826945565248,0.446159282951274,0.593629647820377,0.9111548137735,1214.27002437694,1.01028233993072
"q_hat[1]",0.221612650571985,0.00249167855772255,0.239093583397881,-0.24963203262375,0.067854508634796,0.212485740602241,0.37295721888547,0.703918363395985,9207.71381054406,1.00090245300254
"q_hat[2]",0.277738780769676,0.00287009870648513,0.267307021228858,-0.248573705856758,0.104910710915317,0.273012055040489,0.444387784971897,0.830666017988747,8674.15277029935,1.00032098859799
"q_hat[3]",0.206655550167473,0.0036291242817199,0.235152879563361,-0.243421452095729,0.0538483829149184,0.19779385615875,0.350736879696301,0.685631291489048,4198.52670826917,1.00585355315914
"q_hat[4]",0.0791624301688431,0.00204917207194563,0.199473696049323,-0.313147884541672,-0.0534936282534067,0.0792644796794018,0.212363410211021,0.469277708438844,9475.76786719649,1.00031039001193
"q_hat[5]",0.195430995890018,0.00241183003312895,0.227250899741564,-0.246607402983155,0.0487543661286273,0.189448456322223,0.334811461047962,0.667158214875001,8878.05487372387,1.0013755833725
"q_hat[6]",0.150712665314662,0.00211043621381071,0.214527963869548,-0.262767936437155,0.00998254473437152,0.146048969853912,0.285115502145013,0.594241835105588,10332.92698583,1.00071116017758
"q_hat[7]",0.145603669318361,0.00277662730210865,0.216187445654431,-0.26585041003878,0.00417038044428189,0.135957395907207,0.278960165323638,0.594893163135259,6062.13719683761,1.00238259560063
"q_hat[8]",0.183095558672294,0.0150353504752059,0.237557208167999,-0.252414105527032,0.0246971136303781,0.168516977610334,0.323772928901888,0.698760499889032,249.637206115376,1.01588566796829
"q_hat[9]",-0.319019082665601,0.0103534748220383,0.311092659872789,-0.996337568065305,-0.500936416509028,-0.294625921466186,-0.11567104703383,0.238289619196679,902.832667652178,1.01592951374587
"q_hat[10]",-0.423711381176233,0.00497119308390332,0.345017823931211,-1.10394178480905,-0.646182040016713,-0.422382408632353,-0.198987448267058,0.246869856316511,4816.83533393565,1.00266839862771
"q_hat[11]",-0.130258249918795,0.0027638669259161,0.212941224250491,-0.570151304329249,-0.262884006326889,-0.127800627767247,0.00951569083806291,0.274038930135626,5935.88167825106,1.00189191360115
"q_hat[12]",-0.300312459872855,0.00434843678653846,0.280150844246251,-0.854418356083542,-0.480206102832013,-0.296815511617069,-0.116260585582327,0.237814424118481,4150.66371979202,1.00474744588709
"q_hat[13]",-0.373029924681879,0.00515924254772277,0.317780646308447,-1.01523725985468,-0.576033083873913,-0.36914007161416,-0.16369070257325,0.242753720489803,3793.87481822246,1.00562029905318
"q_hat[14]",-0.486311295854749,0.00578420864246004,0.383041795162762,-1.24364804177676,-0.73740141882525,-0.483381529453931,-0.23573619192509,0.252225946242277,4385.35169128965,1.00350847647454
"q_hat[15]",-0.111960333760521,0.00286799776678292,0.209039601788363,-0.540896423582722,-0.243019345447801,-0.106790286196042,0.0265331703713164,0.287514111880523,5312.50707168517,1.00161094301066
"q_hat[16]",-0.319524281112104,0.00386199583269627,0.289304520131448,-0.903785546061458,-0.504928068106079,-0.31513097112077,-0.130686477668541,0.237557990272931,5611.60168190253,1.00240655396114
"q_hat[17]",-0.331636115900979,0.00596581662534258,0.299126402880934,-0.944713482166456,-0.520518523673869,-0.329175183744069,-0.131430089164621,0.233526688286018,2514.02560566352,1.00850988872159
"q_hat[18]",-0.0715096481869661,0.00261157876653055,0.201951653177367,-0.480082911873779,-0.194959580903921,-0.0676270905242131,0.0620119793945374,0.31608394748583,5979.82628021808,1.00137724232444
"q_hat[19]",-0.52835833730388,0.0118373521399952,0.425296495339652,-1.4437519111433,-0.789390289181947,-0.510384181523986,-0.242639864632969,0.248260773248779,1290.8461187152,1.0121301345302
"q_hat[20]",-0.445053573848183,0.00585486068590308,0.359681063799236,-1.16196646205119,-0.6763969432808,-0.439000748383192,-0.210029533710318,0.251366570337323,3774.00105064921,1.00540129573776
"q_hat[21]",-0.222370019064788,0.00322567252724651,0.24756956447529,-0.719004996092125,-0.384713141672442,-0.214569675318008,-0.0604482651949495,0.245847679618239,5890.52433574135,1.00178141634012
"q_hat[22]",0.24748011242652,0.00268324380456807,0.250976293806936,-0.250169151113897,0.0835732311953518,0.243746037025406,0.402912744616375,0.764061069028322,8748.73240167414,1.0001995924437
"q_hat[23]",0.233363641012747,0.00295158411207783,0.253012096887691,-0.255701505664815,0.0712639320411801,0.226894506425628,0.39071728905483,0.751039050896008,7348.05238895134,0.999699579665794
"q_hat[24]",0.119379430440147,0.00344550710795093,0.227166857738286,-0.338596418824863,-0.0236298260815602,0.120639045949591,0.267801121663915,0.566180789488921,4346.93995358157,1.00388841489241
"q_hat[25]",0.273115860318114,0.00341794839200907,0.262914607997156,-0.241748490096441,0.104170174828226,0.266490200825951,0.433507126513001,0.821703014104849,5916.95725577876,1.00352031655911
"q_hat[26]",-0.0690669518301426,0.00256382804040292,0.203400931139601,-0.471150436647102,-0.199817665210663,-0.0686627572029566,0.0620515693447529,0.334992195897844,6294.01954645207,1.00001355691453
"q_hat[27]",0.169500536733372,0.00240610408051836,0.225747248310834,-0.264472698835122,0.0230207878764936,0.16422906991065,0.313515733362163,0.624562953186827,8802.70426009102,0.999825181361944
"q_hat[28]",0.290372061409745,0.014067194858169,0.284689695494346,-0.236725709536857,0.105446674685628,0.270887385087808,0.461677059738138,0.925024584595884,409.570331026061,1.01360477332787
"q_hat[29]",0.189869161283756,0.0221465283310984,0.251222043574406,-0.252573702733065,0.0253629922053394,0.165665747310691,0.332383028130908,0.756906121366191,128.677962476945,1.02215857949454
"q_hat[30]",0.0117763074852127,0.00229212227124282,0.195157582387202,-0.366589219921017,-0.115444337622721,0.0119906310498315,0.136522174435085,0.406625079362481,7249.2870512422,1.00005075209389
"q_hat[31]",0.141916646907406,0.00216704724407742,0.215946293400238,-0.279079928417608,0.0035179959368989,0.13851983248166,0.277345920575732,0.582353928905497,9930.12576744876,1.00027172630036
"q_hat[32]",0.206065983075597,0.00580128654503913,0.239551923081492,-0.247526403360766,0.0509356237386187,0.194839325846864,0.348415216872106,0.707426608438068,1705.10327588264,1.01001937473579
"q_hat[33]",0.257767971178391,0.00706319506692673,0.266922377380993,-0.2365006665199,0.0831414238361923,0.240875255885302,0.417532019091127,0.841220011685149,1428.12942572577,1.0105135920243
"q_hat[34]",0.268672055565129,0.0167055025281694,0.281656814175724,-0.235180781241791,0.087701095614807,0.245200733340957,0.428183947160518,0.902341034898964,284.263720878253,1.0187473929349
"q_hat[35]",0.122036303608419,0.00204115224229987,0.207306349328573,-0.282077984367772,-0.0124452774067438,0.118025134216284,0.254601390936446,0.544972695323396,10315.1229938219,1.00008651510366
"stream_quality_hat[1]",0.437417288056136,0.587346649112367,0.85701972754812,-1.28444014818034,0.108935708193228,0.791814642480831,0.998932625231939,1.38456025113063,2.1290832690668,3.88450905561603
"stream_quality_hat[2]",0.437417288056136,0.587346649112367,0.85701972754812,-1.28444014818034,0.108935708193228,0.791814642480831,0.998932625231939,1.38456025113063,2.1290832690668,3.88450905561603
"stream_quality_hat[3]",0.437417288056136,0.587346649112367,0.85701972754812,-1.28444014818034,0.108935708193228,0.791814642480831,0.998932625231939,1.38456025113063,2.1290832690668,3.88450905561603
"stream_quality_hat[4]",0.362931910028025,0.451945576997364,0.674991118330292,-1.02067093274637,0.0233088000336528,0.604655654248891,0.805561691034159,1.24439381924268,2.23061098018997,2.9943980590968
"stream_quality_hat[5]",0.437417288056136,0.587346649112367,0.85701972754812,-1.28444014818034,0.108935708193228,0.791814642480831,0.998932625231939,1.38456025113063,2.1290832690668,3.88450905561603
"stream_quality_hat[6]",0.362931910028025,0.451945576997364,0.674991118330292,-1.02067093274637,0.0233088000336528,0.604655654248891,0.805561691034159,1.24439381924268,2.23061098018997,2.9943980590968
"stream_quality_hat[7]",0.362931910028025,0.451945576997364,0.674991118330292,-1.02067093274637,0.0233088000336528,0.604655654248891,0.805561691034159,1.24439381924268,2.23061098018997,2.9943980590968
"stream_quality_hat[8]",0.362931910028025,0.451945576997364,0.674991118330292,-1.02067093274637,0.0233088000336528,0.604655654248891,0.805561691034159,1.24439381924268,2.23061098018997,2.9943980590968
"stream_quality_hat[9]",-0.07448537802811,0.140415371582053,0.229839616079605,-0.42781162201019,-0.231326947730762,-0.133316400721633,0.0865685078578701,0.418544371414272,2.6792945947814,1.93282370196224
"stream_quality_hat[10]",-0.07448537802811,0.140415371582053,0.229839616079605,-0.42781162201019,-0.231326947730762,-0.133316400721633,0.0865685078578701,0.418544371414272,2.6792945947814,1.93282370196224
"stream_quality_hat[11]",0,NA,0,0,0,0,0,0,NA,NA
"stream_quality_hat[12]",0,NA,0,0,0,0,0,0,NA,NA
"stream_quality_hat[13]",-0.07448537802811,0.140415371582053,0.229839616079605,-0.42781162201019,-0.231326947730762,-0.133316400721633,0.0865685078578701,0.418544371414272,2.6792945947814,1.93282370196224
"stream_quality_hat[14]",-0.07448537802811,0.140415371582053,0.229839616079605,-0.42781162201019,-0.231326947730762,-0.133316400721633,0.0865685078578701,0.418544371414272,2.6792945947814,1.93282370196224
"stream_quality_hat[15]",-0.07448537802811,0.140415371582053,0.229839616079605,-0.42781162201019,-0.231326947730762,-0.133316400721633,0.0865685078578701,0.418544371414272,2.6792945947814,1.93282370196224
"stream_quality_hat[16]",-0.07448537802811,0.140415371582053,0.229839616079605,-0.42781162201019,-0.231326947730762,-0.133316400721633,0.0865685078578701,0.418544371414272,2.6792945947814,1.93282370196224
"stream_quality_hat[17]",-0.07448537802811,0.140415371582053,0.229839616079605,-0.42781162201019,-0.231326947730762,-0.133316400721633,0.0865685078578701,0.418544371414272,2.6792945947814,1.93282370196224
"stream_quality_hat[18]",0,NA,0,0,0,0,0,0,NA,NA
"stream_quality_hat[19]",-0.07448537802811,0.140415371582053,0.229839616079605,-0.42781162201019,-0.231326947730762,-0.133316400721633,0.0865685078578701,0.418544371414272,2.6792945947814,1.93282370196224
"stream_quality_hat[20]",-0.07448537802811,0.140415371582053,0.229839616079605,-0.42781162201019,-0.231326947730762,-0.133316400721633,0.0865685078578701,0.418544371414272,2.6792945947814,1.93282370196224
"stream_quality_hat[21]",0,NA,0,0,0,0,0,0,NA,NA
"stream_quality_hat[22]",0.437417288056136,0.587346649112367,0.85701972754812,-1.28444014818034,0.108935708193228,0.791814642480831,0.998932625231939,1.38456025113063,2.1290832690668,3.88450905561603
"stream_quality_hat[23]",0.437417288056136,0.587346649112367,0.85701972754812,-1.28444014818034,0.108935708193228,0.791814642480831,0.998932625231939,1.38456025113063,2.1290832690668,3.88450905561603
"stream_quality_hat[24]",0.437417288056136,0.587346649112367,0.85701972754812,-1.28444014818034,0.108935708193228,0.791814642480831,0.998932625231939,1.38456025113063,2.1290832690668,3.88450905561603
"stream_quality_hat[25]",0.437417288056136,0.587346649112367,0.85701972754812,-1.28444014818034,0.108935708193228,0.791814642480831,0.998932625231939,1.38456025113063,2.1290832690668,3.88450905561603
"stream_quality_hat[26]",0.362931910028025,0.451945576997364,0.674991118330292,-1.02067093274637,0.0233088000336528,0.604655654248891,0.805561691034159,1.24439381924268,2.23061098018997,2.9943980590968
"stream_quality_hat[27]",0.437417288056136,0.587346649112367,0.85701972754812,-1.28444014818034,0.108935708193228,0.791814642480831,0.998932625231939,1.38456025113063,2.1290832690668,3.88450905561603
"stream_quality_hat[28]",0.437417288056136,0.587346649112367,0.85701972754812,-1.28444014818034,0.108935708193228,0.791814642480831,0.998932625231939,1.38456025113063,2.1290832690668,3.88450905561603
"stream_quality_hat[29]",0.362931910028025,0.451945576997364,0.674991118330292,-1.02067093274637,0.0233088000336528,0.604655654248891,0.805561691034159,1.24439381924268,2.23061098018997,2.9943980590968
"stream_quality_hat[30]",0.437417288056136,0.587346649112367,0.85701972754812,-1.28444014818034,0.108935708193228,0.791814642480831,0.998932625231939,1.38456025113063,2.1290832690668,3.88450905561603
"stream_quality_hat[31]",0.362931910028025,0.451945576997364,0.674991118330292,-1.02067093274637,0.0233088000336528,0.604655654248891,0.805561691034159,1.24439381924268,2.23061098018997,2.9943980590968
"stream_quality_hat[32]",0.362931910028025,0.451945576997364,0.674991118330292,-1.02067093274637,0.0233088000336528,0.604655654248891,0.805561691034159,1.24439381924268,2.23061098018997,2.9943980590968
"stream_quality_hat[33]",0.362931910028025,0.451945576997364,0.674991118330292,-1.02067093274637,0.0233088000336528,0.604655654248891,0.805561691034159,1.24439381924268,2.23061098018997,2.9943980590968
"stream_quality_hat[34]",0.362931910028025,0.451945576997364,0.674991118330292,-1.02067093274637,0.0233088000336528,0.604655654248891,0.805561691034159,1.24439381924268,2.23061098018997,2.9943980590968
"stream_quality_hat[35]",0.437417288056136,0.587346649112367,0.85701972754812,-1.28444014818034,0.108935708193228,0.791814642480831,0.998932625231939,1.38456025113063,2.1290832690668,3.88450905561603
"stream_quality[1]",0.445508062418426,0.605282900700324,0.892623934136154,-1.37656329179138,0.0499816535520855,0.788706783216493,1.03107560813086,1.52834578797964,2.17480460816463,3.37343576837994
"stream_quality[2]",0.484540129691578,0.686156584524332,1.0064005352585,-1.55089560909754,-0.113070888065127,0.890137577510027,1.13566265010635,1.65566998408845,2.15127161813006,3.60149374055459
"stream_quality[3]",0.450673375911502,0.566443734392214,0.841342697176697,-1.24724282304857,0.149913666832049,0.752420387114128,0.998879177352398,1.5419784426771,2.20613611531487,3.1410805854176
"stream_quality[4]",0.301575878486752,0.4227622301487,0.635542332695011,-1.00870985531609,-0.154780735367877,0.521170147511137,0.720412048798834,1.15265931151251,2.25993842776943,2.81851621326233
"stream_quality[5]",0.422498522884736,0.566993817332732,0.839601966866527,-1.29360385865296,-0.0747121185000514,0.736074756627787,0.965807715458176,1.46717979676623,2.19275569742594,3.22984871757918
"stream_quality[6]",0.378317356190992,0.507754992086075,0.755600141552868,-1.17710556672723,-0.155618119384785,0.654126336474341,0.870526941671974,1.34158010379487,2.21449986085595,3.07335064958155
"stream_quality[7]",0.38295030071868,0.491603950620545,0.736795657605099,-1.12579559711303,0.0188822923418844,0.633456875151669,0.861026451490435,1.36435621794917,2.24627739484458,2.90198764066994
"stream_quality[8]",0.454315899958116,0.511581121998974,0.773540228384895,-1.0945170390098,0.079927491291624,0.701859642925736,0.962176177695579,1.54400587176076,2.28631880551771,2.73072968211767
"stream_quality[9]",-0.102506524538903,0.0909656350875113,0.249679732539335,-0.657066090589347,-0.227585486962929,-0.0843330283748148,0.0416934147240335,0.351114722194947,7.53376152735879,1.17373382867922
"stream_quality[10]",-0.150304961476392,0.277986842092291,0.442861448727329,-0.807057252903309,-0.445485360264534,-0.274550939044476,0.132323006287598,0.800728988594923,2.53797460840144,2.09934933873234
"stream_quality[11]",0.105868604350415,0.132420600526451,0.249735079980479,-0.409036732489245,-0.0463626897697067,0.131603830690398,0.264795382799171,0.576267752804598,3.55670623909889,1.47633655600564
"stream_quality[12]",-0.0528416306249886,0.103985959075358,0.223739195141819,-0.472927687859749,-0.197105196231716,-0.0708423424091341,0.0852720741906377,0.407105225821863,4.62950693991232,1.30869849495826
"stream_quality[13]",-0.124137757303005,0.200149044542448,0.336963822615465,-0.690197307513923,-0.343173106748204,-0.194564226327743,0.0956183514122794,0.585759836287004,2.83438936702973,1.78840220491302
"stream_quality[14]",-0.213180007580843,0.356884330513128,0.550987424076608,-0.968716413734877,-0.584379607828624,-0.387591360050931,0.105224077963198,0.963840762024475,2.38357275568233,2.40309780248046
"stream_quality[15]",0.122538861741852,0.152735855715319,0.286479460804468,-0.473138533789886,-0.0529202148307097,0.158964127435797,0.303054313838058,0.642711137642495,3.51807404929397,1.4884378792721
"stream_quality[16]",-0.0609330564888387,0.14257716676716,0.276131403242221,-0.545669978486686,-0.250322221493986,-0.100712797401433,0.131391427642789,0.512476783657078,3.75086677629744,1.43624399924346
"stream_quality[17]",-0.09577220408475,0.134441610214747,0.265087571729921,-0.628360932871126,-0.251005135043631,-0.112191036087143,0.0654671350344919,0.452294814278809,3.88786631319003,1.40796232871686
"stream_quality[18]",0.160651767177878,0.211008648372934,0.343783132680878,-0.562396466805081,-0.0375094987430901,0.241570262074841,0.384051955385382,0.710159200979344,2.65441374931859,1.93906372935457
"stream_quality[19]",-0.290071735369452,0.37401461636522,0.583861870746232,-1.21460556425007,-0.648916844435947,-0.4453603064415,0.0197873348032694,0.893442882606735,2.43693014193331,2.28193858524087
"stream_quality[20]",-0.187216695387371,0.29619296096445,0.465217147846001,-0.871704290701932,-0.492150785926618,-0.320618080937228,0.0902625936687173,0.812171605531949,2.46695917317789,2.2150737211817
"stream_quality[21]",0.0319473425312497,0.00401863437280086,0.181427396997102,-0.302975903552109,-0.0790713174588556,0.0202376501349762,0.130959716111959,0.433780436392878,2038.20916489386,1.0004206173095
"stream_quality[22]",0.459668545491423,0.643879937527665,0.947096194189392,-1.47638932657262,0.0105560218039636,0.828808498509706,1.07850028734927,1.58692603646948,2.16360709237953,3.47688627334199
"stream_quality[23]",0.435939201823727,0.639213137948441,0.940998906704412,-1.48323386162843,-0.0345813403695827,0.813260627328542,1.05356521632322,1.54135095834745,2.16713942270215,3.43939024734963
"stream_quality[24]",0.316791160302251,0.499706013221416,0.747301393771316,-1.20025116619268,-0.256980605333315,0.61197538780745,0.817414873235497,1.24069088224645,2.2364666859004,2.95495211007877
"stream_quality[25]",0.500078500051887,0.662585915801994,0.975700630360392,-1.48048125386007,0.0561314610922579,0.874075818305457,1.13498791956693,1.66040478655063,2.16844679583367,3.43539182587823
"stream_quality[26]",0.186976290010073,0.20242679374297,0.360540930257141,-0.594498411226501,-0.0287898469426172,0.22748065960231,0.425252533154819,0.826581228851059,3.17229200908821,1.61107988041484
"stream_quality[27]",0.383103955821616,0.547452067372791,0.809070412656949,-1.27256324584032,-0.1175925372899,0.697733128645728,0.916205782533547,1.34636451394298,2.18413982986911,3.29068074861215
"stream_quality[28]",0.544231071845029,0.656326244398623,0.975662467062765,-1.41953103892366,0.0933526458059944,0.894365923965182,1.17692982045375,1.81196354103169,2.2098340211279,3.12698119361594
"stream_quality[29]",0.471517756061693,0.508951314225276,0.778640305166106,-1.07068965640417,0.0978022878879689,0.698151189932873,0.975893770910681,1.6376625391411,2.34056809567285,2.54906835598469
"stream_quality[30]",0.24594025228573,0.321754589255088,0.50334353123928,-0.848584383857225,-0.0727957770297808,0.385397961093171,0.574028853715126,0.998481470222057,2.44725645733515,2.25310414553614
"stream_quality[31]",0.366767170591877,0.497559252026752,0.741892914689408,-1.15902211925372,-0.195145599472386,0.635917320484181,0.855613660934636,1.31532649258661,2.22327320738175,3.01114828053261
"stream_quality[32]",0.462755860509646,0.556671090651421,0.831534390732821,-1.20695316301296,0.0643431789295685,0.751366842917831,0.998968711327999,1.57716510689032,2.23132635640744,2.9828714483597
"stream_quality[33]",0.505744746752101,0.6208703556728,0.927360568504182,-1.35794962762659,0.177500716508462,0.822410194400341,1.10283165965489,1.74562545117147,2.23097859096199,2.99455060907747
"stream_quality[34]",0.53989744659252,0.618381747566009,0.930595599073895,-1.32253465747327,0.0538113515369626,0.842187811795402,1.14186436588996,1.82331006406054,2.26468948772776,2.8319775590819
"stream_quality[35]",0.347651187999968,0.475296274865138,0.709625387379815,-1.11438229917154,-0.181037660100664,0.607021065421941,0.813328919278379,1.26320948520281,2.2290995673408,2.9777503671424
"trout_logit[1]",0.932261831278399,0.00623111071907082,0.56928575105971,-0.081659184295738,0.54091603134379,0.904226404191073,1.27307153301633,2.14029128333186,8346.98611672763,1.00066762115375
"trout_logit[2]",1.13936358495954,0.00895993447630932,0.614765966215378,0.0328982946461433,0.722175075305615,1.11165212426143,1.52211689603387,2.43493012975174,4707.712862227,1.00468166071859
"trout_logit[3]",0.860165962311286,0.00844809270952217,0.572365821181901,-0.127388382858044,0.462247991327091,0.821304495627628,1.19716075691234,2.11624567733524,4590.18343757849,1.00173097142252
"trout_logit[4]",0.394719405077121,0.00554865714355566,0.501202040544399,-0.582632489834324,0.0684817352143884,0.387459187879598,0.709932356381036,1.42024172520254,8159.24324382506,1.00277451653805
"trout_logit[5]",0.829925963855846,0.00634143550815292,0.555045085094573,-0.161802579454021,0.45830989271692,0.803834130167992,1.1549768773498,1.99928491656448,7660.92767941675,1.00030700975798
"trout_logit[6]",0.653461369037914,0.0053493760445036,0.52008491827794,-0.310673996400428,0.306570237325471,0.631972756616983,0.970294212344795,1.73272409482812,9452.40373301688,0.999892194794887
"trout_logit[7]",0.631557269336379,0.00675815465935822,0.535738095954236,-0.310711872005082,0.270149911002005,0.590706958497358,0.945015463612468,1.81023975825598,6284.18276161971,0.999969549365491
"trout_logit[8]",0.743280720054202,0.0402784501743628,0.590868795941332,-0.245144961742854,0.341120889234,0.685560488646362,1.07370601498367,2.08413250812574,215.197195673539,1.01886647129392
"trout_logit[9]",-1.12057741392541,0.018959098701369,0.751284774792244,-2.87760712842314,-1.54011060546169,-1.02285173361444,-0.596127709829451,0.0678407056465417,1570.26807211892,1.00667627248088
"trout_logit[10]",-1.55181933251815,0.0126944087444862,0.785151144527272,-3.26786604565041,-2.03396512076929,-1.48300665542449,-1.00109412145589,-0.182490372210051,3825.44163500849,1.00492303027553
"trout_logit[11]",-0.441624714250764,0.00774764056868837,0.52966678826854,-1.55634839441463,-0.767631841959871,-0.412052145799778,-0.0856470982215952,0.494592345579516,4673.76159130267,1.00034503852716
"trout_logit[12]",-1.08062862431338,0.00960525132823199,0.652904790917354,-2.51961222593715,-1.47470005235969,-1.03048906225554,-0.622795773993324,0.0490857847380365,4620.42840250046,1.0008080984083
"trout_logit[13]",-1.3577774749906,0.0118775956644321,0.727360790079826,-2.94680833851414,-1.78586569356894,-1.29554039071185,-0.847448640540485,-0.0998729801663257,3750.09869460664,1.00073034072048
"trout_logit[14]",-1.78462114528646,0.014333432640151,0.862825071591541,-3.71337186448854,-2.29581463309975,-1.71508993394222,-1.18635839694908,-0.291162308061928,3623.64039768212,1.00336280094497
"trout_logit[15]",-0.380545480830617,0.00992601417171301,0.536142264655495,-1.56738329082272,-0.700701667463551,-0.341580127043843,-0.023457853105388,0.573656470325492,2917.49625396523,1.00036637297362
"trout_logit[16]",-1.16844605744042,0.0105192297652376,0.682518847363841,-2.68967834752797,-1.57448264293999,-1.10498168240906,-0.698699166718155,0.0134381449034055,4209.79952564913,1.00357859793542
"trout_logit[17]",-1.19332095633366,0.0143566489241199,0.711109101973084,-2.77797485508616,-1.60971828886718,-1.12581992923591,-0.704404871251575,0.00912095754170403,2453.38843862997,1.00142708556939
"trout_logit[18]",-0.214501336020233,0.00770999793661604,0.50418053951153,-1.26627697288087,-0.527464343658003,-0.184819290877145,0.125369740617065,0.690464566544669,4276.25538079245,1.00013205405699
"trout_logit[19]",-1.90972791098024,0.020621591828477,0.974591028832581,-4.118392218837,-2.46338531165496,-1.79927921441198,-1.24006312276643,-0.297767807069705,2233.5745157648,1.00234270058504
"trout_logit[20]",-1.63142298646814,0.0129058477994761,0.819011850307386,-3.40039933384757,-2.12504672723694,-1.55846516252566,-1.06421231477143,-0.209604574542771,4027.23797150929,1.00142370241972
"trout_logit[21]",-0.771805913419818,0.00732916588905094,0.563730296203543,-1.97495269900723,-1.13236560491236,-0.733106854724873,-0.384479372800756,0.244816392039355,5916.07468041162,1.00177018139331
"trout_logit[22]",1.0318350919939,0.00671642683652929,0.597532927224737,-0.0471016800810535,0.626455945837319,0.999320750298374,1.4045701841239,2.30019941895912,7914.9305396696,1.00296086055659
"trout_logit[23]",0.98412188589062,0.0132294945774751,0.602312543912946,-0.146162465422226,0.580228279896024,0.96653144762304,1.37261118737494,2.21979056294583,2072.79957407465,1.00970523586246
"trout_logit[24]",0.561849066719692,0.0513529315505752,0.580413601226266,-0.687697315831948,0.215223853876341,0.576534130512722,0.936370654027715,1.65652084488423,127.745226348807,1.01978689252669
"trout_logit[25]",1.11590412644024,0.00788641640604967,0.622756259034493,0.0231630289645985,0.689368531832601,1.06800109264345,1.49058683027001,2.4673662755915,6235.57911385253,0.999953941364352
"trout_logit[26]",-0.199319482500518,0.00959945180237098,0.514398760284454,-1.22512378181634,-0.529861579348718,-0.189158395894469,0.142936901261274,0.808557744511879,2871.48770898563,1.00511374469099
"trout_logit[27]",0.737928408270696,0.00725301018293628,0.546965586969657,-0.324982620584344,0.381408986538713,0.728531377993214,1.09053071645801,1.82558971269702,5687.00266314473,1.00531430752079
"trout_logit[28]",1.14836058256817,0.0148495517233803,0.674623756642695,0.0361151731736896,0.693600858857381,1.08284242994615,1.52862099713602,2.69826689453693,2063.93765487561,1.00715137996422
"trout_logit[29]",0.759265627126492,0.0690855192827581,0.643832962015137,-0.264842129344283,0.31831312585995,0.680772816907343,1.09053454584458,2.2623232242838,86.850507779787,1.02745459731713
"trout_logit[30]",0.123595459155881,0.0083451974685969,0.493730937043207,-0.820880441167609,-0.202749191261087,0.116239687267402,0.443527823786325,1.12224934388305,3500.31755732356,1.00053458954088
"trout_logit[31]",0.621308978879605,0.00571627443953009,0.526848894417417,-0.36760625319143,0.275053454356179,0.606733197313275,0.942884333414114,1.70513419530429,8494.66005532417,1.0003812652485
"trout_logit[32]",0.847915124120352,0.0107200639943952,0.582299013773948,-0.150604818233412,0.445142272486786,0.805041145183219,1.18078419784644,2.14733675176582,2950.51178236327,1.00666175504258
"trout_logit[33]",1.03368070298197,0.0124178678156832,0.663142774695267,-0.0435259810400779,0.586842725741366,0.962829933121296,1.38455075308265,2.58526294292249,2851.80626663321,1.00456024672927
"trout_logit[34]",1.06318204416473,0.0389285153626083,0.697375125405813,-0.0532146735493613,0.59458873147008,0.981394467619352,1.42668771519703,2.72351616208075,320.920324596677,1.01599729905758
"trout_logit[35]",0.550665506076173,0.00586159042788788,0.519640605872225,-0.425868717422286,0.203163916030116,0.536595394936552,0.870456196671094,1.63401828726684,7859.14356634708,1.00082206004426
"conduct_rep[1]",-0.61005541585026,0.00862570107819439,0.761053417928221,-2.12077817840683,-1.11131512949681,-0.603880315690055,-0.10803477848208,0.885044462526531,7784.69271044749,1.0000104157055
"conduct_rep[2]",-0.76270743704508,0.00862377270853838,0.768528319002152,-2.27943112158221,-1.25623500192034,-0.764933688485553,-0.260513543343778,0.764584278577962,7941.9134014407,1.00053902487916
"conduct_rep[3]",-0.54946756468176,0.0091924162502651,0.760121075903728,-2.04328382660145,-1.0513934240287,-0.55647275777126,-0.0477983465530483,0.945644771848855,6837.63926944778,1.00260907468458
"conduct_rep[4]",-0.239868309582663,0.00828798328101649,0.747619483046644,-1.68137609287914,-0.736762633546515,-0.237244684224152,0.256534866417996,1.25296966816812,8136.98449773328,0.99999703149428
"conduct_rep[5]",-0.532661124804636,0.00829424694897535,0.757933259500781,-2.00258005577131,-1.04419120581472,-0.543376296767165,-0.0241131359914294,0.987670456955922,8350.4139848628,0.999916655272412
"conduct_rep[6]",-0.407934974791774,0.0084986718167819,0.758454507361112,-1.89927285901915,-0.911417009655176,-0.407170499308035,0.0843443991199201,1.08921023145831,7964.47136884594,0.999861526254
"conduct_rep[7]",-0.403228902615148,0.00871403548193983,0.752607699619509,-1.86667515142953,-0.898476273311833,-0.408188591306357,0.108861573890151,1.07774931869345,7459.31017112023,0.999980748393502
"conduct_rep[8]",-0.482894419658973,0.0106716778361284,0.759200043594694,-1.95940057214209,-0.985410749773272,-0.501134440437434,0.00211942467022693,1.06534134766853,5061.12468597201,1.00575291112684
"conduct_rep[9]",0.800800605538242,0.0203594580852641,0.798219375835238,-0.767370092264595,0.274626140238123,0.808977107073943,1.34333258090702,2.32200454512416,1537.13532427127,1.01158268448058
"conduct_rep[10]",1.08731739008202,0.00846677168291055,0.776837662561817,-0.450063019476881,0.578543521626413,1.08163494003965,1.59997974661102,2.61767773797386,8418.30872081151,1.000314612795
"conduct_rep[11]",0.317564910151414,0.00841529888037577,0.75249853631092,-1.16616035041805,-0.185568537281911,0.324668104790156,0.818926455407577,1.78432720025721,7995.98975112258,1.00161607825132
"conduct_rep[12]",0.771520300502744,0.00853390727025777,0.757131859290683,-0.71599056409408,0.270331572813673,0.770744488565633,1.27279713732525,2.30110371133057,7871.31338308315,1.0010488631311
"conduct_rep[13]",0.961017703375727,0.00891579567416774,0.773062680733852,-0.534456620620037,0.445958674756217,0.955505988437547,1.48097021148594,2.48008641504869,7518.1191215722,1.00198011468412
"conduct_rep[14]",1.24809987733436,0.00862067846632481,0.784930143561682,-0.309492806024709,0.732113511780141,1.24551758621736,1.7658245200873,2.78670183882661,8290.46940462817,1.00071775792969
"conduct_rep[15]",0.284890694079901,0.00836305522857056,0.758304058767892,-1.21358154190651,-0.216056040424184,0.271709184974333,0.779423722724596,1.82537426730689,8221.60923611284,1.00004781748704
"conduct_rep[16]",0.831464913489859,0.00862276063247344,0.75529008708662,-0.657379604946034,0.3297081185411,0.831471104130103,1.32819677408929,2.34180729833364,7672.46487727018,1.00047459014708
"conduct_rep[17]",0.831669384057908,0.00994182175861546,0.770489251288705,-0.734033793786451,0.32389016971581,0.837646836089175,1.34050586881869,2.33045250999907,6006.21983196344,1.00420905371753
"conduct_rep[18]",0.186920419070034,0.00834160617113877,0.755408279965869,-1.31505714887282,-0.314747613484202,0.188742240935367,0.690467467925132,1.65908277755748,8200.94912836047,1.00001067985329
"conduct_rep[19]",1.33494280786021,0.0240186099001425,0.802487590300686,-0.274156186666415,0.795827731973682,1.35279261959649,1.87802521463989,2.90240320960234,1116.299970301,1.01097729256265
"conduct_rep[20]",1.141920139005,0.00842614981348573,0.762916284082394,-0.374042530321144,0.652734716417233,1.14893789117362,1.64685276020138,2.63592709349265,8197.76409787746,1.00147509599452
"conduct_rep[21]",0.569901971609216,0.00867696389976937,0.75889329586785,-0.948769597049881,0.0784889804951015,0.571677367408324,1.05414831290064,2.062202671944,7649.37322439597,1.00048772339236
"conduct_rep[22]",-0.671705349179063,0.00851253058096764,0.760783006199333,-2.19295565274216,-1.17104637204899,-0.672360595018495,-0.166934242601554,0.804026280814461,7987.37796695082,0.999769719618724
"conduct_rep[23]",-0.654064486879637,0.00938878214848403,0.762055450769165,-2.15350323182884,-1.15596928869981,-0.639053062420806,-0.151984961054767,0.847995075296836,6588.01566979771,1.00006628448352
"conduct_rep[24]",-0.353492397382505,0.0114544710523075,0.777182374632565,-1.88057997987761,-0.88694983228513,-0.340254517659616,0.178701042735474,1.16134972365488,4603.58119863384,1.00323293921309
"conduct_rep[25]",-0.740739451699674,0.00910446602147391,0.754955321226243,-2.22956040831312,-1.22844890791889,-0.751120277773409,-0.241811494317304,0.768292285135886,6875.96317689735,1.00113417288536
"conduct_rep[26]",0.16894343509079,0.00922580115356719,0.75615780533366,-1.30483770430643,-0.319080428531263,0.176475865506959,0.658675329460217,1.65016455975708,6717.63958163007,0.999793114882125
"conduct_rep[27]",-0.482544785345386,0.00991437859388911,0.767050989163175,-2.05271651221722,-0.98464573632358,-0.465509237181298,0.0328332602198512,1.00098281103995,5985.73478990077,0.999890247775706
"conduct_rep[28]",-0.761131333953481,0.0118471737392878,0.777580194652162,-2.27050715917628,-1.27899957522189,-0.768045497696842,-0.240552736924445,0.80510029137777,4307.85290776668,1.00570926197858
"conduct_rep[29]",-0.497378396495622,0.01573516984955,0.779818853053433,-1.98897202043566,-1.0294887093723,-0.509770252109817,0.0234622920483212,1.05880244908313,2456.09177539255,1.01078086702511
"conduct_rep[30]",-0.066434702013238,0.00850972363415765,0.772004985461095,-1.60235564266083,-0.57257263665835,-0.0569650567227089,0.446539477145974,1.42502078152419,8230.17932350955,0.9997498056057
"conduct_rep[31]",-0.397026964595962,0.00867070592159982,0.7525515430691,-1.88272379420432,-0.899953986820468,-0.391795406443506,0.104759440314013,1.09605311500684,7532.92402982149,0.999724101766494
"conduct_rep[32]",-0.548958680390605,0.00905448657978793,0.758224603279212,-1.99434588907025,-1.05067603059091,-0.559696340885135,-0.0525366726002971,0.981164383173088,7012.42269030076,1.00430288521034
"conduct_rep[33]",-0.676828477946365,0.0103751155776928,0.779132344095558,-2.17479720291252,-1.20382993608938,-0.694571052593475,-0.155123625769508,0.883984154728264,5639.4477903435,1.00560309372241
"conduct_rep[34]",-0.684572091078705,0.0208735787752691,0.792415879644227,-2.20951962476867,-1.21482502524963,-0.696800205616366,-0.153431121440078,0.919894727561785,1441.16102853025,1.010881094046
"conduct_rep[35]",-0.366127955819882,0.0085222202868353,0.740900843318172,-1.80804555417229,-0.846213396811341,-0.377355517637595,0.124249664718878,1.13865984415821,7558.13537654024,1.00027675160268
"depth_rep[1]",0.36266253198203,0.131087441146073,0.956896870677941,-1.56896567606534,-0.25219927284732,0.38608420365928,0.99795730539107,2.18898250593344,53.2853835978576,1.02984173255187
"depth_rep[2]",0.432471336720817,0.170010620588867,0.964529193712089,-1.55705086974659,-0.183918582587242,0.454835229291159,1.06773753194429,2.28865114534955,32.1868628070521,1.04573528067949
"depth_rep[3]",0.332288051678777,0.103479614971113,0.962903589626709,-1.61333513456477,-0.301930669712287,0.353047545520354,0.976912328015253,2.21883916350575,86.5876600124465,1.02426902122633
"depth_rep[4]",0.158336512719926,0.0118108828623529,0.931060264228265,-1.69707574150809,-0.442233709366873,0.165989369598039,0.753358381085641,1.9783000872871,6214.28060499448,1.00342910009962
"depth_rep[5]",0.311884603902737,0.0900693674528744,0.941338678914381,-1.56770491548967,-0.31708975472727,0.336860765828948,0.932985289449732,2.11144895755477,109.228905587027,1.02118057512909
"depth_rep[6]",0.246014590255586,0.0386765828465695,0.95033733147604,-1.66312562467885,-0.357040242657249,0.258958617744138,0.869362239578255,2.07176041621248,603.753118206631,1.0130479578544
"depth_rep[7]",0.241199057686129,0.0222933545178357,0.941820006113743,-1.64210925963548,-0.37357221397733,0.255211578117444,0.872828093573216,2.06469448149268,1784.78118144562,1.01132425839519
"depth_rep[8]",0.321849801263362,0.0861727490770706,0.959340245910171,-1.64527689723292,-0.314099392413299,0.340407023606263,0.97412482109248,2.13935861814205,123.938270776336,1.02123728805433
"depth_rep[9]",-0.436804844018965,0.211789877535292,0.99801733384928,-2.33648059332524,-1.09445293763432,-0.468874543815257,0.188541891684167,1.62658685726963,22.2057665703427,1.05490774754831
"depth_rep[10]",-0.569393456049905,0.30421674945254,1.03403802707845,-2.4953325173397,-1.24634908023625,-0.613932695441256,0.069564405291418,1.63142525353874,11.5533193372969,1.10175078841788
"depth_rep[11]",-0.175349359406693,0.0271206298034131,0.924034331383736,-1.94698073623096,-0.788051049716138,-0.196510574981623,0.422486000505491,1.7135362324229,1160.85151675389,1.01216771045372
"depth_rep[12]",-0.400188483064401,0.195538742257697,0.975902242044019,-2.23932245937481,-1.04531634864703,-0.433251126745563,0.210595193920874,1.6251535108916,24.9084668372295,1.05304438315715
"depth_rep[13]",-0.499021951716698,0.256166343705918,1.00220396142015,-2.3846371759875,-1.17867287145407,-0.530231693097084,0.13635455612751,1.61152676426209,15.3062249228019,1.07864889257856
"depth_rep[14]",-0.672666605124266,0.33029866329925,1.04933118423656,-2.61458432294983,-1.37593463092389,-0.722110587012703,-0.0246818529945588,1.56545822107228,10.0927967334736,1.11684839195804
"depth_rep[15]",-0.146141600148335,0.0151678969604072,0.929552082780418,-1.9417929403073,-0.770067985932313,-0.171448054785722,0.452142721334677,1.74473352888009,3755.75035655569,1.00928937632137
"depth_rep[16]",-0.430631451432817,0.192010076015659,0.983647616851335,-2.27591437482661,-1.08021402395426,-0.459578609216947,0.184947516933221,1.61207158470541,26.2440616376863,1.05111755904694
"depth_rep[17]",-0.440084244278501,0.219401467704372,0.98592036414451,-2.27795555216135,-1.09385861110854,-0.477218829136577,0.176025628569755,1.64262174898983,20.1931753752734,1.06147756499552
"depth_rep[18]",-0.0766748724301281,0.0107583165169156,0.933288165588857,-1.87501351908816,-0.690111651826931,-0.0801254191674683,0.523320963283291,1.79973279137568,7525.63035872582,1.00267850623214
"depth_rep[19]",-0.745652529974398,0.351114128918239,1.06889845041517,-2.69810994967453,-1.48609392412957,-0.789105939780282,-0.0659918231625941,1.50523744067135,9.26779210376451,1.12875122145136
"depth_rep[20]",-0.626453168835046,0.291156125985195,1.01597108318915,-2.54656190696718,-1.32270002802761,-0.662207180853725,0.00068527928133434,1.51078294092509,12.176173558772,1.09718815356328
"depth_rep[21]",-0.293206550021293,0.118849491919225,0.942422524607632,-2.10881926282971,-0.914400342415423,-0.304160183302909,0.301690947317749,1.61228018824457,62.8777012816442,1.02743387172763
"depth_rep[22]",0.4055698426995,0.115467621692668,0.951131864303926,-1.57714905053585,-0.18757290351601,0.429109402158235,1.02797076066301,2.21410285904952,67.8517450390065,1.03033594183684
"depth_rep[23]",0.367517402887728,0.124713175906085,0.967799755290348,-1.59339637868044,-0.255833033196598,0.376943066371823,1.00967878916297,2.21795324619223,60.2207746801162,1.02985068087909
"depth_rep[24]",0.192744342997993,0.02475384339597,0.945626318168615,-1.7194722258936,-0.415409443643456,0.204038602844503,0.81358394897251,2.05092321995596,1459.33105127365,1.01133334601936
"depth_rep[25]",0.451645877495269,0.163822195192988,0.969493922847938,-1.56968208466497,-0.163522140363293,0.477216542473213,1.10131491204871,2.31586172234528,35.0223029117545,1.0401591524824
"depth_rep[26]",-0.0673923956974437,0.0109458617918815,0.922254185141008,-1.90394050417051,-0.669944758903428,-0.0593954026182998,0.533669972393621,1.74359887738899,7099.06820938177,1.00304738494985
"depth_rep[27]",0.281770823952533,0.0953494457854818,0.945254240040989,-1.63095148017611,-0.336982095182145,0.297330226154386,0.903292536427731,2.11374630912706,98.2790437317978,1.02066613980742
"depth_rep[28]",0.454018634639616,0.183154673033685,0.992280011024884,-1.59382083032282,-0.182294983558958,0.482702417273619,1.11810953483405,2.31829363826609,29.3516471568848,1.04761894179208
"depth_rep[29]",0.318822909774694,0.091237083506755,0.956847906449949,-1.63313817938939,-0.295901254314234,0.333196105367517,0.96820220352318,2.15334591574479,109.987424785036,1.02139521249999
"depth_rep[30]",0.0630236228348338,0.0103306079672112,0.920219144172719,-1.7528896418006,-0.544655129592536,0.0604441533158522,0.643275129235129,1.94330830329138,7934.70465628735,1.00026993287291
"depth_rep[31]",0.236170387086343,0.0383691063519955,0.95162101054535,-1.73171637666373,-0.3797644450665,0.257389298135876,0.868821312884703,2.05325592087014,615.126838071138,1.01238208531083
"depth_rep[32]",0.366471325527424,0.0797366376104947,0.959684114810928,-1.60506684207171,-0.248451646452759,0.388570942618621,0.988190594481086,2.25086399521938,144.8574301211,1.01988667180336
"depth_rep[33]",0.397369473013987,0.169747521810473,0.985791531309325,-1.6261743036376,-0.233184244144206,0.431107710735813,1.04287361106853,2.29699147892068,33.7258792378308,1.04096617887982
"depth_rep[34]",0.430856089392795,0.156826202110972,0.982762766950305,-1.55867268893786,-0.199619058973179,0.447670389356001,1.09085546522501,2.2958488689879,39.2699310194102,1.03930027619186
"depth_rep[35]",0.204440129579476,0.0196704290347099,0.930699187306115,-1.66944419199884,-0.409338464250635,0.220150496766112,0.82266366363399,2.03630735040827,2238.67476809827,1.00805129851543
"do_rep[1]",0.0844309333018255,0.0114362432255091,1.03598092057296,-1.94156714142841,-0.603934870884825,0.0878490358486914,0.765426851656751,2.13484037652781,8206.09891690076,1.00332919622317
"do_rep[2]",0.0980588026816731,0.0133062235368353,1.05997896827742,-1.9461426042402,-0.606839538756577,0.0990550189598257,0.803210167331634,2.17510626107051,6345.77787750671,1.0050675644608
"do_rep[3]",0.0826978561620489,0.0121781592646544,1.04258462571929,-1.95446436655779,-0.631946098791506,0.0879761673532514,0.771306308528044,2.14305651922167,7329.24659570084,1.00367683589286
"do_rep[4]",0.0452727564145425,0.0120747901811811,1.03548913854441,-1.99435836977653,-0.637649117890222,0.0459370618218174,0.729678781281129,2.06233879641529,7354.14028137737,1.00115696339341
"do_rep[5]",0.0743758419406927,0.0116005737574362,1.0319432896728,-1.98375658891881,-0.600639345588032,0.0720335434317118,0.761336708708966,2.09963879980491,7913.2105854966,1.00120951668148
"do_rep[6]",0.0438862478662266,0.0118797536635976,1.01535196198651,-1.95775542139547,-0.651699843968816,0.0549601443409191,0.721073959471352,2.04058555427937,7304.96861079898,1.00295509003403
"do_rep[7]",0.0397845813260958,0.0116172109495941,1.0394065978823,-2.03655120270748,-0.631587656971005,0.0546886682778536,0.728466995371648,2.08248633907084,8005.10785295832,1.00170193481844
"do_rep[8]",0.070513327655487,0.0115180736955889,1.020013585912,-1.93558465004324,-0.595253827712701,0.0747466119098245,0.755317382802689,2.0806107637357,7842.45809477036,1.00226357030024
"do_rep[9]",-0.114305025265786,0.0136525174638072,1.04699669098908,-2.16556562673598,-0.80778687645143,-0.12434885003149,0.589766204539713,1.92767782516149,5881.18900611899,1.00662833167744
"do_rep[10]",-0.12424286910288,0.0391658487553581,1.05590509171584,-2.19173173539886,-0.829448703567895,-0.113313536687092,0.583857810341276,1.9200013320664,726.833077189461,1.0128381331848
"do_rep[11]",-0.0255484559478506,0.0118172402488688,1.03095512194233,-2.05616616791784,-0.714790571967666,-0.0230527424153028,0.648322734310484,2.00050296077201,7611.09935514801,1.00101744282825
"do_rep[12]",-0.104810110927639,0.021857250659056,1.05736719784194,-2.17781970569381,-0.805506806462264,-0.104028206584477,0.615182924789537,1.9581450558915,2340.24109411579,1.0097262850522
"do_rep[13]",-0.115284949251389,0.0225895531292648,1.05037617240884,-2.18446977499603,-0.81566233872605,-0.127438125510179,0.561152723165321,1.96106605299581,2162.09336080586,1.00905075349088
"do_rep[14]",-0.136996258408381,0.0948888050243133,1.06891963478097,-2.21757519509805,-0.841836691620834,-0.148768291715761,0.555173310704276,1.98649507986286,126.899571145863,1.01908449243887
"do_rep[15]",-0.0329765204562105,0.0114473084216101,1.03697018584698,-2.08757993812256,-0.709727212130264,-0.043092153659162,0.646894800444637,2.07249601927895,8205.89153230835,1.00197448056666
"do_rep[16]",-0.0890674591567714,0.0152609473500884,1.03896859077406,-2.11252976138355,-0.778744755599378,-0.0894481941501938,0.598517197563616,2.00918691031604,4634.91580003758,1.00732154156081
"do_rep[17]",-0.11084191809743,0.0150420204318837,1.04425364235414,-2.1341890861276,-0.807930639288771,-0.117235157366735,0.600643773114031,1.94211594403681,4819.47408121641,1.00676867539899
"do_rep[18]",-0.0188449022826521,0.0113567148547972,1.03268624184253,-2.06384002216798,-0.709254882177209,-0.0161110702625716,0.652385679090256,2.03375356874081,8268.58773550827,0.999773194473682
"do_rep[19]",-0.172011777509655,0.0979142116432439,1.07289892566625,-2.28699745060935,-0.889856123920573,-0.172219973679345,0.526641924295972,1.98064586391007,120.067690689063,1.0196944635247
"do_rep[20]",-0.142095275483146,0.0610733582975339,1.050911380646,-2.23027998239677,-0.834859801452428,-0.137155684205973,0.529740662010933,1.96417586134211,296.093304668768,1.01533075453252
"do_rep[21]",-0.0673235375305332,0.0131740638540927,1.03968861649851,-2.12937705863338,-0.757740871977276,-0.0634050706235408,0.623249703792608,1.97581027757787,6228.26452657862,1.00349834941055
"do_rep[22]",0.0926585773784408,0.0124240679015618,1.03096826673559,-1.90532702224836,-0.581935702734397,0.0801039240183741,0.766021270317182,2.13668604971387,6885.93570291354,1.00440379853452
"do_rep[23]",0.0815172011962361,0.0179514882867245,1.04491456019517,-2.01876555980468,-0.598387301750211,0.090089878032269,0.768041468986813,2.15401192003733,3388.13449397054,1.00724777566264
"do_rep[24]",0.0377133987695677,0.0117814569499653,1.04405896175328,-2.05137486023154,-0.65089166924183,0.0342466042192757,0.739056576852804,2.0850092180335,7853.29749921257,1.00063145563766
"do_rep[25]",0.101978156188993,0.0119721443909306,1.05648079534245,-2.02266391397263,-0.580411617155031,0.098281614261996,0.777135024847873,2.1907512810639,7787.16400908446,1.0049764663751
"do_rep[26]",-0.0116085069962747,0.0117609068540048,1.04573100561839,-2.08000051313164,-0.700131042758298,-0.0099314531254749,0.677919479295126,2.06833264956943,7906.02801717529,1.00028027956798
"do_rep[27]",0.0391307630137066,0.0119542609414296,1.0569987860431,-2.04470653918853,-0.659507864340334,0.0262606244793155,0.749726929707443,2.10903315206066,7818.14127629407,1.00267078532196
"do_rep[28]",0.105835935085749,0.0143538997762421,1.04917468063854,-1.92992462003274,-0.592073532204072,0.102193742436405,0.811368675152139,2.1925562008651,5342.63842965666,1.00539761658427
"do_rep[29]",0.076879432082315,0.0128650921854405,1.02851697273075,-1.9219235289141,-0.606038622599403,0.0878487845643336,0.76038118092383,2.07517317001727,6391.41651805815,1.00350986889426
"do_rep[30]",0.0182934571877438,0.0116071552928672,1.03462613646252,-1.99474129721414,-0.675155464721495,0.0129041227095855,0.695245021496758,2.0405876349714,7945.39148536981,0.99989415248072
"do_rep[31]",0.0420489368686438,0.0112974475288727,1.0208436273808,-1.95223495264415,-0.640477329741487,0.04780915020592,0.726679423701944,2.06386549651099,8165.02987732852,1.00095269670029
"do_rep[32]",0.0856005031717424,0.0123567127580327,1.03941571528421,-1.96968408629153,-0.59443608462036,0.0941745190749886,0.770151779046216,2.14796638894204,7075.75285130872,1.00292624969699
"do_rep[33]",0.118754004049029,0.0120057764937471,1.05399163415494,-1.98516663874315,-0.572087879330525,0.12393544771003,0.824364561500911,2.15426639573232,7707.15014157593,1.00242783296125
"do_rep[34]",0.0871974601932042,0.0120386555667489,1.04829806677546,-1.99247647103696,-0.598869337237283,0.0827754971871989,0.779839222238845,2.18074778002876,7582.52046927384,1.00308318652331
"do_rep[35]",0.0342949890445491,0.0113952403780182,1.03615531167086,-2.04649365741303,-0.65323910703096,0.029757448772523,0.735206879972286,2.0697545012862,8268.04313268577,1.00177236311417
"thermal_rep[1]",-0.499358713493921,0.00925567135515995,0.830244343016965,-2.15228422564381,-1.04546512512208,-0.502676503298873,0.0566702100581027,1.1136359960727,8046.2958933689,1.00007330817003
"thermal_rep[2]",-0.60644222532867,0.00955440566794181,0.836052232634834,-2.28042345092433,-1.16493541913755,-0.605156653804398,-0.0480750034996407,1.02792242072223,7657.01447487263,0.999875936310746
"thermal_rep[3]",-0.418591686502398,0.00985193650634435,0.828678501030568,-2.02142548959642,-0.979038374877283,-0.423617850282831,0.122841218011325,1.26281507564974,7075.04057901413,1.00211303591802
"thermal_rep[4]",-0.183458809289011,0.00954128091840706,0.824600056794084,-1.82025085614504,-0.724465599336558,-0.179909204975918,0.372011942066727,1.40238023939413,7469.18738977779,1.00016675917329
"thermal_rep[5]",-0.415303392675096,0.00897487744648652,0.823548538182056,-2.01781857253171,-0.964088590079634,-0.422710157040251,0.133609122789705,1.19634680010782,8420.17945392202,1.0007070358747
"thermal_rep[6]",-0.327000777246247,0.00944270726685804,0.831518374327963,-1.97401268971473,-0.86992949270275,-0.318151545504825,0.216769966631064,1.29590577749147,7754.44371668501,0.999804571878311
"thermal_rep[7]",-0.305323207678405,0.00947380301651445,0.821080566636815,-1.94430692318223,-0.853448755296805,-0.311139582438765,0.248932564355598,1.29558097895841,7511.43383046432,1.00075713881145
"thermal_rep[8]",-0.369664715968673,0.0102894560210444,0.839652415133512,-1.98914898535511,-0.932725729851114,-0.371195679463263,0.195972774472424,1.28972250836128,6659.08030810852,1.00428532937371
"thermal_rep[9]",0.668789263755485,0.0128072112123109,0.851561512175167,-1.01715459213672,0.0999567479539298,0.68298281019663,1.24280993390959,2.28282721723456,4421.0243342473,1.00557660397199
"thermal_rep[10]",0.923400745317977,0.00921906033773059,0.84234988803634,-0.76508127819967,0.37067479918325,0.934223810797629,1.47593395602785,2.56428551340018,8348.56302627311,1.0014095028401
"thermal_rep[11]",0.283119888213924,0.00928540449078439,0.83414009265157,-1.42758307647715,-0.264391935047719,0.292306413725582,0.826797937706592,1.92028879044408,8070.05207858633,1.00056902245978
"thermal_rep[12]",0.654212675120044,0.00989015441369902,0.845423527405458,-1.01216512576375,0.106315733163634,0.657606606313544,1.20838536917461,2.3253628170705,7307.05733288183,1.00252778153186
"thermal_rep[13]",0.813296553059456,0.00956997532542532,0.844903112684923,-0.884581459087014,0.25615784775622,0.826179955079383,1.37649536559439,2.47032367542957,7794.57040377057,1.00143317899165
"thermal_rep[14]",1.05723833012199,0.00997955244548624,0.864075146080755,-0.62317401050913,0.48675442750441,1.06458569246308,1.6292650806134,2.74015324342753,7496.88583242717,1.00074150946114
"thermal_rep[15]",0.254147597881147,0.00945834847344354,0.824051050371747,-1.36197587180757,-0.300451692076347,0.236001940613943,0.799640209473395,1.93366641808766,7590.62634173543,0.999863772695768
"thermal_rep[16]",0.716169697504677,0.00972501047462825,0.837661821045253,-0.950443885288883,0.160758906948814,0.707255029934096,1.27486568737577,2.36691109649176,7419.20357291235,1.00042741526172
"thermal_rep[17]",0.719441026058957,0.0106227367136546,0.84577545401985,-0.9685611523895,0.158734074279305,0.716741376549286,1.28359222480761,2.36927478556734,6339.24181869143,1.00294337028776
"thermal_rep[18]",0.170014970253016,0.00924096034238323,0.824564293294994,-1.46529130356368,-0.361821936845571,0.168353846852559,0.702377965013728,1.7909420041901,7961.86547987327,0.999978801164194
"thermal_rep[19]",1.12091690411707,0.0232220072127961,0.886599011423143,-0.602944186948514,0.532514072679994,1.12026430673285,1.70281230476189,2.87356061220091,1457.65576368489,1.00993258224134
"thermal_rep[20]",0.970260343838222,0.00968797217124505,0.847869551859386,-0.704546254308057,0.406458167251526,0.985150265106434,1.53389740779461,2.64086176755689,7659.35702341915,1.00211530790362
"thermal_rep[21]",0.493790981817727,0.00909776156093167,0.822032073102086,-1.1372186313515,-0.0392150587412025,0.478697399086631,1.03210273829235,2.11901201636837,8164.10204661278,1.00001149296996
"thermal_rep[22]",-0.539349995845557,0.00925404028199169,0.835951778271053,-2.20448217679069,-1.08681466231891,-0.52679141825028,0.0128866557837727,1.08993284207571,8160.17891069781,0.999678864511123
"thermal_rep[23]",-0.515737396961393,0.0098555224884472,0.842834491829262,-2.22649097255767,-1.05616434764104,-0.524873790451843,0.0345141189560139,1.17150400133012,7313.50047411544,0.999838514889982
"thermal_rep[24]",-0.289809822443818,0.0103758745746022,0.83229594946805,-1.92983332934079,-0.840268486460871,-0.293527820023109,0.261415056354352,1.34908911457338,6434.37155179227,1.0015414332832
"thermal_rep[25]",-0.568508324960978,0.00920580686740191,0.838887452817356,-2.23324948199252,-1.11285877320571,-0.559301033064656,-0.0233463106500675,1.09590945886606,8303.92998339141,1.00044769753561
"thermal_rep[26]",0.155882377596457,0.00959654077079955,0.831946431206552,-1.4923846112067,-0.388780892536305,0.153242841099537,0.712989122706479,1.78133094322034,7515.55921080971,0.999971919413879
"thermal_rep[27]",-0.382809812127682,0.00947933826648513,0.830428546348297,-1.99384901641862,-0.938731566027741,-0.38251471985262,0.169894086171275,1.27398463105479,7674.47184769105,0.999726468111205
"thermal_rep[28]",-0.609312688760362,0.0111677499551818,0.844834014163329,-2.2458742080754,-1.16792506621681,-0.618534726040473,-0.0645096737489081,1.06006233701153,5722.83755546414,1.0053410441071
"thermal_rep[29]",-0.385394702194788,0.0109016839911427,0.854505265962497,-2.06273148461061,-0.953092748489652,-0.386128049749809,0.183671351133644,1.31371218045315,6143.87412111234,1.00556225851075
"thermal_rep[30]",-0.0208983699251216,0.00950759683562519,0.819096994370405,-1.62797575139482,-0.564697022942629,-0.0220716109035673,0.519112911524771,1.64060718794776,7422.14013349243,1.00073608542948
"thermal_rep[31]",-0.304035536897583,0.00939826353605771,0.83963355029485,-1.94069427023831,-0.8535898777723,-0.315036829784282,0.265954257231091,1.32215569811322,7981.4965463568,1.0004585458594
"thermal_rep[32]",-0.434614264474019,0.00974235159273845,0.835863155083546,-2.056746705261,-0.9834654746888,-0.440911925464727,0.116440716941845,1.22936251508588,7361.10082321475,1.00270307173848
"thermal_rep[33]",-0.547063272089933,0.0102472452753001,0.844129422915145,-2.2019467272803,-1.10149670169976,-0.548945425146651,0.0152247275791771,1.08913315548436,6785.84309618711,1.00291750769344
"thermal_rep[34]",-0.561356091716549,0.0121689498534111,0.846720475061327,-2.20466127380658,-1.12345421611514,-0.563219521715166,0.000556526968584165,1.10187612056416,4841.43294106356,1.00463571813051
"thermal_rep[35]",-0.270370614475601,0.00911999398857604,0.825583326586125,-1.93785560450659,-0.806528399450083,-0.249049050064999,0.270186043213173,1.33224536475879,8194.6936517912,0.999856692424875
"canopy_rep[1]",0.779100766324691,0.00716293535565111,0.419421355290762,-0.16126601269856,0.556037210476338,0.814259527858832,1.0292426459203,1.55590685527299,3428.6173228642,1.00563739586538
"canopy_rep[2]",0.976320118608703,0.0219297848588348,0.459166997641878,-0.0703759452213039,0.719445358617828,1.04654716974971,1.29172105288522,1.71736864113747,438.402063409798,1.0144834566445
"canopy_rep[3]",0.684187333149437,0.0043048047742845,0.412698916161657,-0.146846202844178,0.449397942764095,0.665593447960054,0.917605786935473,1.54593484340833,9190.93585824397,1.00038635628032
"canopy_rep[4]",0.288854521779464,0.00600316302174864,0.423033137304771,-0.679336282929199,0.0590844044782672,0.320854374911096,0.543418170225855,1.08175247020564,4965.79174136949,1.00671545435975
"canopy_rep[5]",0.665680636515431,0.00492763228737343,0.414198631839765,-0.218579437239167,0.445484122955758,0.675136132750095,0.900397005752265,1.47694373737288,7065.46477671225,1.00302123057779
"canopy_rep[6]",0.51723041144301,0.00547457037166824,0.415545647912292,-0.401097185038277,0.2934254315682,0.541797603267328,0.755442753754029,1.32912596345396,5761.52420922196,1.00182381630195
"canopy_rep[7]",0.477365129502609,0.00461315691662494,0.409911046814517,-0.34611166077858,0.246264903461065,0.464616386893985,0.701164325668487,1.35443900551796,7895.55730642241,0.999934298282345
"canopy_rep[8]",0.5699146814073,0.0226270518762445,0.425412425897756,-0.204643899222154,0.315446867235833,0.527830303944839,0.808390461612448,1.53746840719212,353.479634355425,1.01444146284288
"canopy_rep[9]",-1.07349203596497,0.0128052865587838,0.435202685510156,-2.03176823732929,-1.32602672274537,-1.0189984985952,-0.780510727089362,-0.315894700025466,1155.05996160217,1.00999157332054
"canopy_rep[10]",-1.50490165363883,0.015932725713283,0.462984844360917,-2.27918529198358,-1.81265164518843,-1.57775593324805,-1.24816571180079,-0.432042736946581,844.410043436292,1.01234837561628
"canopy_rep[11]",-0.470877989780447,0.00465783608014847,0.418014323248597,-1.34036433161405,-0.706612578283458,-0.4626219900222,-0.240427061165092,0.400920076580374,8054.04264719106,0.99988538140203
"canopy_rep[12]",-1.06024619635821,0.0059763414056313,0.418488012105828,-1.83978115605099,-1.3156941159907,-1.10572115200341,-0.830355887873871,-0.139088361805178,4903.37654652282,1.00193653609618
"canopy_rep[13]",-1.32385437355146,0.00558997761833622,0.424274218965622,-2.12561931603722,-1.56960644812254,-1.36137066106799,-1.1005328603835,-0.400488891030888,5760.67198811057,1.00195140378307
"canopy_rep[14]",-1.71306958306512,0.0204276843986382,0.473834977647088,-2.4898080161525,-2.03654892180578,-1.7851539718725,-1.44223104688542,-0.641698797609244,538.041721749152,1.01680977132361
"canopy_rep[15]",-0.423936062692699,0.00738307927998853,0.433045218217788,-1.338346996723,-0.669650873188317,-0.387868075680272,-0.171928211793294,0.424477742684584,3440.26130702907,1.0003287584533
"canopy_rep[16]",-1.15244078155744,0.00919363488325816,0.442246353558583,-1.91620341986058,-1.41976371353513,-1.20939269649286,-0.925725600664508,-0.122714250303707,2313.95024875532,1.00809745362997
"canopy_rep[17]",-1.14966654783595,0.00455186842562871,0.408996609328438,-1.99752016971248,-1.38932306914071,-1.13314664267471,-0.922724115049647,-0.336359261047452,8073.465898087,0.999877502929429
"canopy_rep[18]",-0.273629083056854,0.00607695122499824,0.423354973873271,-1.18588659400891,-0.522799544324376,-0.239039388785298,-0.0247935806326976,0.53768536929992,4853.30775988551,1.00048266624193
"canopy_rep[19]",-1.79250063057021,0.00472400845830117,0.418525519302527,-2.64135532196791,-2.02822527599548,-1.80275098933467,-1.55752234672116,-0.906284608418074,7849.14866461847,1.00058005015568
"canopy_rep[20]",-1.56815519470746,0.00962796635260938,0.444120594841325,-2.34477988012344,-1.84819450176243,-1.62681104130047,-1.32689380208829,-0.550312794451728,2127.80927656247,1.0060748170612
"canopy_rep[21]",-0.796682284173611,0.00647831179889224,0.434213787957371,-1.58627509753354,-1.05299871436944,-0.841891375142571,-0.569164306755395,0.188521893141774,4492.45283713114,1.00232744638847
"canopy_rep[22]",0.87026821051947,0.0158653927563657,0.435009446143611,-0.12896334222228,0.640102973143709,0.926322810059699,1.13522792520523,1.6476555687202,751.788572244068,1.01312406757813
"canopy_rep[23]",0.848056651284876,0.0306366288627097,0.479967566868414,-0.295576425416227,0.586635290200192,0.929927585967869,1.18049220117507,1.60097093260077,245.438016238806,1.01995226219985
"canopy_rep[24]",0.475987284774688,0.0362017722941864,0.4865600524975,-0.709897219113404,0.226896331267329,0.557872029253856,0.789844927039167,1.25641359891315,180.639712994828,1.02339941396626
"canopy_rep[25]",0.929703536279326,0.00559793373602306,0.415868167699466,0.013514249352561,0.70241893856418,0.95536219458124,1.16963856584677,1.7194728562943,5518.94226941404,1.00358808062359
"canopy_rep[26]",-0.272001425953887,0.00952650875411748,0.439390047659651,-1.05082634817324,-0.556028750143895,-0.331043045076757,-0.0231599427827051,0.707486867858398,2127.32032650035,1.00497859021654
"canopy_rep[27]",0.619463136298819,0.0119288862912703,0.449365928055398,-0.448705738183202,0.392210396110348,0.683503130991779,0.897024567363601,1.39875304277679,1419.05909874184,1.01090600416664
"canopy_rep[28]",0.94125541162181,0.00505900672583531,0.414775202775819,0.143621586238161,0.698591268234087,0.911089618053562,1.16586564525242,1.84949602357029,6721.94655332346,1.00346766453181
"canopy_rep[29]",0.569088815121754,0.045521224737744,0.446805246436047,-0.200526408855045,0.281922577046701,0.503715794079419,0.816739404200561,1.61283986815764,96.3404458297319,1.0240346589668
"canopy_rep[30]",0.0287698432150808,0.00849271152113257,0.427673899021806,-0.79565702839786,-0.226611349134044,-0.00647188053925241,0.277400643165199,0.947276005466367,2535.90364227327,1.00051792269797
"canopy_rep[31]",0.494269397073469,0.00631875226610641,0.43044767386916,-0.479311633267211,0.26967600490018,0.541028890500565,0.746434048111285,1.26314686280169,4640.64207295408,1.00220412153127
"canopy_rep[32]",0.677510730188355,0.00482669131732268,0.415497363318499,-0.161276743314611,0.448924226892405,0.662916525095045,0.903497645197227,1.55817349165204,7410.32906865868,1.00436033023106
"canopy_rep[33]",0.835226369714622,0.00527121128023769,0.416619981365512,-0.00119873264994079,0.59782165688197,0.81517782926285,1.06335881904929,1.73673347180094,6246.8250401066,1.00156919285976
"canopy_rep[34]",0.85412260261406,0.0219629106912897,0.43580595888731,0.0338866828113786,0.595505611048619,0.808669154034049,1.08930476018382,1.84518415092891,393.737280342733,1.01404663481959
"canopy_rep[35]",0.4323328043531,0.00607301299758619,0.431084134954297,-0.518756127605057,0.206380191940091,0.453884415889686,0.681989420991774,1.24983714667224,5038.66701660135,1.00321501988058
"q_rep[1]",0.223543819104895,0.0115685710402087,1.04943587366919,-1.85524059906185,-0.468869970223746,0.212977205376294,0.9142227334637,2.30482424385379,8229.10068770974,1.00013836870712
"q_rep[2]",0.265550099523172,0.0112827489580558,1.04127199076454,-1.81643234398776,-0.432341965697888,0.268454856306342,0.957172180694786,2.28891597209357,8517.23289091768,0.999689693662083
"q_rep[3]",0.204423932623783,0.0120308077706641,1.03896099066439,-1.84582835307097,-0.486113104081719,0.208270856792786,0.878156219731398,2.25237018973346,7457.76866923973,1.00030270790024
"q_rep[4]",0.095604784063819,0.0115974027637992,1.03620722525147,-1.95655472851845,-0.585345878808359,0.0968125513002766,0.777561616794177,2.11587809491459,7983.10336451749,0.999901519618627
"q_rep[5]",0.195916616850389,0.0116653527115537,1.03746640823644,-1.85737523799409,-0.46814780970576,0.195770112697101,0.891645176707888,2.19572783671096,7909.56024536035,1.00008748536033
"q_rep[6]",0.123384292236334,0.0114484850208304,1.04480276776138,-1.97975888928558,-0.562387655903062,0.135648841043795,0.814615471777296,2.13307721024333,8328.61119433956,1.00001318040744
"q_rep[7]",0.144229111951013,0.0119120619670193,1.04769552871638,-1.91635511650721,-0.562390780428117,0.158964421250628,0.845339231471437,2.205971746526,7735.6407583203,1.00053004630536
"q_rep[8]",0.188657090136778,0.0118618548512761,1.04039305939926,-1.86694767517848,-0.493656411648736,0.192202302089723,0.862908534416403,2.26497336614268,7692.89281938541,1.00211811800788
"q_rep[9]",-0.312548914506256,0.0122716209635315,1.05680654511936,-2.41040405544059,-1.00857330113893,-0.29492835301545,0.375957139174528,1.74954671314987,7416.29716565569,1.00225838433941
"q_rep[10]",-0.416388072444564,0.0122814688132044,1.0762452553309,-2.51051405863267,-1.13312995892397,-0.410398460032339,0.288160591111331,1.75369372475531,7679.30435222132,1.00075395852624
"q_rep[11]",-0.152746842168301,0.0119113193514246,1.03691800030013,-2.22404916884135,-0.825973267556059,-0.152502658569514,0.535411542666128,1.86499428082482,7578.25282661724,0.999684904412316
"q_rep[12]",-0.306752740362485,0.0116535315480665,1.04831967451794,-2.4011736595938,-0.990256468502316,-0.303184454716834,0.392386713887476,1.72447220963722,8092.30719292747,0.999980442731619
"q_rep[13]",-0.365634191699002,0.0125680817863565,1.06847732710395,-2.46165412553512,-1.07859234651736,-0.362244781110522,0.34212988294773,1.74342675047112,7227.57530775837,1.00104703463431
"q_rep[14]",-0.478444107114366,0.0119892199735126,1.07825345388229,-2.597696679723,-1.20198050856482,-0.469252779121871,0.248541646664413,1.65330799367618,8088.34856634207,1.000033665632
"q_rep[15]",-0.11932502693392,0.0118502460829496,1.05582676996004,-2.19034735758426,-0.833943008430747,-0.109246040300746,0.595372075047569,1.93401339602612,7938.35653026557,0.999854383655321
"q_rep[16]",-0.323276941421865,0.0121426735470929,1.059903101388,-2.44571099312582,-1.02523020296029,-0.315725082086009,0.386808103554239,1.73290264591015,7619.10023982999,1.00037795113988
"q_rep[17]",-0.329445908273048,0.0121202200354334,1.06508611003599,-2.41951936782963,-1.03991949689039,-0.327165074905158,0.362218210250091,1.83455712841734,7722.33136958415,0.99996589827399
"q_rep[18]",-0.081605772883231,0.0118374979443682,1.03455071703762,-2.13097476358326,-0.775146022381257,-0.0749797256086605,0.591277557249798,1.97449188809602,7638.07184162119,1.00003613259117
"q_rep[19]",-0.526138346631011,0.0132834380845139,1.11587862155856,-2.73823887915698,-1.25534153878861,-0.530611330940031,0.213675880093792,1.63940889398555,7056.88309518321,1.00081928323843
"q_rep[20]",-0.473817829560499,0.0122571250040411,1.0716145526462,-2.62130776176913,-1.18478430003754,-0.468040499945745,0.22203607465983,1.66904636141794,7643.6356085701,1.00006978093595
"q_rep[21]",-0.223478223015109,0.0115866375647391,1.04623629274784,-2.32085922653072,-0.889029288098987,-0.232025673086514,0.479111810280349,1.79295606711764,8153.51205738549,1.00027431570226
"q_rep[22]",0.259384628773668,0.0117145273834602,1.04123712525909,-1.80041812373408,-0.430209570180006,0.265085289865372,0.934104032480715,2.30698951688231,7900.41209352423,1.00008497121129
"q_rep[23]",0.254249499388297,0.0113725797050983,1.04275825212809,-1.82277161482612,-0.436423190552258,0.247011271498393,0.954178617761199,2.26621016550421,8407.15960456418,0.999944048305378
"q_rep[24]",0.127524062888836,0.011527397407,1.03132479660004,-1.90141150101296,-0.555987770274068,0.133076844190782,0.797700997339726,2.16873097751224,8004.39271776803,1.00037718279941
"q_rep[25]",0.277778860650589,0.0113077377464408,1.02992603878522,-1.75779703843019,-0.400123022401378,0.274366692355673,0.956915378203659,2.29432172366164,8295.84484939774,0.999787853268162
"q_rep[26]",-0.0691733554626938,0.0114838876720011,1.04562657874669,-2.13800549598064,-0.757133296677292,-0.0896723357258089,0.631270197003871,1.97804024763978,8290.39754130168,1.00020272384242
"q_rep[27]",0.178461033942229,0.0116540570940872,1.03949138393849,-1.87442820489816,-0.514839531468361,0.183146555750171,0.878219890896811,2.17637021180058,7955.86683057142,1.00009856339597
"q_rep[28]",0.295665648859512,0.0122116242957918,1.05946793212876,-1.78743959614889,-0.426065655331695,0.307763580186116,0.989087892937938,2.41018896580382,7527.11867935748,1.00050660605836
"q_rep[29]",0.182289641360255,0.0120806701987214,1.04600928036694,-1.88435577829783,-0.509619886018773,0.184402783515596,0.885382598766549,2.24719984519354,7497.02603087969,1.0000656619161
"q_rep[30]",0.0211479101058807,0.0127756559213521,1.04539017409749,-2.02494279194232,-0.677688235393494,0.0153156164215277,0.722647059633837,2.09686883812997,6695.6140812876,1.00111772792166
"q_rep[31]",0.141105394948092,0.0110860733620083,1.03415639954706,-1.87502010378171,-0.542190899659651,0.141193978949302,0.837532869988266,2.16589524499846,8701.95736540646,1.00013572306879
"q_rep[32]",0.210055224053978,0.0118603470009818,1.03938831466704,-1.86067992962909,-0.471887466461136,0.232942206584362,0.894717918486583,2.22957514515938,7679.99379183987,1.0006560317458
"q_rep[33]",0.266661885714236,0.0125396512784411,1.05458097418327,-1.7803120753542,-0.423402895528857,0.266577419660034,0.956664362835847,2.32310456301309,7072.76039266953,1.00044693997681
"q_rep[34]",0.290794944064111,0.0132083795391107,1.03441379615762,-1.7805763769919,-0.391364474890574,0.304627188274683,0.97681315142986,2.31528316326152,6133.2339189941,1.00225084042286
"q_rep[35]",0.10615003681417,0.0118884250710096,1.04899526138884,-1.95813095749584,-0.589852299012491,0.105393423796085,0.800008355923554,2.15888927899273,7785.71322182864,0.999607328706734
"trout_rep[1]",0.70625,0.00516178659535324,0.455507270369194,0,0,1,1,1,7787.36508027517,1.00022784897979
"trout_rep[2]",0.737874999999999,0.00515667230583403,0.439817762639288,0,0,1,1,1,7274.55550807583,1.00154218804776
"trout_rep[3]",0.690999999999999,0.00525234390269371,0.462110044482534,0,0,1,1,1,7740.77614915367,0.999874536953511
"trout_rep[4]",0.59275,0.0055989418034413,0.491352842621298,0,0,1,1,1,7701.495022895,0.999902146856428
"trout_rep[5]",0.686875,0.00516229643666361,0.463793728345676,0,0,1,1,1,8071.6786606144,1.00000835637471
"trout_rep[6]",0.647625,0.00551797695370599,0.477739875663116,0,0,1,1,1,7495.89025954652,0.999834091473833
"trout_rep[7]",0.640125,0.0055037880137397,0.47999352453753,0,0,1,1,1,7605.84307578673,0.999742570854785
"trout_rep[8]",0.669125,0.00519514891700999,0.470557554850165,0,0,1,1,1,8204.07267711409,1.00093123848719
"trout_rep[9]",0.275875000000001,0.00545051184202114,0.446982056121713,0,0,0,1,1,6725.20617062245,1.00153526946128
"trout_rep[10]",0.212250000000001,0.00473994063752267,0.408926448282568,0,0,0,0,1,7442.94133066198,1.00036568160533
"trout_rep[11]",0.401875,0.00563001727981657,0.490307591789941,0,0,0,1,1,7584.3397579583,1.00005057727887
"trout_rep[12]",0.2735,0.00493561525852251,0.445783120276846,0,0,0,1,1,8157.6420159395,1.00020977033989
"trout_rep[13]",0.229,0.00481103527274791,0.420215507369842,0,0,0,0,1,7628.99040337223,1.00028833899972
"trout_rep[14]",0.171499999999999,0.00423883176947874,0.376968849096485,0,0,0,0,1,7908.94519350662,1.00018077983057
"trout_rep[15]",0.408125000000001,0.00545131989194546,0.491517225560673,0,0,0,1,1,8129.69306998469,1.00016271547151
"trout_rep[16]",0.256,0.00491222735859909,0.436449093224364,0,0,0,1,1,7894.23902317264,0.99977059848287
"trout_rep[17]",0.259375,0.00506408935633171,0.438319090193519,0,0,0,1,1,7491.659866237,1.00015297006781
"trout_rep[18]",0.443625,0.00564455505917628,0.496842747722537,0,0,0,1,1,7747.80144671888,0.999954796092869
"trout_rep[19]",0.16,0.00425266535673824,0.366628970623271,0,0,0,0,1,7432.43535060764,1.00016548700432
"trout_rep[20]",0.192375000000001,0.00444519569050777,0.394190667901095,0,0,0,0,1,7863.77190254226,0.999895192692779
"trout_rep[21]",0.330124999999999,0.00518996697296349,0.47028728522184,0,0,0,1,1,8211.02333079535,1.00045625029407
"trout_rep[22]",0.7275,0.00488010455897708,0.445273549143298,0,0,1,1,1,8325.21657604777,1.0002164483086
"trout_rep[23]",0.717875,0.00503745380798576,0.45006200000722,0,0,1,1,1,7982.19876486234,1.00077687529832
"trout_rep[24]",0.62325,0.00543728532424557,0.484601684220167,0,0,1,1,1,7943.38461744487,1.00092153308858
"trout_rep[25]",0.736625,0.00508758634195124,0.440491615678342,0,0,1,1,1,7496.38196950604,1.00010599642182
"trout_rep[26]",0.465875000000001,0.00579917984218453,0.498865305166695,0,0,0,1,1,7400.02943960548,1.00058553613684
"trout_rep[27]",0.660999999999999,0.00530073353300483,0.473399422661972,0,0,1,1,1,7975.96982312849,1.0000993027506
"trout_rep[28]",0.7335,0.00524170686500855,0.442156293377666,0,0,1,1,1,7115.51210418976,1.00089379862861
"trout_rep[29]",0.667875,0.00566505069246615,0.471005005376169,0,0,1,1,1,6912.63210424087,1.00167664751485
"trout_rep[30]",0.529374999999999,0.00595646888048669,0.499167562454633,0,0,1,1,1,7022.87530109167,1.00020654820879
"trout_rep[31]",0.641125,0.00538780596016656,0.479700425721438,0,0,1,1,1,7927.13610769306,0.999855276936828
"trout_rep[32]",0.686875,0.00517122061795204,0.463793728345676,0,0,1,1,1,8043.84346510761,1.00051253497545
"trout_rep[33]",0.715875000000001,0.00504558333038323,0.451024846656511,0,0,1,1,1,7990.57751251292,1.00028790175809
"trout_rep[34]",0.721875,0.00522295558552294,0.448103318385376,0,0,1,1,1,7360.77689747603,1.00047712523933
"trout_rep[35]",0.62825,0.00537335300627491,0.48330232271517,0,0,1,1,1,8089.97201093263,1.00001788443747
"log_lik[1]",-4.94138011708291,0.026475605636702,0.772848335137395,-6.61730866055253,-5.34011490326212,-4.89707956814489,-4.48818195354445,-3.46690339700591,852.112123715931,1.00295384183324
"log_lik[2]",-7.04257919606887,0.0952775715635532,1.04360691138067,-9.22081546055117,-7.67603716159193,-7.01323121236824,-6.38438242206624,-4.98649332686577,119.975490614372,1.02950287718116
"log_lik[3]",-4.96879462508859,0.0251720778631437,0.728803194914418,-6.59660758188285,-5.33794239765044,-4.91529350452701,-4.52280255426848,-3.65371340277799,838.267063859223,1.00792934640699
"log_lik[4]",-5.90046179058563,0.122207095005624,0.834670638807199,-7.76386335429693,-6.31832253979937,-5.8441996748845,-5.43236490759824,-4.30278285823292,46.6484730019609,1.04074525526057
"log_lik[5]",-5.36762071843851,0.117988298092058,0.837372601938187,-7.16984771595332,-5.82431359757835,-5.33308569518194,-4.86579407961525,-3.72141949828406,50.3685699478986,1.0473396780814
"log_lik[6]",-5.63117764428984,0.0344906421741628,0.819211128933134,-7.39748422183883,-6.09027656395423,-5.60053516815335,-5.15220789512757,-4.0251243045678,564.14289921058,1.01619274437361
"log_lik[7]",-7.96413570256579,0.166144817394431,0.974520398949574,-10.0340749415975,-8.52771711827785,-7.90963243260919,-7.33968405411345,-6.13742987093083,34.4039470958905,1.04701994869906
"log_lik[8]",-8.38649652672233,0.0220774548238577,1.07117798844468,-10.7000882673902,-9.03578274638742,-8.29853850887555,-7.65503737969269,-6.4993741631216,2354.10196641347,0.999804839719441
"log_lik[9]",-7.24022973613109,0.22710666624264,1.04070860538032,-9.43961904989819,-7.84781737841491,-7.18534397035504,-6.56124283517066,-5.30260862735693,20.9989958094419,1.0680997458742
"log_lik[10]",-6.6663096639282,0.056495642478412,1.10407865122938,-9.03454758361635,-7.30544861433371,-6.60302172210532,-5.94592057981162,-4.626780218873,381.917994281739,1.01911598202447
"log_lik[11]",-5.83985070739822,0.0325587534478987,0.926158392486818,-8.05055624690177,-6.2758996029831,-5.7447456021889,-5.27200050220315,-4.19412875266384,809.161097741993,1.00618623963102
"log_lik[12]",-5.04709930222507,0.0552522299594042,0.881412594964282,-7.07516917736731,-5.50190435035807,-4.96899168043903,-4.48781924604797,-3.5428723909436,254.483062670749,1.02715560571101
"log_lik[13]",-5.02752740018396,0.0369543601950902,0.831799746075171,-6.91667620529607,-5.47039423897583,-4.95645185810712,-4.48351301717012,-3.56129134950431,506.647835681112,1.02193454698108
"log_lik[14]",-5.37018312735175,0.0363954332537566,1.16141537360678,-8.12299055397015,-5.97509047907785,-5.23181847827394,-4.60300070786752,-3.46656727913572,1018.31315384218,1.00142388489072
"log_lik[15]",-8.18473536868359,0.0437787559354076,1.3966938482275,-11.5761981038845,-8.88901483745627,-7.97254987773016,-7.24764246189825,-5.95781324181316,1017.83084653528,1.00192156947605
"log_lik[16]",-9.67197065599619,0.0348388807729304,1.34111218887939,-12.4397218107041,-10.5118447069626,-9.6226959958035,-8.7560563434254,-7.19798938368892,1481.84176276889,1.00112678930844
"log_lik[17]",-5.41974294063655,0.0245986369234521,0.805421430355921,-7.2843413817261,-5.84928041465672,-5.33872432625301,-4.89329513573358,-4.07782245022583,1072.07279941732,1.0112543891547
"log_lik[18]",-6.98007819107227,0.0378238294839303,1.15781734281084,-9.65834290012896,-7.56259185778037,-6.83492660499656,-6.23006478392914,-5.03025941215364,937.020531567509,1.00668842715222
"log_lik[19]",-9.92634534911068,0.462672916143618,1.92808116407794,-14.1200897600046,-11.1384811997039,-9.77078137550369,-8.56348484898747,-6.62311830946095,17.366106842683,1.07113950648542
"log_lik[20]",-9.40887790208238,0.0373102293333418,1.40193811615113,-12.4468262246613,-10.2649219211853,-9.3220084952704,-8.4262158808404,-6.98599047071564,1411.89321162058,1.00411684297907
"log_lik[21]",-7.45650731264294,0.0336836281098154,0.978316683029218,-9.47111902395677,-8.04322717248835,-7.42333648767135,-6.81542412633626,-5.61708475799458,843.570126204512,1.0057505797361
"log_lik[22]",-5.50900363601104,0.248337746885718,0.919616212035074,-7.38905271430579,-6.05011447555013,-5.49419827779396,-4.94285927596899,-3.70137439213118,13.71285123997,1.09772122895628
"log_lik[23]",-8.52131603353532,0.0229358825577747,0.994433634567388,-10.5983697434116,-9.10914063350046,-8.47324655299229,-7.87951928669309,-6.64620521777899,1879.83918249704,1.00202776271071
"log_lik[24]",-8.97507563736155,0.0309692406273315,1.09248393080086,-11.3786754956382,-9.60568406777683,-8.91167427558052,-8.2880858667206,-6.94610984241525,1244.42578831045,1.01080595448051
"log_lik[25]",-5.01821928260387,0.0258404533623364,0.796323620631816,-6.82065155867165,-5.44172325082415,-4.95782739174663,-4.52942550917722,-3.57099049442603,949.683599653632,1.00366690944838
"log_lik[26]",-9.89628373406884,0.0765983809855249,1.54167582106159,-13.4471311152448,-10.7884161179685,-9.75982116791945,-8.84404640563981,-7.24855989750077,405.085727426644,1.01862095376049
"log_lik[27]",-6.49096698845354,0.0251753605386959,0.857309870877968,-8.37665812053158,-6.95832046233311,-6.44611646860355,-5.96365822762591,-4.83173335262189,1159.64283921518,1.00144187910847
"log_lik[28]",-6.8506107972147,0.293078055697406,1.04400913558784,-9.11737935877524,-7.4602229769662,-6.77963219847519,-6.16030777308308,-5.01649069757463,12.6894264977531,1.0971383368817
"log_lik[29]",-9.94157912267003,0.0244517085905264,1.19921478391923,-12.389804008877,-10.6839271289606,-9.89867971440692,-9.14642052303735,-7.70335159529198,2405.33474692043,1.00346006328095
"log_lik[30]",-6.38474906206071,0.0408822665715866,1.25869441926825,-9.51724328090225,-6.97350880324858,-6.16022202299251,-5.56707097132637,-4.39532740050271,947.917807345706,1.00244122908341
"log_lik[31]",-6.04122976388644,0.0293481815492934,0.86893053214997,-7.91691228738908,-6.51960460415306,-5.9980862423591,-5.50353871826623,-4.40336553495449,876.612625180602,1.00414420529263
"log_lik[32]",-6.55091165735472,0.133354271185652,0.905062320060341,-8.63125781375231,-7.02930748390573,-6.44268264108277,-5.95427263646092,-5.03797677668393,46.0620336928489,1.0406186452038
"log_lik[33]",-8.09050925883723,0.033910376932909,1.13982506980358,-10.6741020851883,-8.72549836584387,-7.95962171623493,-7.32822102065264,-6.21519128995961,1129.82498663097,1.00967433314606
"log_lik[34]",-8.67093912098585,0.337700458573122,1.34836619243521,-11.5498553839147,-9.47522327545704,-8.62480363305387,-7.8283874378638,-6.09208686352673,15.9423525569455,1.08295836639158
"log_lik[35]",-7.29168743815853,0.0269301693884026,1.02647170482956,-9.62480366861393,-7.83781337487162,-7.20069649555785,-6.63126840334019,-5.52391407669364,1452.83332963161,1.00196353773257
"lp__",-94.5792270714625,0.985266898334335,15.3225720192157,-123.140824869253,-103.427028076054,-95.5313021188828,-87.2583530548787,-57.7180836018434,241.855271756832,1.03214603370952
